#pragma once

// A shader container, generated by tools/gen_shaders.py from
// modules/particles_gpu/shaders/particle.*: edit the sources and run the script,
// not this file.

#include <array>
#include <cstdint>

alignas(8) inline constexpr std::array<std::uint8_t, 56768> kParticleContainer = {
    0x4D, 0x52, 0x53, 0x43, 0x01, 0x00, 0x00, 0x00, 0xC0, 0xDD, 0x00, 0x00, 0x00, 0x00, 0x00, 0x00, 0x6A, 0xBC, 0x4A,
    0x3D, 0x24, 0x06, 0x0B, 0xE3, 0xE1, 0xEB, 0x0D, 0x6A, 0xDD, 0x26, 0xC6, 0x36, 0x34, 0xBB, 0xDA, 0x2E, 0x12, 0x4B,
    0xA5, 0x33, 0xEB, 0x38, 0x73, 0xDB, 0xE6, 0xBA, 0x6D, 0xCD, 0x0E, 0x00, 0x00, 0x00, 0x00, 0x00, 0x00, 0x00, 0x00,
    0x00, 0x00, 0x00, 0x00, 0x00, 0x00, 0x00, 0x01, 0x00, 0x00, 0x00, 0x00, 0x00, 0x00, 0x00, 0x90, 0x01, 0x00, 0x00,
    0x00, 0x00, 0x00, 0x00, 0x10, 0x00, 0x00, 0x00, 0x00, 0x00, 0x00, 0x00, 0x02, 0x00, 0x00, 0x00, 0x00, 0x00, 0x00,
    0x00, 0xA0, 0x01, 0x00, 0x00, 0x00, 0x00, 0x00, 0x00, 0x0A, 0x00, 0x00, 0x00, 0x00, 0x00, 0x00, 0x00, 0x03, 0x00,
    0x00, 0x00, 0x00, 0x00, 0x00, 0x00, 0xB0, 0x01, 0x00, 0x00, 0x00, 0x00, 0x00, 0x00, 0x90, 0x00, 0x00, 0x00, 0x00,
    0x00, 0x00, 0x00, 0x04, 0x00, 0x00, 0x00, 0x00, 0x00, 0x00, 0x00, 0x40, 0x02, 0x00, 0x00, 0x00, 0x00, 0x00, 0x00,
    0xF0, 0x00, 0x00, 0x00, 0x00, 0x00, 0x00, 0x00, 0x05, 0x00, 0x00, 0x00, 0x00, 0x00, 0x00, 0x00, 0x30, 0x03, 0x00,
    0x00, 0x00, 0x00, 0x00, 0x00, 0x00, 0x00, 0x00, 0x00, 0x00, 0x00, 0x00, 0x00, 0x06, 0x00, 0x00, 0x00, 0x00, 0x00,
    0x00, 0x00, 0x30, 0x03, 0x00, 0x00, 0x00, 0x00, 0x00, 0x00, 0x08, 0x00, 0x00, 0x00, 0x00, 0x00, 0x00, 0x00, 0x07,
    0x00, 0x00, 0x00, 0x00, 0x00, 0x00, 0x00, 0x38, 0x03, 0x00, 0x00, 0x00, 0x00, 0x00, 0x00, 0x00, 0x00, 0x00, 0x00,
    0x00, 0x00, 0x00, 0x00, 0x08, 0x00, 0x00, 0x00, 0x00, 0x00, 0x00, 0x00, 0x38, 0x03, 0x00, 0x00, 0x00, 0x00, 0x00,
    0x00, 0x1C, 0x4E, 0x00, 0x00, 0x00, 0x00, 0x00, 0x00, 0x09, 0x00, 0x00, 0x00, 0x00, 0x00, 0x00, 0x00, 0x58, 0x51,
    0x00, 0x00, 0x00, 0x00, 0x00, 0x00, 0x01, 0x1D, 0x00, 0x00, 0x00, 0x00, 0x00, 0x00, 0x0A, 0x00, 0x00, 0x00, 0x00,
    0x00, 0x00, 0x00, 0x60, 0x6E, 0x00, 0x00, 0x00, 0x00, 0x00, 0x00, 0x60, 0x00, 0x00, 0x00, 0x00, 0x00, 0x00, 0x00,
    0x0B, 0x00, 0x00, 0x00, 0x00, 0x00, 0x00, 0x00, 0xC0, 0x6E, 0x00, 0x00, 0x00, 0x00, 0x00, 0x00, 0x42, 0x00, 0x00,
    0x00, 0x00, 0x00, 0x00, 0x00, 0x0C, 0x00, 0x00, 0x00, 0x00, 0x00, 0x00, 0x00, 0x08, 0x6F, 0x00, 0x00, 0x00, 0x00,
    0x00, 0x00, 0x73, 0x37, 0x00, 0x00, 0x00, 0x00, 0x00, 0x00, 0x0E, 0x00, 0x00, 0x00, 0x00, 0x00, 0x00, 0x00, 0x80,
    0xA6, 0x00, 0x00, 0x00, 0x00, 0x00, 0x00, 0xA0, 0x00, 0x00, 0x00, 0x00, 0x00, 0x00, 0x00, 0x0F, 0x00, 0x00, 0x00,
    0x00, 0x00, 0x00, 0x00, 0x20, 0xA7, 0x00, 0x00, 0x00, 0x00, 0x00, 0x00, 0xA0, 0x36, 0x00, 0x00, 0x00, 0x00, 0x00,
    0x00, 0x00, 0x00, 0x00, 0x00, 0x00, 0x00, 0x00, 0x00, 0x00, 0x00, 0x00, 0x00, 0x00, 0x00, 0x00, 0x00, 0x76, 0x73,
    0x72, 0x69, 0x62, 0x62, 0x6F, 0x6E, 0x66, 0x73, 0x00, 0x00, 0x00, 0x00, 0x00, 0x00, 0x01, 0x00, 0x00, 0x00, 0x00,
    0x00, 0x00, 0x00, 0x02, 0x00, 0x00, 0x00, 0x00, 0x00, 0x00, 0x00, 0x00, 0x00, 0x00, 0x00, 0x00, 0x00, 0x00, 0x00,
    0x00, 0x00, 0x00, 0x00, 0x00, 0x00, 0x00, 0x00, 0x00, 0x00, 0x04, 0x00, 0x00, 0x00, 0x00, 0x00, 0x00, 0x00, 0x00,
    0x00, 0x00, 0x00, 0x00, 0x00, 0x01, 0x00, 0x00, 0x00, 0x02, 0x00, 0x00, 0x00, 0x06, 0x00, 0x00, 0x00, 0x00, 0x00,
    0x00, 0x00, 0x00, 0x00, 0x00, 0x00, 0x00, 0x00, 0x00, 0x00, 0x00, 0x00, 0x00, 0x00, 0x00, 0x00, 0x00, 0x00, 0x04,
    0x00, 0x04, 0x00, 0x00, 0x00, 0x00, 0x00, 0x00, 0x00, 0x00, 0x00, 0x00, 0x00, 0x00, 0x00, 0x02, 0x00, 0x00, 0x00,
    0x08, 0x00, 0x00, 0x00, 0x02, 0x00, 0x00, 0x00, 0x00, 0x00, 0x00, 0x00, 0x00, 0x00, 0x00, 0x00, 0x00, 0x00, 0x00,
    0x00, 0x00, 0x00, 0x00, 0x00, 0x00, 0x00, 0x01, 0x00, 0x08, 0x00, 0x04, 0x00, 0x00, 0x00, 0x00, 0x00, 0x00, 0x00,
    0x00, 0x00, 0x00, 0x00, 0x00, 0x00, 0x00, 0x01, 0x00, 0x00, 0x03, 0x00, 0x00, 0x00, 0x00, 0x00, 0x00, 0x00, 0x00,
    0x00, 0x00, 0x00, 0x70, 0x00, 0x00, 0x00, 0x00, 0x00, 0x00, 0x00, 0x00, 0x01, 0x01, 0x00, 0x01, 0x00, 0x00, 0x00,
    0x00, 0x00, 0x00, 0x00, 0x00, 0x00, 0x00, 0x00, 0xB0, 0x00, 0x00, 0x00, 0x00, 0x00, 0x00, 0x00, 0x00, 0x03, 0x02,
    0x00, 0x01, 0x00, 0x00, 0x00, 0x00, 0x00, 0x00, 0x00, 0x00, 0x00, 0x00, 0x00, 0x30, 0x00, 0x00, 0x00, 0x00, 0x00,
    0x00, 0x00, 0x00, 0x03, 0x03, 0x00, 0x02, 0x00, 0x00, 0x00, 0x00, 0x00, 0x00, 0x00, 0x00, 0x00, 0x00, 0x00, 0x10,
    0x00, 0x00, 0x00, 0x00, 0x00, 0x00, 0x00, 0x00, 0x01, 0x04, 0x00, 0x02, 0x00, 0x00, 0x00, 0x00, 0x00, 0x00, 0x00,
    0x00, 0x00, 0x00, 0x00, 0x70, 0x00, 0x00, 0x00, 0x00, 0x00, 0x00, 0x00, 0x00, 0x05, 0x05, 0x00, 0x02, 0x00, 0x00,
    0x00, 0x00, 0x03, 0x00, 0x00, 0x00, 0x00, 0x00, 0x00, 0x00, 0x00, 0x00, 0x00, 0x00, 0x00, 0x00, 0x00, 0x00, 0x05,
    0x06, 0x00, 0x02, 0x00, 0x00, 0x00, 0x00, 0x01, 0x00, 0x00, 0x00, 0x00, 0x00, 0x00, 0x00, 0x00, 0x00, 0x00, 0x00,
    0x00, 0x00, 0x00, 0x00, 0x04, 0x07, 0x00, 0x02, 0x00, 0x00, 0x00, 0x01, 0x00, 0x00, 0x00, 0x00, 0x00, 0x00, 0x00,
    0x00, 0x00, 0x00, 0x00, 0x00, 0x00, 0x00, 0x00, 0x00, 0x05, 0x08, 0x00, 0x02, 0x00, 0x00, 0x00, 0x00, 0x01, 0x00,
    0x00, 0x00, 0x00, 0x00, 0x00, 0x00, 0x00, 0x00, 0x00, 0x00, 0x00, 0x00, 0x00, 0x00, 0x04, 0x09, 0x00, 0x02, 0x00,
    0x00, 0x00, 0x01, 0x00, 0x00, 0x00, 0x00, 0x00, 0x00, 0x00, 0x00, 0x00, 0x00, 0x00, 0x00, 0x00, 0x00, 0x00, 0x00,
    0x00, 0x00, 0x00, 0x01, 0x04, 0x00, 0x00, 0x03, 0x02, 0x23, 0x07, 0x00, 0x06, 0x01, 0x00, 0x00, 0x00, 0x11, 0x00,
    0x03, 0x03, 0x00, 0x00, 0x00, 0x00, 0x00, 0x00, 0x11, 0x00, 0x02, 0x00, 0x01, 0x00, 0x00, 0x00, 0x11, 0x00, 0x02,
    0x00, 0x32, 0x00, 0x00, 0x00, 0x0B, 0x00, 0x06, 0x00, 0x01, 0x00, 0x00, 0x00, 0x47, 0x4C, 0x53, 0x4C, 0x2E, 0x73,
    0x74, 0x64, 0x2E, 0x34, 0x35, 0x30, 0x00, 0x00, 0x00, 0x00, 0x0E, 0x00, 0x03, 0x00, 0x00, 0x00, 0x00, 0x00, 0x01,
    0x00, 0x00, 0x00, 0x0F, 0x00, 0x0E, 0x00, 0x00, 0x00, 0x00, 0x00, 0x02, 0x00, 0x00, 0x00, 0x76, 0x73, 0x00, 0x00,
    0x03, 0x00, 0x00, 0x00, 0x04, 0x00, 0x00, 0x00, 0x05, 0x00, 0x00, 0x00, 0x06, 0x00, 0x00, 0x00, 0x07, 0x00, 0x00,
    0x00, 0x08, 0x00, 0x00, 0x00, 0x09, 0x00, 0x00, 0x00, 0x0A, 0x00, 0x00, 0x00, 0x0B, 0x00, 0x00, 0x00, 0x0C, 0x00,
    0x00, 0x00, 0x0F, 0x00, 0x0E, 0x00, 0x00, 0x00, 0x00, 0x00, 0x0D, 0x00, 0x00, 0x00, 0x72, 0x69, 0x62, 0x62, 0x6F,
    0x6E, 0x00, 0x00, 0x0E, 0x00, 0x00, 0x00, 0x0F, 0x00, 0x00, 0x00, 0x10, 0x00, 0x00, 0x00, 0x11, 0x00, 0x00, 0x00,
    0x12, 0x00, 0x00, 0x00, 0x13, 0x00, 0x00, 0x00, 0x14, 0x00, 0x00, 0x00, 0x15, 0x00, 0x00, 0x00, 0x16, 0x00, 0x00,
    0x00, 0x0F, 0x00, 0x12, 0x00, 0x04, 0x00, 0x00, 0x00, 0x17, 0x00, 0x00, 0x00, 0x66, 0x73, 0x00, 0x00, 0x18, 0x00,
    0x00, 0x00, 0x19, 0x00, 0x00, 0x00, 0x1A, 0x00, 0x00, 0x00, 0x1B, 0x00, 0x00, 0x00, 0x1C, 0x00, 0x00, 0x00, 0x1D,
    0x00, 0x00, 0x00, 0x1E, 0x00, 0x00, 0x00, 0x1F, 0x00, 0x00, 0x00, 0x20, 0x00, 0x00, 0x00, 0x21, 0x00, 0x00, 0x00,
    0x22, 0x00, 0x00, 0x00, 0x23, 0x00, 0x00, 0x00, 0x24, 0x00, 0x00, 0x00, 0x25, 0x00, 0x00, 0x00, 0x10, 0x00, 0x03,
    0x00, 0x17, 0x00, 0x00, 0x00, 0x07, 0x00, 0x00, 0x00, 0x03, 0x00, 0x03, 0x00, 0x02, 0x00, 0x00, 0x00, 0xC2, 0x01,
    0x00, 0x00, 0x03, 0x00, 0x03, 0x00, 0x02, 0x00, 0x00, 0x00, 0xC2, 0x01, 0x00, 0x00, 0x03, 0x00, 0x03, 0x00, 0x02,
    0x00, 0x00, 0x00, 0xC2, 0x01, 0x00, 0x00, 0x04, 0x00, 0x0B, 0x00, 0x47, 0x4C, 0x5F, 0x45, 0x58, 0x54, 0x5F, 0x73,
    0x61, 0x6D, 0x70, 0x6C, 0x65, 0x72, 0x6C, 0x65, 0x73, 0x73, 0x5F, 0x74, 0x65, 0x78, 0x74, 0x75, 0x72, 0x65, 0x5F,
    0x66, 0x75, 0x6E, 0x63, 0x74, 0x69, 0x6F, 0x6E, 0x73, 0x00, 0x00, 0x00, 0x00, 0x05, 0x00, 0x03, 0x00, 0x02, 0x00,
    0x00, 0x00, 0x76, 0x73, 0x00, 0x00, 0x05, 0x00, 0x05, 0x00, 0x26, 0x00, 0x00, 0x00, 0x50, 0x61, 0x72, 0x74, 0x69,
    0x63, 0x6C, 0x65, 0x00, 0x00, 0x00, 0x00, 0x06, 0x00, 0x05, 0x00, 0x26, 0x00, 0x00, 0x00, 0x00, 0x00, 0x00, 0x00,
    0x73, 0x74, 0x61, 0x72, 0x74, 0x00, 0x00, 0x00, 0x06, 0x00, 0x06, 0x00, 0x26, 0x00, 0x00, 0x00, 0x01, 0x00, 0x00,
    0x00, 0x76, 0x65, 0x6C, 0x6F, 0x63, 0x69, 0x74, 0x79, 0x00, 0x00, 0x00, 0x00, 0x06, 0x00, 0x05, 0x00, 0x26, 0x00,
    0x00, 0x00, 0x02, 0x00, 0x00, 0x00, 0x65, 0x78, 0x74, 0x72, 0x61, 0x00, 0x00, 0x00, 0x05, 0x00, 0x0D, 0x00, 0x27,
    0x00, 0x00, 0x00, 0x6D, 0x6F, 0x76, 0x65, 0x64, 0x41, 0x74, 0x28, 0x73, 0x74, 0x72, 0x75, 0x63, 0x74, 0x2D, 0x50,
    0x61, 0x72, 0x74, 0x69, 0x63, 0x6C, 0x65, 0x2D, 0x76, 0x66, 0x34, 0x2D, 0x76, 0x66, 0x34, 0x2D, 0x76, 0x66, 0x34,
    0x31, 0x3B, 0x66, 0x31, 0x3B, 0x00, 0x00, 0x00, 0x00, 0x05, 0x00, 0x05, 0x00, 0x28, 0x00, 0x00, 0x00, 0x70, 0x61,
    0x72, 0x74, 0x69, 0x63, 0x6C, 0x65, 0x00, 0x00, 0x00, 0x00, 0x05, 0x00, 0x03, 0x00, 0x29, 0x00, 0x00, 0x00, 0x61,
    0x67, 0x65, 0x00, 0x05, 0x00, 0x04, 0x00, 0x2A, 0x00, 0x00, 0x00, 0x6B, 0x44, 0x72, 0x61, 0x67, 0x00, 0x00, 0x00,
    0x05, 0x00, 0x04, 0x00, 0x2B, 0x00, 0x00, 0x00, 0x45, 0x6D, 0x69, 0x74, 0x74, 0x65, 0x72, 0x00, 0x06, 0x00, 0x05,
    0x00, 0x2B, 0x00, 0x00, 0x00, 0x00, 0x00, 0x00, 0x00, 0x61, 0x6E, 0x63, 0x68, 0x6F, 0x72, 0x00, 0x00, 0x06, 0x00,
    0x05, 0x00, 0x2B, 0x00, 0x00, 0x00, 0x01, 0x00, 0x00, 0x00, 0x6F, 0x72, 0x69, 0x67, 0x69, 0x6E, 0x00, 0x00, 0x06,
    0x00, 0x06, 0x00, 0x2B, 0x00, 0x00, 0x00, 0x02, 0x00, 0x00, 0x00, 0x64, 0x69, 0x72, 0x65, 0x63, 0x74, 0x69, 0x6F,
    0x6E, 0x00, 0x00, 0x00, 0x06, 0x00, 0x05, 0x00, 0x2B, 0x00, 0x00, 0x00, 0x03, 0x00, 0x00, 0x00, 0x6D, 0x6F, 0x74,
    0x69, 0x6F, 0x6E, 0x00, 0x00, 0x06, 0x00, 0x07, 0x00, 0x2B, 0x00, 0x00, 0x00, 0x04, 0x00, 0x00, 0x00, 0x61, 0x63,
    0x63, 0x65, 0x6C, 0x65, 0x72, 0x61, 0x74, 0x69, 0x6F, 0x6E, 0x00, 0x00, 0x00, 0x00, 0x06, 0x00, 0x05, 0x00, 0x2B,
    0x00, 0x00, 0x00, 0x05, 0x00, 0x00, 0x00, 0x73, 0x69, 0x7A, 0x65, 0x73, 0x00, 0x00, 0x00, 0x06, 0x00, 0x06, 0x00,
    0x2B, 0x00, 0x00, 0x00, 0x06, 0x00, 0x00, 0x00, 0x63, 0x6F, 0x6C, 0x6F, 0x72, 0x53, 0x74, 0x61, 0x72, 0x74, 0x00,
    0x00, 0x06, 0x00, 0x06, 0x00, 0x2B, 0x00, 0x00, 0x00, 0x07, 0x00, 0x00, 0x00, 0x63, 0x6F, 0x6C, 0x6F, 0x72, 0x45,
    0x6E, 0x64, 0x00, 0x00, 0x00, 0x00, 0x06, 0x00, 0x05, 0x00, 0x2B, 0x00, 0x00, 0x00, 0x08, 0x00, 0x00, 0x00, 0x72,
    0x69, 0x6E, 0x67, 0x00, 0x00, 0x00, 0x00, 0x06, 0x00, 0x05, 0x00, 0x2B, 0x00, 0x00, 0x00, 0x09, 0x00, 0x00, 0x00,
    0x6D, 0x6F, 0x72, 0x65, 0x00, 0x00, 0x00, 0x00, 0x06, 0x00, 0x06, 0x00, 0x2B, 0x00, 0x00, 0x00, 0x0A, 0x00, 0x00,
    0x00, 0x69, 0x6E, 0x68, 0x65, 0x72, 0x69, 0x74, 0x65, 0x64, 0x00, 0x00, 0x00, 0x05, 0x00, 0x04, 0x00, 0x03, 0x00,
    0x00, 0x00, 0x65, 0x6D, 0x69, 0x74, 0x74, 0x65, 0x72, 0x00, 0x05, 0x00, 0x06, 0x00, 0x2C, 0x00, 0x00, 0x00, 0x6B,
    0x41, 0x63, 0x63, 0x65, 0x6C, 0x65, 0x72, 0x61, 0x74, 0x69, 0x6F, 0x6E, 0x00, 0x00, 0x00, 0x05, 0x00, 0x04, 0x00,
    0x2D, 0x00, 0x00, 0x00, 0x6B, 0x53, 0x6C, 0x6F, 0x77, 0x65, 0x64, 0x00, 0x05, 0x00, 0x05, 0x00, 0x2E, 0x00, 0x00,
    0x00, 0x6B, 0x50, 0x61, 0x72, 0x74, 0x69, 0x63, 0x6C, 0x65, 0x00, 0x00, 0x00, 0x05, 0x00, 0x05, 0x00, 0x2F, 0x00,
    0x00, 0x00, 0x50, 0x61, 0x72, 0x74, 0x69, 0x63, 0x6C, 0x65, 0x00, 0x00, 0x00, 0x00, 0x06, 0x00, 0x05, 0x00, 0x2F,
    0x00, 0x00, 0x00, 0x00, 0x00, 0x00, 0x00, 0x73, 0x74, 0x61, 0x72, 0x74, 0x00, 0x00, 0x00, 0x06, 0x00, 0x06, 0x00,
    0x2F, 0x00, 0x00, 0x00, 0x01, 0x00, 0x00, 0x00, 0x76, 0x65, 0x6C, 0x6F, 0x63, 0x69, 0x74, 0x79, 0x00, 0x00, 0x00,
    0x00, 0x06, 0x00, 0x05, 0x00, 0x2F, 0x00, 0x00, 0x00, 0x02, 0x00, 0x00, 0x00, 0x65, 0x78, 0x74, 0x72, 0x61, 0x00,
    0x00, 0x00, 0x05, 0x00, 0x04, 0x00, 0x30, 0x00, 0x00, 0x00, 0x50, 0x6F, 0x6F, 0x6C, 0x00, 0x00, 0x00, 0x00, 0x06,
    0x00, 0x06, 0x00, 0x30, 0x00, 0x00, 0x00, 0x00, 0x00, 0x00, 0x00, 0x70, 0x61, 0x72, 0x74, 0x69, 0x63, 0x6C, 0x65,
    0x73, 0x00, 0x00, 0x00, 0x05, 0x00, 0x04, 0x00, 0x04, 0x00, 0x00, 0x00, 0x70, 0x6F, 0x6F, 0x6C, 0x00, 0x00, 0x00,
    0x00, 0x05, 0x00, 0x07, 0x00, 0x05, 0x00, 0x00, 0x00, 0x67, 0x6C, 0x5F, 0x49, 0x6E, 0x73, 0x74, 0x61, 0x6E, 0x63,
    0x65, 0x49, 0x6E, 0x64, 0x65, 0x78, 0x00, 0x00, 0x00, 0x00, 0x05, 0x00, 0x04, 0x00, 0x31, 0x00, 0x00, 0x00, 0x6B,
    0x41, 0x67, 0x65, 0x00, 0x00, 0x00, 0x00, 0x05, 0x00, 0x04, 0x00, 0x32, 0x00, 0x00, 0x00, 0x56, 0x69, 0x65, 0x77,
    0x00, 0x00, 0x00, 0x00, 0x06, 0x00, 0x07, 0x00, 0x32, 0x00, 0x00, 0x00, 0x00, 0x00, 0x00, 0x00, 0x76, 0x69, 0x65,
    0x77, 0x50, 0x72, 0x6F, 0x6A, 0x65, 0x63, 0x74, 0x69, 0x6F, 0x6E, 0x00, 0x00, 0x06, 0x00, 0x05, 0x00, 0x32, 0x00,
    0x00, 0x00, 0x01, 0x00, 0x00, 0x00, 0x72, 0x69, 0x67, 0x68, 0x74, 0x00, 0x00, 0x00, 0x06, 0x00, 0x04, 0x00, 0x32,
    0x00, 0x00, 0x00, 0x02, 0x00, 0x00, 0x00, 0x75, 0x70, 0x00, 0x00, 0x06, 0x00, 0x05, 0x00, 0x32, 0x00, 0x00, 0x00,
    0x03, 0x00, 0x00, 0x00, 0x6C, 0x65, 0x6E, 0x73, 0x00, 0x00, 0x00, 0x00, 0x05, 0x00, 0x04, 0x00, 0x06, 0x00, 0x00,
    0x00, 0x76, 0x69, 0x65, 0x77, 0x00, 0x00, 0x00, 0x00, 0x05, 0x00, 0x04, 0x00, 0x33, 0x00, 0x00, 0x00, 0x6B, 0x4C,
    0x69, 0x66, 0x65, 0x00, 0x00, 0x00, 0x05, 0x00, 0x04, 0x00, 0x07, 0x00, 0x00, 0x00, 0x6F, 0x75, 0x74, 0x55, 0x76,
    0x00, 0x00, 0x00, 0x05, 0x00, 0x05, 0x00, 0x08, 0x00, 0x00, 0x00, 0x6F, 0x75, 0x74, 0x43, 0x6F, 0x6C, 0x6F, 0x72,
    0x00, 0x00, 0x00, 0x00, 0x05, 0x00, 0x04, 0x00, 0x09, 0x00, 0x00, 0x00, 0x6F, 0x75, 0x74, 0x53, 0x6F, 0x66, 0x74,
    0x00, 0x05, 0x00, 0x05, 0x00, 0x0A, 0x00, 0x00, 0x00, 0x6F, 0x75, 0x74, 0x53, 0x68, 0x61, 0x70, 0x65, 0x00, 0x00,
    0x00, 0x00, 0x05, 0x00, 0x06, 0x00, 0x34, 0x00, 0x00, 0x00, 0x67, 0x6C, 0x5F, 0x50, 0x65, 0x72, 0x56, 0x65, 0x72,
    0x74, 0x65, 0x78, 0x00, 0x00, 0x00, 0x00, 0x06, 0x00, 0x06, 0x00, 0x34, 0x00, 0x00, 0x00, 0x00, 0x00, 0x00, 0x00,
    0x67, 0x6C, 0x5F, 0x50, 0x6F, 0x73, 0x69, 0x74, 0x69, 0x6F, 0x6E, 0x00, 0x06, 0x00, 0x07, 0x00, 0x34, 0x00, 0x00,
    0x00, 0x01, 0x00, 0x00, 0x00, 0x67, 0x6C, 0x5F, 0x50, 0x6F, 0x69, 0x6E, 0x74, 0x53, 0x69, 0x7A, 0x65, 0x00, 0x00,
    0x00, 0x00, 0x06, 0x00, 0x07, 0x00, 0x34, 0x00, 0x00, 0x00, 0x02, 0x00, 0x00, 0x00, 0x67, 0x6C, 0x5F, 0x43, 0x6C,
    0x69, 0x70, 0x44, 0x69, 0x73, 0x74, 0x61, 0x6E, 0x63, 0x65, 0x00, 0x06, 0x00, 0x07, 0x00, 0x34, 0x00, 0x00, 0x00,
    0x03, 0x00, 0x00, 0x00, 0x67, 0x6C, 0x5F, 0x43, 0x75, 0x6C, 0x6C, 0x44, 0x69, 0x73, 0x74, 0x61, 0x6E, 0x63, 0x65,
    0x00, 0x05, 0x00, 0x03, 0x00, 0x0B, 0x00, 0x00, 0x00, 0x00, 0x00, 0x00, 0x00, 0x05, 0x00, 0x05, 0x00, 0x35, 0x00,
    0x00, 0x00, 0x6B, 0x54, 0x68, 0x72, 0x6F, 0x75, 0x67, 0x68, 0x00, 0x00, 0x00, 0x00, 0x05, 0x00, 0x04, 0x00, 0x36,
    0x00, 0x00, 0x00, 0x6B, 0x53, 0x69, 0x7A, 0x65, 0x00, 0x00, 0x00, 0x05, 0x00, 0x04, 0x00, 0x37, 0x00, 0x00, 0x00,
    0x6B, 0x53, 0x74, 0x61, 0x72, 0x74, 0x00, 0x00, 0x05, 0x00, 0x04, 0x00, 0x38, 0x00, 0x00, 0x00, 0x6B, 0x43, 0x6F,
    0x72, 0x6E, 0x65, 0x72, 0x00, 0x05, 0x00, 0x06, 0x00, 0x0C, 0x00, 0x00, 0x00, 0x67, 0x6C, 0x5F, 0x56, 0x65, 0x72,
    0x74, 0x65, 0x78, 0x49, 0x6E, 0x64, 0x65, 0x78, 0x00, 0x00, 0x05, 0x00, 0x05, 0x00, 0x39, 0x00, 0x00, 0x00, 0x69,
    0x6E, 0x64, 0x65, 0x78, 0x61, 0x62, 0x6C, 0x65, 0x00, 0x00, 0x00, 0x05, 0x00, 0x04, 0x00, 0x3A, 0x00, 0x00, 0x00,
    0x6B, 0x53, 0x74, 0x72, 0x65, 0x61, 0x6B, 0x00, 0x05, 0x00, 0x04, 0x00, 0x3B, 0x00, 0x00, 0x00, 0x6B, 0x50, 0x6F,
    0x69, 0x6E, 0x74, 0x00, 0x00, 0x05, 0x00, 0x04, 0x00, 0x3C, 0x00, 0x00, 0x00, 0x6B, 0x53, 0x74, 0x65, 0x70, 0x00,
    0x00, 0x00, 0x05, 0x00, 0x04, 0x00, 0x3D, 0x00, 0x00, 0x00, 0x6B, 0x42, 0x61, 0x63, 0x6B, 0x00, 0x00, 0x00, 0x05,
    0x00, 0x04, 0x00, 0x3E, 0x00, 0x00, 0x00, 0x6B, 0x48, 0x65, 0x72, 0x65, 0x00, 0x00, 0x00, 0x05, 0x00, 0x04, 0x00,
    0x3F, 0x00, 0x00, 0x00, 0x6B, 0x52, 0x75, 0x6E, 0x73, 0x00, 0x00, 0x00, 0x05, 0x00, 0x04, 0x00, 0x40, 0x00, 0x00,
    0x00, 0x6B, 0x54, 0x6F, 0x45, 0x79, 0x65, 0x00, 0x00, 0x05, 0x00, 0x04, 0x00, 0x41, 0x00, 0x00, 0x00, 0x61, 0x63,
    0x72, 0x6F, 0x73, 0x73, 0x00, 0x00, 0x05, 0x00, 0x04, 0x00, 0x42, 0x00, 0x00, 0x00, 0x6B, 0x53, 0x69, 0x64, 0x65,
    0x00, 0x00, 0x00, 0x05, 0x00, 0x04, 0x00, 0x43, 0x00, 0x00, 0x00, 0x6B, 0x57, 0x69, 0x64, 0x74, 0x68, 0x00, 0x00,
    0x05, 0x00, 0x03, 0x00, 0x44, 0x00, 0x00, 0x00, 0x6B, 0x41, 0x74, 0x00, 0x05, 0x00, 0x04, 0x00, 0x45, 0x00, 0x00,
    0x00, 0x6B, 0x50, 0x6C, 0x61, 0x63, 0x65, 0x64, 0x00, 0x05, 0x00, 0x04, 0x00, 0x46, 0x00, 0x00, 0x00, 0x6B, 0x43,
    0x65, 0x6C, 0x6C, 0x73, 0x00, 0x00, 0x05, 0x00, 0x04, 0x00, 0x47, 0x00, 0x00, 0x00, 0x6B, 0x46, 0x72, 0x61, 0x6D,
    0x65, 0x73, 0x00, 0x05, 0x00, 0x04, 0x00, 0x48, 0x00, 0x00, 0x00, 0x6B, 0x46, 0x72, 0x61, 0x6D, 0x65, 0x00, 0x00,
    0x05, 0x00, 0x04, 0x00, 0x49, 0x00, 0x00, 0x00, 0x6B, 0x43, 0x65, 0x6C, 0x6C, 0x00, 0x00, 0x00, 0x05, 0x00, 0x04,
    0x00, 0x0D, 0x00, 0x00, 0x00, 0x72, 0x69, 0x62, 0x62, 0x6F, 0x6E, 0x00, 0x00, 0x05, 0x00, 0x04, 0x00, 0x4A, 0x00,
    0x00, 0x00, 0x6B, 0x43, 0x6F, 0x72, 0x6E, 0x65, 0x72, 0x00, 0x05, 0x00, 0x06, 0x00, 0x0E, 0x00, 0x00, 0x00, 0x67,
    0x6C, 0x5F, 0x56, 0x65, 0x72, 0x74, 0x65, 0x78, 0x49, 0x6E, 0x64, 0x65, 0x78, 0x00, 0x00, 0x05, 0x00, 0x05, 0x00,
    0x4B, 0x00, 0x00, 0x00, 0x69, 0x6E, 0x64, 0x65, 0x78, 0x61, 0x62, 0x6C, 0x65, 0x00, 0x00, 0x00, 0x05, 0x00, 0x04,
    0x00, 0x4C, 0x00, 0x00, 0x00, 0x6B, 0x46, 0x69, 0x72, 0x73, 0x74, 0x00, 0x00, 0x05, 0x00, 0x04, 0x00, 0x4D, 0x00,
    0x00, 0x00, 0x52, 0x69, 0x62, 0x62, 0x6F, 0x6E, 0x00, 0x00, 0x06, 0x00, 0x05, 0x00, 0x4D, 0x00, 0x00, 0x00, 0x00,
    0x00, 0x00, 0x00, 0x72, 0x61, 0x6E, 0x67, 0x65, 0x00, 0x00, 0x00, 0x05, 0x00, 0x05, 0x00, 0x0F, 0x00, 0x00, 0x00,
    0x64, 0x72, 0x61, 0x77, 0x6E, 0x52, 0x69, 0x62, 0x62, 0x6F, 0x6E, 0x00, 0x05, 0x00, 0x04, 0x00, 0x4E, 0x00, 0x00,
    0x00, 0x6B, 0x4C, 0x61, 0x73, 0x74, 0x00, 0x00, 0x00, 0x05, 0x00, 0x03, 0x00, 0x4F, 0x00, 0x00, 0x00, 0x6B, 0x41,
    0x74, 0x00, 0x05, 0x00, 0x04, 0x00, 0x50, 0x00, 0x00, 0x00, 0x6B, 0x50, 0x6F, 0x69, 0x6E, 0x74, 0x00, 0x00, 0x05,
    0x00, 0x06, 0x00, 0x10, 0x00, 0x00, 0x00, 0x72, 0x69, 0x62, 0x62, 0x6F, 0x6E, 0x50, 0x6F, 0x69, 0x6E, 0x74, 0x73,
    0x00, 0x00, 0x00, 0x00, 0x05, 0x00, 0x04, 0x00, 0x51, 0x00, 0x00, 0x00, 0x6B, 0x52, 0x75, 0x6E, 0x73, 0x00, 0x00,
    0x00, 0x05, 0x00, 0x04, 0x00, 0x52, 0x00, 0x00, 0x00, 0x6B, 0x54, 0x6F, 0x45, 0x79, 0x65, 0x00, 0x00, 0x05, 0x00,
    0x04, 0x00, 0x11, 0x00, 0x00, 0x00, 0x76, 0x69, 0x65, 0x77, 0x00, 0x00, 0x00, 0x00, 0x05, 0x00, 0x04, 0x00, 0x53,
    0x00, 0x00, 0x00, 0x61, 0x63, 0x72, 0x6F, 0x73, 0x73, 0x00, 0x00, 0x05, 0x00, 0x04, 0x00, 0x54, 0x00, 0x00, 0x00,
    0x6B, 0x53, 0x69, 0x64, 0x65, 0x00, 0x00, 0x00, 0x05, 0x00, 0x04, 0x00, 0x12, 0x00, 0x00, 0x00, 0x6F, 0x75, 0x74,
    0x55, 0x76, 0x00, 0x00, 0x00, 0x05, 0x00, 0x05, 0x00, 0x13, 0x00, 0x00, 0x00, 0x6F, 0x75, 0x74, 0x43, 0x6F, 0x6C,
    0x6F, 0x72, 0x00, 0x00, 0x00, 0x00, 0x05, 0x00, 0x04, 0x00, 0x14, 0x00, 0x00, 0x00, 0x6F, 0x75, 0x74, 0x53, 0x6F,
    0x66, 0x74, 0x00, 0x05, 0x00, 0x05, 0x00, 0x15, 0x00, 0x00, 0x00, 0x6F, 0x75, 0x74, 0x53, 0x68, 0x61, 0x70, 0x65,
    0x00, 0x00, 0x00, 0x00, 0x05, 0x00, 0x03, 0x00, 0x16, 0x00, 0x00, 0x00, 0x00, 0x00, 0x00, 0x00, 0x05, 0x00, 0x03,
    0x00, 0x17, 0x00, 0x00, 0x00, 0x66, 0x73, 0x00, 0x00, 0x05, 0x00, 0x05, 0x00, 0x55, 0x00, 0x00, 0x00, 0x6B, 0x53,
    0x61, 0x6D, 0x70, 0x6C, 0x65, 0x64, 0x00, 0x00, 0x00, 0x00, 0x05, 0x00, 0x05, 0x00, 0x18, 0x00, 0x00, 0x00, 0x62,
    0x61, 0x73, 0x65, 0x54, 0x65, 0x78, 0x74, 0x75, 0x72, 0x65, 0x00, 0x05, 0x00, 0x05, 0x00, 0x19, 0x00, 0x00, 0x00,
    0x62, 0x61, 0x73, 0x65, 0x53, 0x61, 0x6D, 0x70, 0x6C, 0x65, 0x72, 0x00, 0x05, 0x00, 0x04, 0x00, 0x1A, 0x00, 0x00,
    0x00, 0x69, 0x6E, 0x55, 0x76, 0x00, 0x00, 0x00, 0x00, 0x05, 0x00, 0x05, 0x00, 0x56, 0x00, 0x00, 0x00, 0x4D, 0x61,
    0x74, 0x65, 0x72, 0x69, 0x61, 0x6C, 0x00, 0x00, 0x00, 0x00, 0x06, 0x00, 0x05, 0x00, 0x56, 0x00, 0x00, 0x00, 0x00,
    0x00, 0x00, 0x00, 0x63, 0x6F, 0x6C, 0x6F, 0x72, 0x00, 0x00, 0x00, 0x06, 0x00, 0x07, 0x00, 0x56, 0x00, 0x00, 0x00,
    0x01, 0x00, 0x00, 0x00, 0x63, 0x6F, 0x6C, 0x6F, 0x72, 0x54, 0x65, 0x78, 0x74, 0x75, 0x72, 0x65, 0x00, 0x00, 0x00,
    0x00, 0x06, 0x00, 0x06, 0x00, 0x56, 0x00, 0x00, 0x00, 0x02, 0x00, 0x00, 0x00, 0x65, 0x6D, 0x69, 0x73, 0x73, 0x69,
    0x6F, 0x6E, 0x00, 0x00, 0x00, 0x00, 0x06, 0x00, 0x07, 0x00, 0x56, 0x00, 0x00, 0x00, 0x03, 0x00, 0x00, 0x00, 0x65,
    0x6D, 0x69, 0x73, 0x73, 0x69, 0x6F, 0x6E, 0x54, 0x65, 0x78, 0x74, 0x75, 0x72, 0x65, 0x00, 0x06, 0x00, 0x05, 0x00,
    0x56, 0x00, 0x00, 0x00, 0x04, 0x00, 0x00, 0x00, 0x62, 0x61, 0x73, 0x65, 0x4D, 0x61, 0x70, 0x00, 0x06, 0x00, 0x06,
    0x00, 0x56, 0x00, 0x00, 0x00, 0x05, 0x00, 0x00, 0x00, 0x65, 0x6D, 0x69, 0x73, 0x73, 0x69, 0x6F, 0x6E, 0x4D, 0x61,
    0x70, 0x00, 0x06, 0x00, 0x05, 0x00, 0x56, 0x00, 0x00, 0x00, 0x06, 0x00, 0x00, 0x00, 0x66, 0x6C, 0x61, 0x67, 0x73,
    0x00, 0x00, 0x00, 0x05, 0x00, 0x05, 0x00, 0x1B, 0x00, 0x00, 0x00, 0x6D, 0x61, 0x74, 0x65, 0x72, 0x69, 0x61, 0x6C,
    0x00, 0x00, 0x00, 0x00, 0x05, 0x00, 0x05, 0x00, 0x57, 0x00, 0x00, 0x00, 0x6B, 0x47, 0x6C, 0x6F, 0x77, 0x69, 0x6E,
    0x67, 0x00, 0x00, 0x00, 0x00, 0x05, 0x00, 0x06, 0x00, 0x1C, 0x00, 0x00, 0x00, 0x65, 0x6D, 0x69, 0x73, 0x73, 0x69,
    0x6F, 0x6E, 0x54, 0x65, 0x78, 0x74, 0x75, 0x72, 0x65, 0x00, 0x05, 0x00, 0x06, 0x00, 0x1D, 0x00, 0x00, 0x00, 0x65,
    0x6D, 0x69, 0x73, 0x73, 0x69, 0x6F, 0x6E, 0x53, 0x61, 0x6D, 0x70, 0x6C, 0x65, 0x72, 0x00, 0x05, 0x00, 0x04, 0x00,
    0x58, 0x00, 0x00, 0x00, 0x6B, 0x42, 0x65, 0x68, 0x69, 0x6E, 0x64, 0x00, 0x05, 0x00, 0x04, 0x00, 0x1E, 0x00, 0x00,
    0x00, 0x64, 0x65, 0x70, 0x74, 0x68, 0x00, 0x00, 0x00, 0x05, 0x00, 0x06, 0x00, 0x1F, 0x00, 0x00, 0x00, 0x67, 0x6C,
    0x5F, 0x46, 0x72, 0x61, 0x67, 0x43, 0x6F, 0x6F, 0x72, 0x64, 0x00, 0x00, 0x00, 0x00, 0x05, 0x00, 0x04, 0x00, 0x59,
    0x00, 0x00, 0x00, 0x6B, 0x46, 0x61, 0x64, 0x65, 0x00, 0x00, 0x00, 0x05, 0x00, 0x04, 0x00, 0x20, 0x00, 0x00, 0x00,
    0x76, 0x69, 0x65, 0x77, 0x00, 0x00, 0x00, 0x00, 0x05, 0x00, 0x04, 0x00, 0x21, 0x00, 0x00, 0x00, 0x69, 0x6E, 0x53,
    0x6F, 0x66, 0x74, 0x00, 0x00, 0x05, 0x00, 0x04, 0x00, 0x5A, 0x00, 0x00, 0x00, 0x6B, 0x53, 0x68, 0x61, 0x70, 0x65,
    0x64, 0x00, 0x05, 0x00, 0x04, 0x00, 0x5B, 0x00, 0x00, 0x00, 0x6B, 0x54, 0x69, 0x6E, 0x74, 0x65, 0x64, 0x00, 0x05,
    0x00, 0x04, 0x00, 0x5C, 0x00, 0x00, 0x00, 0x6B, 0x44, 0x69, 0x73, 0x63, 0x00, 0x00, 0x00, 0x05, 0x00, 0x04, 0x00,
    0x22, 0x00, 0x00, 0x00, 0x69, 0x6E, 0x53, 0x68, 0x61, 0x70, 0x65, 0x00, 0x05, 0x00, 0x04, 0x00, 0x5D, 0x00, 0x00,
    0x00, 0x6B, 0x43, 0x6F, 0x6C, 0x6F, 0x72, 0x00, 0x00, 0x05, 0x00, 0x04, 0x00, 0x23, 0x00, 0x00, 0x00, 0x69, 0x6E,
    0x43, 0x6F, 0x6C, 0x6F, 0x72, 0x00, 0x05, 0x00, 0x05, 0x00, 0x5E, 0x00, 0x00, 0x00, 0x6B, 0x4F, 0x70, 0x61, 0x63,
    0x69, 0x74, 0x79, 0x00, 0x00, 0x00, 0x00, 0x05, 0x00, 0x05, 0x00, 0x24, 0x00, 0x00, 0x00, 0x6F, 0x75, 0x74, 0x43,
    0x6F, 0x6C, 0x6F, 0x72, 0x00, 0x00, 0x00, 0x00, 0x05, 0x00, 0x04, 0x00, 0x5F, 0x00, 0x00, 0x00, 0x6B, 0x47, 0x6C,
    0x6F, 0x77, 0x00, 0x00, 0x00, 0x05, 0x00, 0x05, 0x00, 0x60, 0x00, 0x00, 0x00, 0x45, 0x78, 0x70, 0x6F, 0x73, 0x75,
    0x72, 0x65, 0x00, 0x00, 0x00, 0x00, 0x06, 0x00, 0x05, 0x00, 0x60, 0x00, 0x00, 0x00, 0x00, 0x00, 0x00, 0x00, 0x76,
    0x61, 0x6C, 0x75, 0x65, 0x00, 0x00, 0x00, 0x05, 0x00, 0x05, 0x00, 0x25, 0x00, 0x00, 0x00, 0x65, 0x78, 0x70, 0x6F,
    0x73, 0x75, 0x72, 0x65, 0x00, 0x00, 0x00, 0x00, 0x4A, 0x01, 0x09, 0x00, 0x4C, 0x69, 0x6E, 0x6B, 0x65, 0x64, 0x20,
    0x62, 0x79, 0x20, 0x53, 0x50, 0x49, 0x52, 0x2D, 0x56, 0x20, 0x54, 0x6F, 0x6F, 0x6C, 0x73, 0x20, 0x4C, 0x69, 0x6E,
    0x6B, 0x65, 0x72, 0x00, 0x00, 0x00, 0x47, 0x00, 0x03, 0x00, 0x2B, 0x00, 0x00, 0x00, 0x02, 0x00, 0x00, 0x00, 0x48,
    0x00, 0x05, 0x00, 0x2B, 0x00, 0x00, 0x00, 0x00, 0x00, 0x00, 0x00, 0x23, 0x00, 0x00, 0x00, 0x00, 0x00, 0x00, 0x00,
    0x48, 0x00, 0x05, 0x00, 0x2B, 0x00, 0x00, 0x00, 0x01, 0x00, 0x00, 0x00, 0x23, 0x00, 0x00, 0x00, 0x10, 0x00, 0x00,
    0x00, 0x48, 0x00, 0x05, 0x00, 0x2B, 0x00, 0x00, 0x00, 0x02, 0x00, 0x00, 0x00, 0x23, 0x00, 0x00, 0x00, 0x20, 0x00,
    0x00, 0x00, 0x48, 0x00, 0x05, 0x00, 0x2B, 0x00, 0x00, 0x00, 0x03, 0x00, 0x00, 0x00, 0x23, 0x00, 0x00, 0x00, 0x30,
    0x00, 0x00, 0x00, 0x48, 0x00, 0x05, 0x00, 0x2B, 0x00, 0x00, 0x00, 0x04, 0x00, 0x00, 0x00, 0x23, 0x00, 0x00, 0x00,
    0x40, 0x00, 0x00, 0x00, 0x48, 0x00, 0x05, 0x00, 0x2B, 0x00, 0x00, 0x00, 0x05, 0x00, 0x00, 0x00, 0x23, 0x00, 0x00,
    0x00, 0x50, 0x00, 0x00, 0x00, 0x48, 0x00, 0x05, 0x00, 0x2B, 0x00, 0x00, 0x00, 0x06, 0x00, 0x00, 0x00, 0x23, 0x00,
    0x00, 0x00, 0x60, 0x00, 0x00, 0x00, 0x48, 0x00, 0x05, 0x00, 0x2B, 0x00, 0x00, 0x00, 0x07, 0x00, 0x00, 0x00, 0x23,
    0x00, 0x00, 0x00, 0x70, 0x00, 0x00, 0x00, 0x48, 0x00, 0x05, 0x00, 0x2B, 0x00, 0x00, 0x00, 0x08, 0x00, 0x00, 0x00,
    0x23, 0x00, 0x00, 0x00, 0x80, 0x00, 0x00, 0x00, 0x48, 0x00, 0x05, 0x00, 0x2B, 0x00, 0x00, 0x00, 0x09, 0x00, 0x00,
    0x00, 0x23, 0x00, 0x00, 0x00, 0x90, 0x00, 0x00, 0x00, 0x48, 0x00, 0x05, 0x00, 0x2B, 0x00, 0x00, 0x00, 0x0A, 0x00,
    0x00, 0x00, 0x23, 0x00, 0x00, 0x00, 0xA0, 0x00, 0x00, 0x00, 0x47, 0x00, 0x04, 0x00, 0x03, 0x00, 0x00, 0x00, 0x21,
    0x00, 0x00, 0x00, 0x01, 0x00, 0x00, 0x00, 0x47, 0x00, 0x04, 0x00, 0x03, 0x00, 0x00, 0x00, 0x22, 0x00, 0x00, 0x00,
    0x00, 0x00, 0x00, 0x00, 0x48, 0x00, 0x05, 0x00, 0x2F, 0x00, 0x00, 0x00, 0x00, 0x00, 0x00, 0x00, 0x23, 0x00, 0x00,
    0x00, 0x00, 0x00, 0x00, 0x00, 0x48, 0x00, 0x05, 0x00, 0x2F, 0x00, 0x00, 0x00, 0x01, 0x00, 0x00, 0x00, 0x23, 0x00,
    0x00, 0x00, 0x10, 0x00, 0x00, 0x00, 0x48, 0x00, 0x05, 0x00, 0x2F, 0x00, 0x00, 0x00, 0x02, 0x00, 0x00, 0x00, 0x23,
    0x00, 0x00, 0x00, 0x20, 0x00, 0x00, 0x00, 0x47, 0x00, 0x04, 0x00, 0x61, 0x00, 0x00, 0x00, 0x06, 0x00, 0x00, 0x00,
    0x30, 0x00, 0x00, 0x00, 0x47, 0x00, 0x03, 0x00, 0x30, 0x00, 0x00, 0x00, 0x02, 0x00, 0x00, 0x00, 0x48, 0x00, 0x04,
    0x00, 0x30, 0x00, 0x00, 0x00, 0x00, 0x00, 0x00, 0x00, 0x18, 0x00, 0x00, 0x00, 0x48, 0x00, 0x05, 0x00, 0x30, 0x00,
    0x00, 0x00, 0x00, 0x00, 0x00, 0x00, 0x23, 0x00, 0x00, 0x00, 0x00, 0x00, 0x00, 0x00, 0x47, 0x00, 0x03, 0x00, 0x04,
    0x00, 0x00, 0x00, 0x18, 0x00, 0x00, 0x00, 0x47, 0x00, 0x04, 0x00, 0x04, 0x00, 0x00, 0x00, 0x21, 0x00, 0x00, 0x00,
    0x02, 0x00, 0x00, 0x00, 0x47, 0x00, 0x04, 0x00, 0x04, 0x00, 0x00, 0x00, 0x22, 0x00, 0x00, 0x00, 0x00, 0x00, 0x00,
    0x00, 0x47, 0x00, 0x04, 0x00, 0x05, 0x00, 0x00, 0x00, 0x0B, 0x00, 0x00, 0x00, 0x2B, 0x00, 0x00, 0x00, 0x47, 0x00,
    0x03, 0x00, 0x32, 0x00, 0x00, 0x00, 0x02, 0x00, 0x00, 0x00, 0x48, 0x00, 0x04, 0x00, 0x32, 0x00, 0x00, 0x00, 0x00,
    0x00, 0x00, 0x00, 0x05, 0x00, 0x00, 0x00, 0x48, 0x00, 0x05, 0x00, 0x32, 0x00, 0x00, 0x00, 0x00, 0x00, 0x00, 0x00,
    0x07, 0x00, 0x00, 0x00, 0x10, 0x00, 0x00, 0x00, 0x48, 0x00, 0x05, 0x00, 0x32, 0x00, 0x00, 0x00, 0x00, 0x00, 0x00,
    0x00, 0x23, 0x00, 0x00, 0x00, 0x00, 0x00, 0x00, 0x00, 0x48, 0x00, 0x05, 0x00, 0x32, 0x00, 0x00, 0x00, 0x01, 0x00,
    0x00, 0x00, 0x23, 0x00, 0x00, 0x00, 0x40, 0x00, 0x00, 0x00, 0x48, 0x00, 0x05, 0x00, 0x32, 0x00, 0x00, 0x00, 0x02,
    0x00, 0x00, 0x00, 0x23, 0x00, 0x00, 0x00, 0x50, 0x00, 0x00, 0x00, 0x48, 0x00, 0x05, 0x00, 0x32, 0x00, 0x00, 0x00,
    0x03, 0x00, 0x00, 0x00, 0x23, 0x00, 0x00, 0x00, 0x60, 0x00, 0x00, 0x00, 0x47, 0x00, 0x04, 0x00, 0x06, 0x00, 0x00,
    0x00, 0x21, 0x00, 0x00, 0x00, 0x00, 0x00, 0x00, 0x00, 0x47, 0x00, 0x04, 0x00, 0x06, 0x00, 0x00, 0x00, 0x22, 0x00,
    0x00, 0x00, 0x00, 0x00, 0x00, 0x00, 0x47, 0x00, 0x04, 0x00, 0x07, 0x00, 0x00, 0x00, 0x1E, 0x00, 0x00, 0x00, 0x00,
    0x00, 0x00, 0x00, 0x47, 0x00, 0x04, 0x00, 0x08, 0x00, 0x00, 0x00, 0x1E, 0x00, 0x00, 0x00, 0x01, 0x00, 0x00, 0x00,
    0x47, 0x00, 0x04, 0x00, 0x09, 0x00, 0x00, 0x00, 0x1E, 0x00, 0x00, 0x00, 0x02, 0x00, 0x00, 0x00, 0x47, 0x00, 0x04,
    0x00, 0x0A, 0x00, 0x00, 0x00, 0x1E, 0x00, 0x00, 0x00, 0x03, 0x00, 0x00, 0x00, 0x47, 0x00, 0x03, 0x00, 0x34, 0x00,
    0x00, 0x00, 0x02, 0x00, 0x00, 0x00, 0x48, 0x00, 0x05, 0x00, 0x34, 0x00, 0x00, 0x00, 0x00, 0x00, 0x00, 0x00, 0x0B,
    0x00, 0x00, 0x00, 0x00, 0x00, 0x00, 0x00, 0x48, 0x00, 0x05, 0x00, 0x34, 0x00, 0x00, 0x00, 0x01, 0x00, 0x00, 0x00,
    0x0B, 0x00, 0x00, 0x00, 0x01, 0x00, 0x00, 0x00, 0x48, 0x00, 0x05, 0x00, 0x34, 0x00, 0x00, 0x00, 0x02, 0x00, 0x00,
    0x00, 0x0B, 0x00, 0x00, 0x00, 0x03, 0x00, 0x00, 0x00, 0x48, 0x00, 0x05, 0x00, 0x34, 0x00, 0x00, 0x00, 0x03, 0x00,
    0x00, 0x00, 0x0B, 0x00, 0x00, 0x00, 0x04, 0x00, 0x00, 0x00, 0x47, 0x00, 0x04, 0x00, 0x0C, 0x00, 0x00, 0x00, 0x0B,
    0x00, 0x00, 0x00, 0x2A, 0x00, 0x00, 0x00, 0x47, 0x00, 0x03, 0x00, 0x39, 0x00, 0x00, 0x00, 0x18, 0x00, 0x00, 0x00,
    0x47, 0x00, 0x04, 0x00, 0x0E, 0x00, 0x00, 0x00, 0x0B, 0x00, 0x00, 0x00, 0x2A, 0x00, 0x00, 0x00, 0x47, 0x00, 0x03,
    0x00, 0x4B, 0x00, 0x00, 0x00, 0x18, 0x00, 0x00, 0x00, 0x47, 0x00, 0x03, 0x00, 0x4D, 0x00, 0x00, 0x00, 0x02, 0x00,
    0x00, 0x00, 0x48, 0x00, 0x05, 0x00, 0x4D, 0x00, 0x00, 0x00, 0x00, 0x00, 0x00, 0x00, 0x23, 0x00, 0x00, 0x00, 0x00,
    0x00, 0x00, 0x00, 0x47, 0x00, 0x04, 0x00, 0x0F, 0x00, 0x00, 0x00, 0x21, 0x00, 0x00, 0x00, 0x01, 0x00, 0x00, 0x00,
    0x47, 0x00, 0x04, 0x00, 0x0F, 0x00, 0x00, 0x00, 0x22, 0x00, 0x00, 0x00, 0x00, 0x00, 0x00, 0x00, 0x47, 0x00, 0x03,
    0x00, 0x10, 0x00, 0x00, 0x00, 0x18, 0x00, 0x00, 0x00, 0x47, 0x00, 0x04, 0x00, 0x10, 0x00, 0x00, 0x00, 0x21, 0x00,
    0x00, 0x00, 0x02, 0x00, 0x00, 0x00, 0x47, 0x00, 0x04, 0x00, 0x10, 0x00, 0x00, 0x00, 0x22, 0x00, 0x00, 0x00, 0x00,
    0x00, 0x00, 0x00, 0x47, 0x00, 0x04, 0x00, 0x11, 0x00, 0x00, 0x00, 0x21, 0x00, 0x00, 0x00, 0x00, 0x00, 0x00, 0x00,
    0x47, 0x00, 0x04, 0x00, 0x11, 0x00, 0x00, 0x00, 0x22, 0x00, 0x00, 0x00, 0x00, 0x00, 0x00, 0x00, 0x47, 0x00, 0x04,
    0x00, 0x12, 0x00, 0x00, 0x00, 0x1E, 0x00, 0x00, 0x00, 0x00, 0x00, 0x00, 0x00, 0x47, 0x00, 0x04, 0x00, 0x13, 0x00,
    0x00, 0x00, 0x1E, 0x00, 0x00, 0x00, 0x01, 0x00, 0x00, 0x00, 0x47, 0x00, 0x04, 0x00, 0x14, 0x00, 0x00, 0x00, 0x1E,
    0x00, 0x00, 0x00, 0x02, 0x00, 0x00, 0x00, 0x47, 0x00, 0x04, 0x00, 0x15, 0x00, 0x00, 0x00, 0x1E, 0x00, 0x00, 0x00,
    0x03, 0x00, 0x00, 0x00, 0x47, 0x00, 0x04, 0x00, 0x18, 0x00, 0x00, 0x00, 0x21, 0x00, 0x00, 0x00, 0x06, 0x00, 0x00,
    0x00, 0x47, 0x00, 0x04, 0x00, 0x18, 0x00, 0x00, 0x00, 0x22, 0x00, 0x00, 0x00, 0x00, 0x00, 0x00, 0x00, 0x47, 0x00,
    0x04, 0x00, 0x19, 0x00, 0x00, 0x00, 0x21, 0x00, 0x00, 0x00, 0x07, 0x00, 0x00, 0x00, 0x47, 0x00, 0x04, 0x00, 0x19,
    0x00, 0x00, 0x00, 0x22, 0x00, 0x00, 0x00, 0x00, 0x00, 0x00, 0x00, 0x47, 0x00, 0x04, 0x00, 0x1A, 0x00, 0x00, 0x00,
    0x1E, 0x00, 0x00, 0x00, 0x00, 0x00, 0x00, 0x00, 0x47, 0x00, 0x03, 0x00, 0x56, 0x00, 0x00, 0x00, 0x02, 0x00, 0x00,
    0x00, 0x48, 0x00, 0x05, 0x00, 0x56, 0x00, 0x00, 0x00, 0x00, 0x00, 0x00, 0x00, 0x23, 0x00, 0x00, 0x00, 0x00, 0x00,
    0x00, 0x00, 0x48, 0x00, 0x05, 0x00, 0x56, 0x00, 0x00, 0x00, 0x01, 0x00, 0x00, 0x00, 0x23, 0x00, 0x00, 0x00, 0x10,
    0x00, 0x00, 0x00, 0x48, 0x00, 0x05, 0x00, 0x56, 0x00, 0x00, 0x00, 0x02, 0x00, 0x00, 0x00, 0x23, 0x00, 0x00, 0x00,
    0x20, 0x00, 0x00, 0x00, 0x48, 0x00, 0x05, 0x00, 0x56, 0x00, 0x00, 0x00, 0x03, 0x00, 0x00, 0x00, 0x23, 0x00, 0x00,
    0x00, 0x30, 0x00, 0x00, 0x00, 0x48, 0x00, 0x05, 0x00, 0x56, 0x00, 0x00, 0x00, 0x04, 0x00, 0x00, 0x00, 0x23, 0x00,
    0x00, 0x00, 0x40, 0x00, 0x00, 0x00, 0x48, 0x00, 0x05, 0x00, 0x56, 0x00, 0x00, 0x00, 0x05, 0x00, 0x00, 0x00, 0x23,
    0x00, 0x00, 0x00, 0x50, 0x00, 0x00, 0x00, 0x48, 0x00, 0x05, 0x00, 0x56, 0x00, 0x00, 0x00, 0x06, 0x00, 0x00, 0x00,
    0x23, 0x00, 0x00, 0x00, 0x60, 0x00, 0x00, 0x00, 0x47, 0x00, 0x04, 0x00, 0x1B, 0x00, 0x00, 0x00, 0x21, 0x00, 0x00,
    0x00, 0x04, 0x00, 0x00, 0x00, 0x47, 0x00, 0x04, 0x00, 0x1B, 0x00, 0x00, 0x00, 0x22, 0x00, 0x00, 0x00, 0x00, 0x00,
    0x00, 0x00, 0x47, 0x00, 0x04, 0x00, 0x1C, 0x00, 0x00, 0x00, 0x21, 0x00, 0x00, 0x00, 0x08, 0x00, 0x00, 0x00, 0x47,
    0x00, 0x04, 0x00, 0x1C, 0x00, 0x00, 0x00, 0x22, 0x00, 0x00, 0x00, 0x00, 0x00, 0x00, 0x00, 0x47, 0x00, 0x04, 0x00,
    0x1D, 0x00, 0x00, 0x00, 0x21, 0x00, 0x00, 0x00, 0x09, 0x00, 0x00, 0x00, 0x47, 0x00, 0x04, 0x00, 0x1D, 0x00, 0x00,
    0x00, 0x22, 0x00, 0x00, 0x00, 0x00, 0x00, 0x00, 0x00, 0x47, 0x00, 0x04, 0x00, 0x1E, 0x00, 0x00, 0x00, 0x21, 0x00,
    0x00, 0x00, 0x05, 0x00, 0x00, 0x00, 0x47, 0x00, 0x04, 0x00, 0x1E, 0x00, 0x00, 0x00, 0x22, 0x00, 0x00, 0x00, 0x00,
    0x00, 0x00, 0x00, 0x47, 0x00, 0x04, 0x00, 0x1F, 0x00, 0x00, 0x00, 0x0B, 0x00, 0x00, 0x00, 0x0F, 0x00, 0x00, 0x00,
    0x47, 0x00, 0x04, 0x00, 0x20, 0x00, 0x00, 0x00, 0x21, 0x00, 0x00, 0x00, 0x00, 0x00, 0x00, 0x00, 0x47, 0x00, 0x04,
    0x00, 0x20, 0x00, 0x00, 0x00, 0x22, 0x00, 0x00, 0x00, 0x00, 0x00, 0x00, 0x00, 0x47, 0x00, 0x04, 0x00, 0x21, 0x00,
    0x00, 0x00, 0x1E, 0x00, 0x00, 0x00, 0x02, 0x00, 0x00, 0x00, 0x47, 0x00, 0x04, 0x00, 0x22, 0x00, 0x00, 0x00, 0x1E,
    0x00, 0x00, 0x00, 0x03, 0x00, 0x00, 0x00, 0x47, 0x00, 0x04, 0x00, 0x23, 0x00, 0x00, 0x00, 0x1E, 0x00, 0x00, 0x00,
    0x01, 0x00, 0x00, 0x00, 0x47, 0x00, 0x04, 0x00, 0x24, 0x00, 0x00, 0x00, 0x1E, 0x00, 0x00, 0x00, 0x00, 0x00, 0x00,
    0x00, 0x47, 0x00, 0x03, 0x00, 0x60, 0x00, 0x00, 0x00, 0x02, 0x00, 0x00, 0x00, 0x48, 0x00, 0x04, 0x00, 0x60, 0x00,
    0x00, 0x00, 0x00, 0x00, 0x00, 0x00, 0x18, 0x00, 0x00, 0x00, 0x48, 0x00, 0x05, 0x00, 0x60, 0x00, 0x00, 0x00, 0x00,
    0x00, 0x00, 0x00, 0x23, 0x00, 0x00, 0x00, 0x00, 0x00, 0x00, 0x00, 0x47, 0x00, 0x03, 0x00, 0x25, 0x00, 0x00, 0x00,
    0x18, 0x00, 0x00, 0x00, 0x47, 0x00, 0x04, 0x00, 0x25, 0x00, 0x00, 0x00, 0x21, 0x00, 0x00, 0x00, 0x03, 0x00, 0x00,
    0x00, 0x47, 0x00, 0x04, 0x00, 0x25, 0x00, 0x00, 0x00, 0x22, 0x00, 0x00, 0x00, 0x00, 0x00, 0x00, 0x00, 0x13, 0x00,
    0x02, 0x00, 0x62, 0x00, 0x00, 0x00, 0x21, 0x00, 0x03, 0x00, 0x63, 0x00, 0x00, 0x00, 0x62, 0x00, 0x00, 0x00, 0x16,
    0x00, 0x03, 0x00, 0x64, 0x00, 0x00, 0x00, 0x20, 0x00, 0x00, 0x00, 0x17, 0x00, 0x04, 0x00, 0x65, 0x00, 0x00, 0x00,
    0x64, 0x00, 0x00, 0x00, 0x04, 0x00, 0x00, 0x00, 0x1E, 0x00, 0x05, 0x00, 0x26, 0x00, 0x00, 0x00, 0x65, 0x00, 0x00,
    0x00, 0x65, 0x00, 0x00, 0x00, 0x65, 0x00, 0x00, 0x00, 0x17, 0x00, 0x04, 0x00, 0x66, 0x00, 0x00, 0x00, 0x64, 0x00,
    0x00, 0x00, 0x03, 0x00, 0x00, 0x00, 0x21, 0x00, 0x05, 0x00, 0x67, 0x00, 0x00, 0x00, 0x66, 0x00, 0x00, 0x00, 0x26,
    0x00, 0x00, 0x00, 0x64, 0x00, 0x00, 0x00, 0x20, 0x00, 0x04, 0x00, 0x68, 0x00, 0x00, 0x00, 0x07, 0x00, 0x00, 0x00,
    0x64, 0x00, 0x00, 0x00, 0x15, 0x00, 0x04, 0x00, 0x69, 0x00, 0x00, 0x00, 0x20, 0x00, 0x00, 0x00, 0x00, 0x00, 0x00,
    0x00, 0x17, 0x00, 0x04, 0x00, 0x6A, 0x00, 0x00, 0x00, 0x69, 0x00, 0x00, 0x00, 0x04, 0x00, 0x00, 0x00, 0x1E, 0x00,
    0x0D, 0x00, 0x2B, 0x00, 0x00, 0x00, 0x65, 0x00, 0x00, 0x00, 0x65, 0x00, 0x00, 0x00, 0x65, 0x00, 0x00, 0x00, 0x65,
    0x00, 0x00, 0x00, 0x65, 0x00, 0x00, 0x00, 0x65, 0x00, 0x00, 0x00, 0x65, 0x00, 0x00, 0x00, 0x65, 0x00, 0x00, 0x00,
    0x6A, 0x00, 0x00, 0x00, 0x6A, 0x00, 0x00, 0x00, 0x65, 0x00, 0x00, 0x00, 0x20, 0x00, 0x04, 0x00, 0x6B, 0x00, 0x00,
    0x00, 0x02, 0x00, 0x00, 0x00, 0x2B, 0x00, 0x00, 0x00, 0x3B, 0x00, 0x04, 0x00, 0x6B, 0x00, 0x00, 0x00, 0x03, 0x00,
    0x00, 0x00, 0x02, 0x00, 0x00, 0x00, 0x15, 0x00, 0x04, 0x00, 0x6C, 0x00, 0x00, 0x00, 0x20, 0x00, 0x00, 0x00, 0x01,
    0x00, 0x00, 0x00, 0x2B, 0x00, 0x04, 0x00, 0x6C, 0x00, 0x00, 0x00, 0x6D, 0x00, 0x00, 0x00, 0x03, 0x00, 0x00, 0x00,
    0x2B, 0x00, 0x04, 0x00, 0x69, 0x00, 0x00, 0x00, 0x6E, 0x00, 0x00, 0x00, 0x02, 0x00, 0x00, 0x00, 0x20, 0x00, 0x04,
    0x00, 0x6F, 0x00, 0x00, 0x00, 0x02, 0x00, 0x00, 0x00, 0x64, 0x00, 0x00, 0x00, 0x20, 0x00, 0x04, 0x00, 0x70, 0x00,
    0x00, 0x00, 0x07, 0x00, 0x00, 0x00, 0x66, 0x00, 0x00, 0x00, 0x2B, 0x00, 0x04, 0x00, 0x6C, 0x00, 0x00, 0x00, 0x71,
    0x00, 0x00, 0x00, 0x04, 0x00, 0x00, 0x00, 0x20, 0x00, 0x04, 0x00, 0x72, 0x00, 0x00, 0x00, 0x02, 0x00, 0x00, 0x00,
    0x65, 0x00, 0x00, 0x00, 0x2B, 0x00, 0x04, 0x00, 0x64, 0x00, 0x00, 0x00, 0x73, 0x00, 0x00, 0x00, 0x17, 0xB7, 0xD1,
    0x38, 0x14, 0x00, 0x02, 0x00, 0x74, 0x00, 0x00, 0x00, 0x2B, 0x00, 0x04, 0x00, 0x64, 0x00, 0x00, 0x00, 0x75, 0x00,
    0x00, 0x00, 0x00, 0x00, 0x80, 0x3F, 0x2B, 0x00, 0x04, 0x00, 0x6C, 0x00, 0x00, 0x00, 0x76, 0x00, 0x00, 0x00, 0x01,
    0x00, 0x00, 0x00, 0x2B, 0x00, 0x04, 0x00, 0x64, 0x00, 0x00, 0x00, 0x77, 0x00, 0x00, 0x00, 0x00, 0x00, 0x00, 0x3F,
    0x20, 0x00, 0x04, 0x00, 0x78, 0x00, 0x00, 0x00, 0x07, 0x00, 0x00, 0x00, 0x26, 0x00, 0x00, 0x00, 0x1E, 0x00, 0x05,
    0x00, 0x2F, 0x00, 0x00, 0x00, 0x65, 0x00, 0x00, 0x00, 0x65, 0x00, 0x00, 0x00, 0x65, 0x00, 0x00, 0x00, 0x1D, 0x00,
    0x03, 0x00, 0x61, 0x00, 0x00, 0x00, 0x2F, 0x00, 0x00, 0x00, 0x1E, 0x00, 0x03, 0x00, 0x30, 0x00, 0x00, 0x00, 0x61,
    0x00, 0x00, 0x00, 0x20, 0x00, 0x04, 0x00, 0x79, 0x00, 0x00, 0x00, 0x0C, 0x00, 0x00, 0x00, 0x30, 0x00, 0x00, 0x00,
    0x3B, 0x00, 0x04, 0x00, 0x79, 0x00, 0x00, 0x00, 0x04, 0x00, 0x00, 0x00, 0x0C, 0x00, 0x00, 0x00, 0x2B, 0x00, 0x04,
    0x00, 0x6C, 0x00, 0x00, 0x00, 0x7A, 0x00, 0x00, 0x00, 0x00, 0x00, 0x00, 0x00, 0x20, 0x00, 0x04, 0x00, 0x7B, 0x00,
    0x00, 0x00, 0x01, 0x00, 0x00, 0x00, 0x6C, 0x00, 0x00, 0x00, 0x3B, 0x00, 0x04, 0x00, 0x7B, 0x00, 0x00, 0x00, 0x05,
    0x00, 0x00, 0x00, 0x01, 0x00, 0x00, 0x00, 0x20, 0x00, 0x04, 0x00, 0x7C, 0x00, 0x00, 0x00, 0x0C, 0x00, 0x00, 0x00,
    0x2F, 0x00, 0x00, 0x00, 0x18, 0x00, 0x04, 0x00, 0x7D, 0x00, 0x00, 0x00, 0x65, 0x00, 0x00, 0x00, 0x04, 0x00, 0x00,
    0x00, 0x1E, 0x00, 0x06, 0x00, 0x32, 0x00, 0x00, 0x00, 0x7D, 0x00, 0x00, 0x00, 0x65, 0x00, 0x00, 0x00, 0x65, 0x00,
    0x00, 0x00, 0x65, 0x00, 0x00, 0x00, 0x20, 0x00, 0x04, 0x00, 0x7E, 0x00, 0x00, 0x00, 0x02, 0x00, 0x00, 0x00, 0x32,
    0x00, 0x00, 0x00, 0x3B, 0x00, 0x04, 0x00, 0x7E, 0x00, 0x00, 0x00, 0x06, 0x00, 0x00, 0x00, 0x02, 0x00, 0x00, 0x00,
    0x2B, 0x00, 0x04, 0x00, 0x69, 0x00, 0x00, 0x00, 0x7F, 0x00, 0x00, 0x00, 0x03, 0x00, 0x00, 0x00, 0x2B, 0x00, 0x04,
    0x00, 0x64, 0x00, 0x00, 0x00, 0x80, 0x00, 0x00, 0x00, 0x00, 0x00, 0x80, 0x45, 0x2B, 0x00, 0x04, 0x00, 0x64, 0x00,
    0x00, 0x00, 0x81, 0x00, 0x00, 0x00, 0x00, 0x00, 0x00, 0x00, 0x17, 0x00, 0x04, 0x00, 0x82, 0x00, 0x00, 0x00, 0x64,
    0x00, 0x00, 0x00, 0x02, 0x00, 0x00, 0x00, 0x20, 0x00, 0x04, 0x00, 0x83, 0x00, 0x00, 0x00, 0x03, 0x00, 0x00, 0x00,
    0x82, 0x00, 0x00, 0x00, 0x3B, 0x00, 0x04, 0x00, 0x83, 0x00, 0x00, 0x00, 0x07, 0x00, 0x00, 0x00, 0x03, 0x00, 0x00,
    0x00, 0x2C, 0x00, 0x05, 0x00, 0x82, 0x00, 0x00, 0x00, 0x84, 0x00, 0x00, 0x00, 0x81, 0x00, 0x00, 0x00, 0x81, 0x00,
    0x00, 0x00, 0x20, 0x00, 0x04, 0x00, 0x85, 0x00, 0x00, 0x00, 0x03, 0x00, 0x00, 0x00, 0x65, 0x00, 0x00, 0x00, 0x3B,
    0x00, 0x04, 0x00, 0x85, 0x00, 0x00, 0x00, 0x08, 0x00, 0x00, 0x00, 0x03, 0x00, 0x00, 0x00, 0x2C, 0x00, 0x07, 0x00,
    0x65, 0x00, 0x00, 0x00, 0x86, 0x00, 0x00, 0x00, 0x81, 0x00, 0x00, 0x00, 0x81, 0x00, 0x00, 0x00, 0x81, 0x00, 0x00,
    0x00, 0x81, 0x00, 0x00, 0x00, 0x20, 0x00, 0x04, 0x00, 0x87, 0x00, 0x00, 0x00, 0x03, 0x00, 0x00, 0x00, 0x64, 0x00,
    0x00, 0x00, 0x3B, 0x00, 0x04, 0x00, 0x87, 0x00, 0x00, 0x00, 0x09, 0x00, 0x00, 0x00, 0x03, 0x00, 0x00, 0x00, 0x3B,
    0x00, 0x04, 0x00, 0x83, 0x00, 0x00, 0x00, 0x0A, 0x00, 0x00, 0x00, 0x03, 0x00, 0x00, 0x00, 0x2B, 0x00, 0x04, 0x00,
    0x69, 0x00, 0x00, 0x00, 0x88, 0x00, 0x00, 0x00, 0x01, 0x00, 0x00, 0x00, 0x1C, 0x00, 0x04, 0x00, 0x89, 0x00, 0x00,
    0x00, 0x64, 0x00, 0x00, 0x00, 0x88, 0x00, 0x00, 0x00, 0x1E, 0x00, 0x06, 0x00, 0x34, 0x00, 0x00, 0x00, 0x65, 0x00,
    0x00, 0x00, 0x64, 0x00, 0x00, 0x00, 0x89, 0x00, 0x00, 0x00, 0x89, 0x00, 0x00, 0x00, 0x20, 0x00, 0x04, 0x00, 0x8A,
    0x00, 0x00, 0x00, 0x03, 0x00, 0x00, 0x00, 0x34, 0x00, 0x00, 0x00, 0x3B, 0x00, 0x04, 0x00, 0x8A, 0x00, 0x00, 0x00,
    0x0B, 0x00, 0x00, 0x00, 0x03, 0x00, 0x00, 0x00, 0x2B, 0x00, 0x04, 0x00, 0x64, 0x00, 0x00, 0x00, 0x8B, 0x00, 0x00,
    0x00, 0x00, 0x00, 0x00, 0x40, 0x2C, 0x00, 0x07, 0x00, 0x65, 0x00, 0x00, 0x00, 0x8C, 0x00, 0x00, 0x00, 0x8B, 0x00,
    0x00, 0x00, 0x8B, 0x00, 0x00, 0x00, 0x8B, 0x00, 0x00, 0x00, 0x75, 0x00, 0x00, 0x00, 0x2B, 0x00, 0x04, 0x00, 0x6C,
    0x00, 0x00, 0x00, 0x8D, 0x00, 0x00, 0x00, 0x05, 0x00, 0x00, 0x00, 0x2B, 0x00, 0x04, 0x00, 0x69, 0x00, 0x00, 0x00,
    0x8E, 0x00, 0x00, 0x00, 0x00, 0x00, 0x00, 0x00, 0x2B, 0x00, 0x04, 0x00, 0x6C, 0x00, 0x00, 0x00, 0x8F, 0x00, 0x00,
    0x00, 0x02, 0x00, 0x00, 0x00, 0x20, 0x00, 0x04, 0x00, 0x90, 0x00, 0x00, 0x00, 0x07, 0x00, 0x00, 0x00, 0x65, 0x00,
    0x00, 0x00, 0x20, 0x00, 0x04, 0x00, 0x91, 0x00, 0x00, 0x00, 0x07, 0x00, 0x00, 0x00, 0x69, 0x00, 0x00, 0x00, 0x2B,
    0x00, 0x04, 0x00, 0x69, 0x00, 0x00, 0x00, 0x92, 0x00, 0x00, 0x00, 0x06, 0x00, 0x00, 0x00, 0x1C, 0x00, 0x04, 0x00,
    0x93, 0x00, 0x00, 0x00, 0x69, 0x00, 0x00, 0x00, 0x92, 0x00, 0x00, 0x00, 0x2C, 0x00, 0x09, 0x00, 0x93, 0x00, 0x00,
    0x00, 0x94, 0x00, 0x00, 0x00, 0x8E, 0x00, 0x00, 0x00, 0x88, 0x00, 0x00, 0x00, 0x6E, 0x00, 0x00, 0x00, 0x6E, 0x00,
    0x00, 0x00, 0x88, 0x00, 0x00, 0x00, 0x7F, 0x00, 0x00, 0x00, 0x3B, 0x00, 0x04, 0x00, 0x7B, 0x00, 0x00, 0x00, 0x0C,
    0x00, 0x00, 0x00, 0x01, 0x00, 0x00, 0x00, 0x2B, 0x00, 0x04, 0x00, 0x6C, 0x00, 0x00, 0x00, 0x95, 0x00, 0x00, 0x00,
    0x06, 0x00, 0x00, 0x00, 0x20, 0x00, 0x04, 0x00, 0x96, 0x00, 0x00, 0x00, 0x07, 0x00, 0x00, 0x00, 0x93, 0x00, 0x00,
    0x00, 0x2B, 0x00, 0x04, 0x00, 0x6C, 0x00, 0x00, 0x00, 0x97, 0x00, 0x00, 0x00, 0x07, 0x00, 0x00, 0x00, 0x2B, 0x00,
    0x04, 0x00, 0x6C, 0x00, 0x00, 0x00, 0x98, 0x00, 0x00, 0x00, 0x0A, 0x00, 0x00, 0x00, 0x2B, 0x00, 0x04, 0x00, 0x64,
    0x00, 0x00, 0x00, 0x99, 0x00, 0x00, 0x00, 0x00, 0x00, 0x00, 0x41, 0x2B, 0x00, 0x04, 0x00, 0x64, 0x00, 0x00, 0x00,
    0x9A, 0x00, 0x00, 0x00, 0xCC, 0xBC, 0x8C, 0x2B, 0x20, 0x00, 0x04, 0x00, 0x9B, 0x00, 0x00, 0x00, 0x02, 0x00, 0x00,
    0x00, 0x7D, 0x00, 0x00, 0x00, 0x20, 0x00, 0x04, 0x00, 0x9C, 0x00, 0x00, 0x00, 0x07, 0x00, 0x00, 0x00, 0x82, 0x00,
    0x00, 0x00, 0x17, 0x00, 0x04, 0x00, 0x9D, 0x00, 0x00, 0x00, 0x69, 0x00, 0x00, 0x00, 0x02, 0x00, 0x00, 0x00, 0x20,
    0x00, 0x04, 0x00, 0x9E, 0x00, 0x00, 0x00, 0x07, 0x00, 0x00, 0x00, 0x9D, 0x00, 0x00, 0x00, 0x2B, 0x00, 0x04, 0x00,
    0x6C, 0x00, 0x00, 0x00, 0x9F, 0x00, 0x00, 0x00, 0x09, 0x00, 0x00, 0x00, 0x20, 0x00, 0x04, 0x00, 0xA0, 0x00, 0x00,
    0x00, 0x02, 0x00, 0x00, 0x00, 0x69, 0x00, 0x00, 0x00, 0x2B, 0x00, 0x04, 0x00, 0x69, 0x00, 0x00, 0x00, 0xA1, 0x00,
    0x00, 0x00, 0xFF, 0xFF, 0x00, 0x00, 0x2B, 0x00, 0x04, 0x00, 0x69, 0x00, 0x00, 0x00, 0xA2, 0x00, 0x00, 0x00, 0x10,
    0x00, 0x00, 0x00, 0x2C, 0x00, 0x05, 0x00, 0x9D, 0x00, 0x00, 0x00, 0xA3, 0x00, 0x00, 0x00, 0x88, 0x00, 0x00, 0x00,
    0x88, 0x00, 0x00, 0x00, 0x2B, 0x00, 0x04, 0x00, 0x69, 0x00, 0x00, 0x00, 0xA4, 0x00, 0x00, 0x00, 0x08, 0x00, 0x00,
    0x00, 0x2B, 0x00, 0x04, 0x00, 0x69, 0x00, 0x00, 0x00, 0xA5, 0x00, 0x00, 0x00, 0x06, 0x00, 0x00, 0x00, 0x2B, 0x00,
    0x04, 0x00, 0x69, 0x00, 0x00, 0x00, 0xA6, 0x00, 0x00, 0x00, 0x00, 0x00, 0x00, 0x00, 0x2B, 0x00, 0x04, 0x00, 0x69,
    0x00, 0x00, 0x00, 0xA7, 0x00, 0x00, 0x00, 0x01, 0x00, 0x00, 0x00, 0x2B, 0x00, 0x04, 0x00, 0x69, 0x00, 0x00, 0x00,
    0xA8, 0x00, 0x00, 0x00, 0x02, 0x00, 0x00, 0x00, 0x2B, 0x00, 0x04, 0x00, 0x69, 0x00, 0x00, 0x00, 0xA9, 0x00, 0x00,
    0x00, 0x03, 0x00, 0x00, 0x00, 0x2C, 0x00, 0x09, 0x00, 0x93, 0x00, 0x00, 0x00, 0xAA, 0x00, 0x00, 0x00, 0xA6, 0x00,
    0x00, 0x00, 0xA7, 0x00, 0x00, 0x00, 0xA8, 0x00, 0x00, 0x00, 0xA8, 0x00, 0x00, 0x00, 0xA7, 0x00, 0x00, 0x00, 0xA9,
    0x00, 0x00, 0x00, 0x3B, 0x00, 0x04, 0x00, 0x7B, 0x00, 0x00, 0x00, 0x0E, 0x00, 0x00, 0x00, 0x01, 0x00, 0x00, 0x00,
    0x2B, 0x00, 0x04, 0x00, 0x6C, 0x00, 0x00, 0x00, 0xAB, 0x00, 0x00, 0x00, 0x06, 0x00, 0x00, 0x00, 0x1E, 0x00, 0x03,
    0x00, 0x4D, 0x00, 0x00, 0x00, 0x6A, 0x00, 0x00, 0x00, 0x20, 0x00, 0x04, 0x00, 0xAC, 0x00, 0x00, 0x00, 0x02, 0x00,
    0x00, 0x00, 0x4D, 0x00, 0x00, 0x00, 0x3B, 0x00, 0x04, 0x00, 0xAC, 0x00, 0x00, 0x00, 0x0F, 0x00, 0x00, 0x00, 0x02,
    0x00, 0x00, 0x00, 0x2B, 0x00, 0x04, 0x00, 0x6C, 0x00, 0x00, 0x00, 0xAD, 0x00, 0x00, 0x00, 0x00, 0x00, 0x00, 0x00,
    0x3B, 0x00, 0x04, 0x00, 0x79, 0x00, 0x00, 0x00, 0x10, 0x00, 0x00, 0x00, 0x0C, 0x00, 0x00, 0x00, 0x20, 0x00, 0x04,
    0x00, 0xAE, 0x00, 0x00, 0x00, 0x0C, 0x00, 0x00, 0x00, 0x65, 0x00, 0x00, 0x00, 0x3B, 0x00, 0x04, 0x00, 0x7E, 0x00,
    0x00, 0x00, 0x11, 0x00, 0x00, 0x00, 0x02, 0x00, 0x00, 0x00, 0x2B, 0x00, 0x04, 0x00, 0x6C, 0x00, 0x00, 0x00, 0xAF,
    0x00, 0x00, 0x00, 0x03, 0x00, 0x00, 0x00, 0x2B, 0x00, 0x04, 0x00, 0x64, 0x00, 0x00, 0x00, 0xB0, 0x00, 0x00, 0x00,
    0x00, 0x00, 0x00, 0x3F, 0x2B, 0x00, 0x04, 0x00, 0x6C, 0x00, 0x00, 0x00, 0xB1, 0x00, 0x00, 0x00, 0x01, 0x00, 0x00,
    0x00, 0x2B, 0x00, 0x04, 0x00, 0x6C, 0x00, 0x00, 0x00, 0xB2, 0x00, 0x00, 0x00, 0x02, 0x00, 0x00, 0x00, 0x2B, 0x00,
    0x04, 0x00, 0x64, 0x00, 0x00, 0x00, 0xB3, 0x00, 0x00, 0x00, 0xCC, 0xBC, 0x8C, 0x2B, 0x3B, 0x00, 0x04, 0x00, 0x83,
    0x00, 0x00, 0x00, 0x12, 0x00, 0x00, 0x00, 0x03, 0x00, 0x00, 0x00, 0x3B, 0x00, 0x04, 0x00, 0x85, 0x00, 0x00, 0x00,
    0x13, 0x00, 0x00, 0x00, 0x03, 0x00, 0x00, 0x00, 0x3B, 0x00, 0x04, 0x00, 0x87, 0x00, 0x00, 0x00, 0x14, 0x00, 0x00,
    0x00, 0x03, 0x00, 0x00, 0x00, 0x2B, 0x00, 0x04, 0x00, 0x64, 0x00, 0x00, 0x00, 0xB4, 0x00, 0x00, 0x00, 0x17, 0xB7,
    0xD1, 0x38, 0x3B, 0x00, 0x04, 0x00, 0x83, 0x00, 0x00, 0x00, 0x15, 0x00, 0x00, 0x00, 0x03, 0x00, 0x00, 0x00, 0x2B,
    0x00, 0x04, 0x00, 0x64, 0x00, 0x00, 0x00, 0xB5, 0x00, 0x00, 0x00, 0x00, 0x00, 0x00, 0x00, 0x2B, 0x00, 0x04, 0x00,
    0x64, 0x00, 0x00, 0x00, 0xB6, 0x00, 0x00, 0x00, 0x00, 0x00, 0x00, 0x40, 0x3B, 0x00, 0x04, 0x00, 0x8A, 0x00, 0x00,
    0x00, 0x16, 0x00, 0x00, 0x00, 0x03, 0x00, 0x00, 0x00, 0x2B, 0x00, 0x04, 0x00, 0x64, 0x00, 0x00, 0x00, 0xB7, 0x00,
    0x00, 0x00, 0x00, 0x00, 0x80, 0x3F, 0x19, 0x00, 0x09, 0x00, 0xB8, 0x00, 0x00, 0x00, 0x64, 0x00, 0x00, 0x00, 0x01,
    0x00, 0x00, 0x00, 0x00, 0x00, 0x00, 0x00, 0x00, 0x00, 0x00, 0x00, 0x00, 0x00, 0x00, 0x00, 0x01, 0x00, 0x00, 0x00,
    0x00, 0x00, 0x00, 0x00, 0x20, 0x00, 0x04, 0x00, 0xB9, 0x00, 0x00, 0x00, 0x00, 0x00, 0x00, 0x00, 0xB8, 0x00, 0x00,
    0x00, 0x3B, 0x00, 0x04, 0x00, 0xB9, 0x00, 0x00, 0x00, 0x18, 0x00, 0x00, 0x00, 0x00, 0x00, 0x00, 0x00, 0x1A, 0x00,
    0x02, 0x00, 0xBA, 0x00, 0x00, 0x00, 0x20, 0x00, 0x04, 0x00, 0xBB, 0x00, 0x00, 0x00, 0x00, 0x00, 0x00, 0x00, 0xBA,
    0x00, 0x00, 0x00, 0x3B, 0x00, 0x04, 0x00, 0xBB, 0x00, 0x00, 0x00, 0x19, 0x00, 0x00, 0x00, 0x00, 0x00, 0x00, 0x00,
    0x1B, 0x00, 0x03, 0x00, 0xBC, 0x00, 0x00, 0x00, 0xB8, 0x00, 0x00, 0x00, 0x20, 0x00, 0x04, 0x00, 0xBD, 0x00, 0x00,
    0x00, 0x01, 0x00, 0x00, 0x00, 0x82, 0x00, 0x00, 0x00, 0x3B, 0x00, 0x04, 0x00, 0xBD, 0x00, 0x00, 0x00, 0x1A, 0x00,
    0x00, 0x00, 0x01, 0x00, 0x00, 0x00, 0x1E, 0x00, 0x09, 0x00, 0x56, 0x00, 0x00, 0x00, 0x65, 0x00, 0x00, 0x00, 0x65,
    0x00, 0x00, 0x00, 0x65, 0x00, 0x00, 0x00, 0x65, 0x00, 0x00, 0x00, 0x65, 0x00, 0x00, 0x00, 0x65, 0x00, 0x00, 0x00,
    0x6A, 0x00, 0x00, 0x00, 0x20, 0x00, 0x04, 0x00, 0xBE, 0x00, 0x00, 0x00, 0x02, 0x00, 0x00, 0x00, 0x56, 0x00, 0x00,
    0x00, 0x3B, 0x00, 0x04, 0x00, 0xBE, 0x00, 0x00, 0x00, 0x1B, 0x00, 0x00, 0x00, 0x02, 0x00, 0x00, 0x00, 0x2B, 0x00,
    0x04, 0x00, 0x6C, 0x00, 0x00, 0x00, 0xBF, 0x00, 0x00, 0x00, 0x04, 0x00, 0x00, 0x00, 0x3B, 0x00, 0x04, 0x00, 0xB9,
    0x00, 0x00, 0x00, 0x1C, 0x00, 0x00, 0x00, 0x00, 0x00, 0x00, 0x00, 0x3B, 0x00, 0x04, 0x00, 0xBB, 0x00, 0x00, 0x00,
    0x1D, 0x00, 0x00, 0x00, 0x00, 0x00, 0x00, 0x00, 0x2B, 0x00, 0x04, 0x00, 0x6C, 0x00, 0x00, 0x00, 0xC0, 0x00, 0x00,
    0x00, 0x05, 0x00, 0x00, 0x00, 0x3B, 0x00, 0x04, 0x00, 0xB9, 0x00, 0x00, 0x00, 0x1E, 0x00, 0x00, 0x00, 0x00, 0x00,
    0x00, 0x00, 0x20, 0x00, 0x04, 0x00, 0xC1, 0x00, 0x00, 0x00, 0x01, 0x00, 0x00, 0x00, 0x65, 0x00, 0x00, 0x00, 0x3B,
    0x00, 0x04, 0x00, 0xC1, 0x00, 0x00, 0x00, 0x1F, 0x00, 0x00, 0x00, 0x01, 0x00, 0x00, 0x00, 0x17, 0x00, 0x04, 0x00,
    0xC2, 0x00, 0x00, 0x00, 0x6C, 0x00, 0x00, 0x00, 0x02, 0x00, 0x00, 0x00, 0x2B, 0x00, 0x04, 0x00, 0x6C, 0x00, 0x00,
    0x00, 0xC3, 0x00, 0x00, 0x00, 0x00, 0x00, 0x00, 0x00, 0x2B, 0x00, 0x04, 0x00, 0x6C, 0x00, 0x00, 0x00, 0xC4, 0x00,
    0x00, 0x00, 0x01, 0x00, 0x00, 0x00, 0x2B, 0x00, 0x04, 0x00, 0x69, 0x00, 0x00, 0x00, 0xC5, 0x00, 0x00, 0x00, 0x00,
    0x00, 0x00, 0x00, 0x2B, 0x00, 0x04, 0x00, 0x69, 0x00, 0x00, 0x00, 0xC6, 0x00, 0x00, 0x00, 0x02, 0x00, 0x00, 0x00,
    0x20, 0x00, 0x04, 0x00, 0xC7, 0x00, 0x00, 0x00, 0x01, 0x00, 0x00, 0x00, 0x64, 0x00, 0x00, 0x00, 0x2B, 0x00, 0x04,
    0x00, 0x64, 0x00, 0x00, 0x00, 0xC8, 0x00, 0x00, 0x00, 0x00, 0x00, 0x00, 0x00, 0x3B, 0x00, 0x04, 0x00, 0x7E, 0x00,
    0x00, 0x00, 0x20, 0x00, 0x00, 0x00, 0x02, 0x00, 0x00, 0x00, 0x2B, 0x00, 0x04, 0x00, 0x6C, 0x00, 0x00, 0x00, 0xC9,
    0x00, 0x00, 0x00, 0x03, 0x00, 0x00, 0x00, 0x3B, 0x00, 0x04, 0x00, 0xC7, 0x00, 0x00, 0x00, 0x21, 0x00, 0x00, 0x00,
    0x01, 0x00, 0x00, 0x00, 0x2B, 0x00, 0x04, 0x00, 0x64, 0x00, 0x00, 0x00, 0xCA, 0x00, 0x00, 0x00, 0x00, 0x00, 0x80,
    0x3F, 0x20, 0x00, 0x04, 0x00, 0xCB, 0x00, 0x00, 0x00, 0x07, 0x00, 0x00, 0x00, 0x74, 0x00, 0x00, 0x00, 0x2B, 0x00,
    0x04, 0x00, 0x6C, 0x00, 0x00, 0x00, 0xCC, 0x00, 0x00, 0x00, 0x06, 0x00, 0x00, 0x00, 0x2B, 0x00, 0x04, 0x00, 0x69,
    0x00, 0x00, 0x00, 0xCD, 0x00, 0x00, 0x00, 0x01, 0x00, 0x00, 0x00, 0x2B, 0x00, 0x04, 0x00, 0x69, 0x00, 0x00, 0x00,
    0xCE, 0x00, 0x00, 0x00, 0x03, 0x00, 0x00, 0x00, 0x2B, 0x00, 0x04, 0x00, 0x64, 0x00, 0x00, 0x00, 0xCF, 0x00, 0x00,
    0x00, 0x00, 0x00, 0x00, 0x3F, 0x3B, 0x00, 0x04, 0x00, 0xBD, 0x00, 0x00, 0x00, 0x22, 0x00, 0x00, 0x00, 0x01, 0x00,
    0x00, 0x00, 0x3B, 0x00, 0x04, 0x00, 0xC1, 0x00, 0x00, 0x00, 0x23, 0x00, 0x00, 0x00, 0x01, 0x00, 0x00, 0x00, 0x3B,
    0x00, 0x04, 0x00, 0x85, 0x00, 0x00, 0x00, 0x24, 0x00, 0x00, 0x00, 0x03, 0x00, 0x00, 0x00, 0x2B, 0x00, 0x04, 0x00,
    0x6C, 0x00, 0x00, 0x00, 0xD0, 0x00, 0x00, 0x00, 0x02, 0x00, 0x00, 0x00, 0x1E, 0x00, 0x03, 0x00, 0x60, 0x00, 0x00,
    0x00, 0x65, 0x00, 0x00, 0x00, 0x20, 0x00, 0x04, 0x00, 0xD1, 0x00, 0x00, 0x00, 0x0C, 0x00, 0x00, 0x00, 0x60, 0x00,
    0x00, 0x00, 0x3B, 0x00, 0x04, 0x00, 0xD1, 0x00, 0x00, 0x00, 0x25, 0x00, 0x00, 0x00, 0x0C, 0x00, 0x00, 0x00, 0x20,
    0x00, 0x04, 0x00, 0xD2, 0x00, 0x00, 0x00, 0x0C, 0x00, 0x00, 0x00, 0x64, 0x00, 0x00, 0x00, 0x36, 0x00, 0x05, 0x00,
    0x62, 0x00, 0x00, 0x00, 0x02, 0x00, 0x00, 0x00, 0x00, 0x00, 0x00, 0x00, 0x63, 0x00, 0x00, 0x00, 0xF8, 0x00, 0x02,
    0x00, 0xD3, 0x00, 0x00, 0x00, 0x3B, 0x00, 0x04, 0x00, 0x78, 0x00, 0x00, 0x00, 0x2E, 0x00, 0x00, 0x00, 0x07, 0x00,
    0x00, 0x00, 0x3B, 0x00, 0x04, 0x00, 0x68, 0x00, 0x00, 0x00, 0x31, 0x00, 0x00, 0x00, 0x07, 0x00, 0x00, 0x00, 0x3B,
    0x00, 0x04, 0x00, 0x68, 0x00, 0x00, 0x00, 0x33, 0x00, 0x00, 0x00, 0x07, 0x00, 0x00, 0x00, 0x3B, 0x00, 0x04, 0x00,
    0x68, 0x00, 0x00, 0x00, 0x35, 0x00, 0x00, 0x00, 0x07, 0x00, 0x00, 0x00, 0x3B, 0x00, 0x04, 0x00, 0x68, 0x00, 0x00,
    0x00, 0x36, 0x00, 0x00, 0x00, 0x07, 0x00, 0x00, 0x00, 0x3B, 0x00, 0x04, 0x00, 0x70, 0x00, 0x00, 0x00, 0x37, 0x00,
    0x00, 0x00, 0x07, 0x00, 0x00, 0x00, 0x3B, 0x00, 0x04, 0x00, 0x91, 0x00, 0x00, 0x00, 0x38, 0x00, 0x00, 0x00, 0x07,
    0x00, 0x00, 0x00, 0x3B, 0x00, 0x05, 0x00, 0x96, 0x00, 0x00, 0x00, 0x39, 0x00, 0x00, 0x00, 0x07, 0x00, 0x00, 0x00,
    0x94, 0x00, 0x00, 0x00, 0x3B, 0x00, 0x04, 0x00, 0x68, 0x00, 0x00, 0x00, 0x3A, 0x00, 0x00, 0x00, 0x07, 0x00, 0x00,
    0x00, 0x3B, 0x00, 0x04, 0x00, 0x91, 0x00, 0x00, 0x00, 0x3B, 0x00, 0x00, 0x00, 0x07, 0x00, 0x00, 0x00, 0x3B, 0x00,
    0x04, 0x00, 0x68, 0x00, 0x00, 0x00, 0x3C, 0x00, 0x00, 0x00, 0x07, 0x00, 0x00, 0x00, 0x3B, 0x00, 0x04, 0x00, 0x68,
    0x00, 0x00, 0x00, 0x3D, 0x00, 0x00, 0x00, 0x07, 0x00, 0x00, 0x00, 0x3B, 0x00, 0x04, 0x00, 0x70, 0x00, 0x00, 0x00,
    0x3E, 0x00, 0x00, 0x00, 0x07, 0x00, 0x00, 0x00, 0x3B, 0x00, 0x04, 0x00, 0x70, 0x00, 0x00, 0x00, 0x3F, 0x00, 0x00,
    0x00, 0x07, 0x00, 0x00, 0x00, 0x3B, 0x00, 0x04, 0x00, 0x70, 0x00, 0x00, 0x00, 0x40, 0x00, 0x00, 0x00, 0x07, 0x00,
    0x00, 0x00, 0x3B, 0x00, 0x04, 0x00, 0x70, 0x00, 0x00, 0x00, 0xD4, 0x00, 0x00, 0x00, 0x07, 0x00, 0x00, 0x00, 0x3B,
    0x00, 0x04, 0x00, 0x70, 0x00, 0x00, 0x00, 0x41, 0x00, 0x00, 0x00, 0x07, 0x00, 0x00, 0x00, 0x3B, 0x00, 0x04, 0x00,
    0x70, 0x00, 0x00, 0x00, 0xD5, 0x00, 0x00, 0x00, 0x07, 0x00, 0x00, 0x00, 0x3B, 0x00, 0x04, 0x00, 0x68, 0x00, 0x00,
    0x00, 0x42, 0x00, 0x00, 0x00, 0x07, 0x00, 0x00, 0x00, 0x3B, 0x00, 0x04, 0x00, 0x68, 0x00, 0x00, 0x00, 0x43, 0x00,
    0x00, 0x00, 0x07, 0x00, 0x00, 0x00, 0x3B, 0x00, 0x04, 0x00, 0x9C, 0x00, 0x00, 0x00, 0x44, 0x00, 0x00, 0x00, 0x07,
    0x00, 0x00, 0x00, 0x3B, 0x00, 0x04, 0x00, 0x70, 0x00, 0x00, 0x00, 0x45, 0x00, 0x00, 0x00, 0x07, 0x00, 0x00, 0x00,
    0x3B, 0x00, 0x04, 0x00, 0x9E, 0x00, 0x00, 0x00, 0x46, 0x00, 0x00, 0x00, 0x07, 0x00, 0x00, 0x00, 0x3B, 0x00, 0x04,
    0x00, 0x91, 0x00, 0x00, 0x00, 0x47, 0x00, 0x00, 0x00, 0x07, 0x00, 0x00, 0x00, 0x3B, 0x00, 0x04, 0x00, 0x91, 0x00,
    0x00, 0x00, 0x48, 0x00, 0x00, 0x00, 0x07, 0x00, 0x00, 0x00, 0x3B, 0x00, 0x04, 0x00, 0x9C, 0x00, 0x00, 0x00, 0x49,
    0x00, 0x00, 0x00, 0x07, 0x00, 0x00, 0x00, 0x3D, 0x00, 0x04, 0x00, 0x6C, 0x00, 0x00, 0x00, 0xD6, 0x00, 0x00, 0x00,
    0x05, 0x00, 0x00, 0x00, 0x41, 0x00, 0x06, 0x00, 0x7C, 0x00, 0x00, 0x00, 0xD7, 0x00, 0x00, 0x00, 0x04, 0x00, 0x00,
    0x00, 0x7A, 0x00, 0x00, 0x00, 0xD6, 0x00, 0x00, 0x00, 0x3D, 0x00, 0x04, 0x00, 0x2F, 0x00, 0x00, 0x00, 0xD8, 0x00,
    0x00, 0x00, 0xD7, 0x00, 0x00, 0x00, 0x90, 0x01, 0x04, 0x00, 0x26, 0x00, 0x00, 0x00, 0xD9, 0x00, 0x00, 0x00, 0xD8,
    0x00, 0x00, 0x00, 0x3E, 0x00, 0x03, 0x00, 0x2E, 0x00, 0x00, 0x00, 0xD9, 0x00, 0x00, 0x00, 0x41, 0x00, 0x06, 0x00,
    0x6F, 0x00, 0x00, 0x00, 0xDA, 0x00, 0x00, 0x00, 0x06, 0x00, 0x00, 0x00, 0x76, 0x00, 0x00, 0x00, 0x7F, 0x00, 0x00,
    0x00, 0x3D, 0x00, 0x04, 0x00, 0x64, 0x00, 0x00, 0x00, 0xDB, 0x00, 0x00, 0x00, 0xDA, 0x00, 0x00, 0x00, 0x41, 0x00,
    0x06, 0x00, 0x68, 0x00, 0x00, 0x00, 0xDC, 0x00, 0x00, 0x00, 0x2E, 0x00, 0x00, 0x00, 0x7A, 0x00, 0x00, 0x00, 0x7F,
    0x00, 0x00, 0x00, 0x3D, 0x00, 0x04, 0x00, 0x64, 0x00, 0x00, 0x00, 0xDD, 0x00, 0x00, 0x00, 0xDC, 0x00, 0x00, 0x00,
    0x83, 0x00, 0x05, 0x00, 0x64, 0x00, 0x00, 0x00, 0xDE, 0x00, 0x00, 0x00, 0xDB, 0x00, 0x00, 0x00, 0xDD, 0x00, 0x00,
    0x00, 0x81, 0x00, 0x05, 0x00, 0x64, 0x00, 0x00, 0x00, 0xDF, 0x00, 0x00, 0x00, 0xDE, 0x00, 0x00, 0x00, 0x80, 0x00,
    0x00, 0x00, 0x8D, 0x00, 0x05, 0x00, 0x64, 0x00, 0x00, 0x00, 0xE0, 0x00, 0x00, 0x00, 0xDF, 0x00, 0x00, 0x00, 0x80,
    0x00, 0x00, 0x00, 0x3E, 0x00, 0x03, 0x00, 0x31, 0x00, 0x00, 0x00, 0xE0, 0x00, 0x00, 0x00, 0x41, 0x00, 0x06, 0x00,
    0x68, 0x00, 0x00, 0x00, 0xE1, 0x00, 0x00, 0x00, 0x2E, 0x00, 0x00, 0x00, 0x76, 0x00, 0x00, 0x00, 0x7F, 0x00, 0x00,
    0x00, 0x3D, 0x00, 0x04, 0x00, 0x64, 0x00, 0x00, 0x00, 0xE2, 0x00, 0x00, 0x00, 0xE1, 0x00, 0x00, 0x00, 0x3E, 0x00,
    0x03, 0x00, 0x33, 0x00, 0x00, 0x00, 0xE2, 0x00, 0x00, 0x00, 0x3D, 0x00, 0x04, 0x00, 0x64, 0x00, 0x00, 0x00, 0xE3,
    0x00, 0x00, 0x00, 0x33, 0x00, 0x00, 0x00, 0xBC, 0x00, 0x05, 0x00, 0x74, 0x00, 0x00, 0x00, 0xE4, 0x00, 0x00, 0x00,
    0xE3, 0x00, 0x00, 0x00, 0x81, 0x00, 0x00, 0x00, 0x3D, 0x00, 0x04, 0x00, 0x64, 0x00, 0x00, 0x00, 0xE5, 0x00, 0x00,
    0x00, 0x31, 0x00, 0x00, 0x00, 0x3D, 0x00, 0x04, 0x00, 0x64, 0x00, 0x00, 0x00, 0xE6, 0x00, 0x00, 0x00, 0x33, 0x00,
    0x00, 0x00, 0xBE, 0x00, 0x05, 0x00, 0x74, 0x00, 0x00, 0x00, 0xE7, 0x00, 0x00, 0x00, 0xE5, 0x00, 0x00, 0x00, 0xE6,
    0x00, 0x00, 0x00, 0xA6, 0x00, 0x05, 0x00, 0x74, 0x00, 0x00, 0x00, 0xE8, 0x00, 0x00, 0x00, 0xE4, 0x00, 0x00, 0x00,
    0xE7, 0x00, 0x00, 0x00, 0xF7, 0x00, 0x03, 0x00, 0xE9, 0x00, 0x00, 0x00, 0x00, 0x00, 0x00, 0x00, 0xFA, 0x00, 0x04,
    0x00, 0xE8, 0x00, 0x00, 0x00, 0xEA, 0x00, 0x00, 0x00, 0xE9, 0x00, 0x00, 0x00, 0xF8, 0x00, 0x02, 0x00, 0xEA, 0x00,
    0x00, 0x00, 0x3E, 0x00, 0x03, 0x00, 0x07, 0x00, 0x00, 0x00, 0x84, 0x00, 0x00, 0x00, 0x3E, 0x00, 0x03, 0x00, 0x08,
    0x00, 0x00, 0x00, 0x86, 0x00, 0x00, 0x00, 0x3E, 0x00, 0x03, 0x00, 0x09, 0x00, 0x00, 0x00, 0x75, 0x00, 0x00, 0x00,
    0x3E, 0x00, 0x03, 0x00, 0x0A, 0x00, 0x00, 0x00, 0x84, 0x00, 0x00, 0x00, 0x41, 0x00, 0x05, 0x00, 0x85, 0x00, 0x00,
    0x00, 0xEB, 0x00, 0x00, 0x00, 0x0B, 0x00, 0x00, 0x00, 0x7A, 0x00, 0x00, 0x00, 0x3E, 0x00, 0x03, 0x00, 0xEB, 0x00,
    0x00, 0x00, 0x8C, 0x00, 0x00, 0x00, 0xFD, 0x00, 0x01, 0x00, 0xF8, 0x00, 0x02, 0x00, 0xE9, 0x00, 0x00, 0x00, 0x3D,
    0x00, 0x04, 0x00, 0x64, 0x00, 0x00, 0x00, 0xEC, 0x00, 0x00, 0x00, 0x31, 0x00, 0x00, 0x00, 0x3D, 0x00, 0x04, 0x00,
    0x64, 0x00, 0x00, 0x00, 0xED, 0x00, 0x00, 0x00, 0x33, 0x00, 0x00, 0x00, 0x88, 0x00, 0x05, 0x00, 0x64, 0x00, 0x00,
    0x00, 0xEE, 0x00, 0x00, 0x00, 0xEC, 0x00, 0x00, 0x00, 0xED, 0x00, 0x00, 0x00, 0x3E, 0x00, 0x03, 0x00, 0x35, 0x00,
    0x00, 0x00, 0xEE, 0x00, 0x00, 0x00, 0x41, 0x00, 0x06, 0x00, 0x6F, 0x00, 0x00, 0x00, 0xEF, 0x00, 0x00, 0x00, 0x03,
    0x00, 0x00, 0x00, 0x8D, 0x00, 0x00, 0x00, 0x8E, 0x00, 0x00, 0x00, 0x3D, 0x00, 0x04, 0x00, 0x64, 0x00, 0x00, 0x00,
    0xF0, 0x00, 0x00, 0x00, 0xEF, 0x00, 0x00, 0x00, 0x41, 0x00, 0x06, 0x00, 0x6F, 0x00, 0x00, 0x00, 0xF1, 0x00, 0x00,
    0x00, 0x03, 0x00, 0x00, 0x00, 0x8D, 0x00, 0x00, 0x00, 0x88, 0x00, 0x00, 0x00, 0x3D, 0x00, 0x04, 0x00, 0x64, 0x00,
    0x00, 0x00, 0xF2, 0x00, 0x00, 0x00, 0xF1, 0x00, 0x00, 0x00, 0x3D, 0x00, 0x04, 0x00, 0x64, 0x00, 0x00, 0x00, 0xF3,
    0x00, 0x00, 0x00, 0x35, 0x00, 0x00, 0x00, 0x0C, 0x00, 0x08, 0x00, 0x64, 0x00, 0x00, 0x00, 0xF4, 0x00, 0x00, 0x00,
    0x01, 0x00, 0x00, 0x00, 0x2E, 0x00, 0x00, 0x00, 0xF0, 0x00, 0x00, 0x00, 0xF2, 0x00, 0x00, 0x00, 0xF3, 0x00, 0x00,
    0x00, 0x41, 0x00, 0x06, 0x00, 0x68, 0x00, 0x00, 0x00, 0xF5, 0x00, 0x00, 0x00, 0x2E, 0x00, 0x00, 0x00, 0x8F, 0x00,
    0x00, 0x00, 0x8E, 0x00, 0x00, 0x00, 0x3D, 0x00, 0x04, 0x00, 0x64, 0x00, 0x00, 0x00, 0xF6, 0x00, 0x00, 0x00, 0xF5,
    0x00, 0x00, 0x00, 0x85, 0x00, 0x05, 0x00, 0x64, 0x00, 0x00, 0x00, 0xF7, 0x00, 0x00, 0x00, 0xF4, 0x00, 0x00, 0x00,
    0xF6, 0x00, 0x00, 0x00, 0x3E, 0x00, 0x03, 0x00, 0x36, 0x00, 0x00, 0x00, 0xF7, 0x00, 0x00, 0x00, 0x41, 0x00, 0x05,
    0x00, 0x72, 0x00, 0x00, 0x00, 0xF8, 0x00, 0x00, 0x00, 0x03, 0x00, 0x00, 0x00, 0x7A, 0x00, 0x00, 0x00, 0x3D, 0x00,
    0x04, 0x00, 0x65, 0x00, 0x00, 0x00, 0xF9, 0x00, 0x00, 0x00, 0xF8, 0x00, 0x00, 0x00, 0x4F, 0x00, 0x08, 0x00, 0x66,
    0x00, 0x00, 0x00, 0xFA, 0x00, 0x00, 0x00, 0xF9, 0x00, 0x00, 0x00, 0xF9, 0x00, 0x00, 0x00, 0x00, 0x00, 0x00, 0x00,
    0x01, 0x00, 0x00, 0x00, 0x02, 0x00, 0x00, 0x00, 0x41, 0x00, 0x05, 0x00, 0x90, 0x00, 0x00, 0x00, 0xFB, 0x00, 0x00,
    0x00, 0x2E, 0x00, 0x00, 0x00, 0x7A, 0x00, 0x00, 0x00, 0x3D, 0x00, 0x04, 0x00, 0x65, 0x00, 0x00, 0x00, 0xFC, 0x00,
    0x00, 0x00, 0xFB, 0x00, 0x00, 0x00, 0x4F, 0x00, 0x08, 0x00, 0x66, 0x00, 0x00, 0x00, 0xFD, 0x00, 0x00, 0x00, 0xFC,
    0x00, 0x00, 0x00, 0xFC, 0x00, 0x00, 0x00, 0x00, 0x00, 0x00, 0x00, 0x01, 0x00, 0x00, 0x00, 0x02, 0x00, 0x00, 0x00,
    0x81, 0x00, 0x05, 0x00, 0x66, 0x00, 0x00, 0x00, 0xFE, 0x00, 0x00, 0x00, 0xFA, 0x00, 0x00, 0x00, 0xFD, 0x00, 0x00,
    0x00, 0x3E, 0x00, 0x03, 0x00, 0x37, 0x00, 0x00, 0x00, 0xFE, 0x00, 0x00, 0x00, 0x3D, 0x00, 0x04, 0x00, 0x6C, 0x00,
    0x00, 0x00, 0xFF, 0x00, 0x00, 0x00, 0x0C, 0x00, 0x00, 0x00, 0x8B, 0x00, 0x05, 0x00, 0x6C, 0x00, 0x00, 0x00, 0x00,
    0x01, 0x00, 0x00, 0xFF, 0x00, 0x00, 0x00, 0x95, 0x00, 0x00, 0x00, 0x41, 0x00, 0x05, 0x00, 0x91, 0x00, 0x00, 0x00,
    0x01, 0x01, 0x00, 0x00, 0x39, 0x00, 0x00, 0x00, 0x00, 0x01, 0x00, 0x00, 0x3D, 0x00, 0x04, 0x00, 0x69, 0x00, 0x00,
    0x00, 0x02, 0x01, 0x00, 0x00, 0x01, 0x01, 0x00, 0x00, 0x3E, 0x00, 0x03, 0x00, 0x38, 0x00, 0x00, 0x00, 0x02, 0x01,
    0x00, 0x00, 0x41, 0x00, 0x05, 0x00, 0x72, 0x00, 0x00, 0x00, 0x03, 0x01, 0x00, 0x00, 0x03, 0x00, 0x00, 0x00, 0x95,
    0x00, 0x00, 0x00, 0x3D, 0x00, 0x04, 0x00, 0x65, 0x00, 0x00, 0x00, 0x04, 0x01, 0x00, 0x00, 0x03, 0x01, 0x00, 0x00,
    0x41, 0x00, 0x05, 0x00, 0x72, 0x00, 0x00, 0x00, 0x05, 0x01, 0x00, 0x00, 0x03, 0x00, 0x00, 0x00, 0x97, 0x00, 0x00,
    0x00, 0x3D, 0x00, 0x04, 0x00, 0x65, 0x00, 0x00, 0x00, 0x06, 0x01, 0x00, 0x00, 0x05, 0x01, 0x00, 0x00, 0x3D, 0x00,
    0x04, 0x00, 0x64, 0x00, 0x00, 0x00, 0x07, 0x01, 0x00, 0x00, 0x35, 0x00, 0x00, 0x00, 0x50, 0x00, 0x07, 0x00, 0x65,
    0x00, 0x00, 0x00, 0x08, 0x01, 0x00, 0x00, 0x07, 0x01, 0x00, 0x00, 0x07, 0x01, 0x00, 0x00, 0x07, 0x01, 0x00, 0x00,
    0x07, 0x01, 0x00, 0x00, 0x0C, 0x00, 0x08, 0x00, 0x65, 0x00, 0x00, 0x00, 0x09, 0x01, 0x00, 0x00, 0x01, 0x00, 0x00,
    0x00, 0x2E, 0x00, 0x00, 0x00, 0x04, 0x01, 0x00, 0x00, 0x06, 0x01, 0x00, 0x00, 0x08, 0x01, 0x00, 0x00, 0x3E, 0x00,
    0x03, 0x00, 0x08, 0x00, 0x00, 0x00, 0x09, 0x01, 0x00, 0x00, 0x3D, 0x00, 0x04, 0x00, 0x64, 0x00, 0x00, 0x00, 0x0A,
    0x01, 0x00, 0x00, 0x36, 0x00, 0x00, 0x00, 0x85, 0x00, 0x05, 0x00, 0x64, 0x00, 0x00, 0x00, 0x0B, 0x01, 0x00, 0x00,
    0x77, 0x00, 0x00, 0x00, 0x0A, 0x01, 0x00, 0x00, 0x0C, 0x00, 0x07, 0x00, 0x64, 0x00, 0x00, 0x00, 0x0C, 0x01, 0x00,
    0x00, 0x01, 0x00, 0x00, 0x00, 0x28, 0x00, 0x00, 0x00, 0x0B, 0x01, 0x00, 0x00, 0x73, 0x00, 0x00, 0x00, 0x3E, 0x00,
    0x03, 0x00, 0x09, 0x00, 0x00, 0x00, 0x0C, 0x01, 0x00, 0x00, 0x41, 0x00, 0x06, 0x00, 0x6F, 0x00, 0x00, 0x00, 0x0D,
    0x01, 0x00, 0x00, 0x03, 0x00, 0x00, 0x00, 0x98, 0x00, 0x00, 0x00, 0x7F, 0x00, 0x00, 0x00, 0x3D, 0x00, 0x04, 0x00,
    0x64, 0x00, 0x00, 0x00, 0x0E, 0x01, 0x00, 0x00, 0x0D, 0x01, 0x00, 0x00, 0x3E, 0x00, 0x03, 0x00, 0x3A, 0x00, 0x00,
    0x00, 0x0E, 0x01, 0x00, 0x00, 0x3D, 0x00, 0x04, 0x00, 0x64, 0x00, 0x00, 0x00, 0x0F, 0x01, 0x00, 0x00, 0x3A, 0x00,
    0x00, 0x00, 0xBA, 0x00, 0x05, 0x00, 0x74, 0x00, 0x00, 0x00, 0x10, 0x01, 0x00, 0x00, 0x0F, 0x01, 0x00, 0x00, 0x81,
    0x00, 0x00, 0x00, 0xF7, 0x00, 0x03, 0x00, 0x11, 0x01, 0x00, 0x00, 0x00, 0x00, 0x00, 0x00, 0xFA, 0x00, 0x04, 0x00,
    0x10, 0x01, 0x00, 0x00, 0x12, 0x01, 0x00, 0x00, 0x11, 0x01, 0x00, 0x00, 0xF8, 0x00, 0x02, 0x00, 0x12, 0x01, 0x00,
    0x00, 0x3D, 0x00, 0x04, 0x00, 0x6C, 0x00, 0x00, 0x00, 0x13, 0x01, 0x00, 0x00, 0x0C, 0x00, 0x00, 0x00, 0x7C, 0x00,
    0x04, 0x00, 0x69, 0x00, 0x00, 0x00, 0x14, 0x01, 0x00, 0x00, 0x13, 0x01, 0x00, 0x00, 0x86, 0x00, 0x05, 0x00, 0x69,
    0x00, 0x00, 0x00, 0x15, 0x01, 0x00, 0x00, 0x14, 0x01, 0x00, 0x00, 0x92, 0x00, 0x00, 0x00, 0x3D, 0x00, 0x04, 0x00,
    0x69, 0x00, 0x00, 0x00, 0x16, 0x01, 0x00, 0x00, 0x38, 0x00, 0x00, 0x00, 0xC2, 0x00, 0x05, 0x00, 0x69, 0x00, 0x00,
    0x00, 0x17, 0x01, 0x00, 0x00, 0x16, 0x01, 0x00, 0x00, 0x88, 0x00, 0x00, 0x00, 0x80, 0x00, 0x05, 0x00, 0x69, 0x00,
    0x00, 0x00, 0x18, 0x01, 0x00, 0x00, 0x15, 0x01, 0x00, 0x00, 0x17, 0x01, 0x00, 0x00, 0x3E, 0x00, 0x03, 0x00, 0x3B,
    0x00, 0x00, 0x00, 0x18, 0x01, 0x00, 0x00, 0x3D, 0x00, 0x04, 0x00, 0x64, 0x00, 0x00, 0x00, 0x19, 0x01, 0x00, 0x00,
    0x3A, 0x00, 0x00, 0x00, 0x88, 0x00, 0x05, 0x00, 0x64, 0x00, 0x00, 0x00, 0x1A, 0x01, 0x00, 0x00, 0x19, 0x01, 0x00,
    0x00, 0x99, 0x00, 0x00, 0x00, 0x3E, 0x00, 0x03, 0x00, 0x3C, 0x00, 0x00, 0x00, 0x1A, 0x01, 0x00, 0x00, 0x3D, 0x00,
    0x04, 0x00, 0x64, 0x00, 0x00, 0x00, 0x1B, 0x01, 0x00, 0x00, 0x3C, 0x00, 0x00, 0x00, 0x3D, 0x00, 0x04, 0x00, 0x69,
    0x00, 0x00, 0x00, 0x1C, 0x01, 0x00, 0x00, 0x3B, 0x00, 0x00, 0x00, 0x70, 0x00, 0x04, 0x00, 0x64, 0x00, 0x00, 0x00,
    0x1D, 0x01, 0x00, 0x00, 0x1C, 0x01, 0x00, 0x00, 0x85, 0x00, 0x05, 0x00, 0x64, 0x00, 0x00, 0x00, 0x1E, 0x01, 0x00,
    0x00, 0x1B, 0x01, 0x00, 0x00, 0x1D, 0x01, 0x00, 0x00, 0x3E, 0x00, 0x03, 0x00, 0x3D, 0x00, 0x00, 0x00, 0x1E, 0x01,
    0x00, 0x00, 0x3D, 0x00, 0x04, 0x00, 0x66, 0x00, 0x00, 0x00, 0x1F, 0x01, 0x00, 0x00, 0x37, 0x00, 0x00, 0x00, 0x3D,
    0x00, 0x04, 0x00, 0x26, 0x00, 0x00, 0x00, 0x20, 0x01, 0x00, 0x00, 0x2E, 0x00, 0x00, 0x00, 0x3D, 0x00, 0x04, 0x00,
    0x64, 0x00, 0x00, 0x00, 0x21, 0x01, 0x00, 0x00, 0x31, 0x00, 0x00, 0x00, 0x3D, 0x00, 0x04, 0x00, 0x64, 0x00, 0x00,
    0x00, 0x22, 0x01, 0x00, 0x00, 0x3D, 0x00, 0x00, 0x00, 0x83, 0x00, 0x05, 0x00, 0x64, 0x00, 0x00, 0x00, 0x23, 0x01,
    0x00, 0x00, 0x21, 0x01, 0x00, 0x00, 0x22, 0x01, 0x00, 0x00, 0x0C, 0x00, 0x07, 0x00, 0x64, 0x00, 0x00, 0x00, 0x24,
    0x01, 0x00, 0x00, 0x01, 0x00, 0x00, 0x00, 0x28, 0x00, 0x00, 0x00, 0x23, 0x01, 0x00, 0x00, 0x81, 0x00, 0x00, 0x00,
    0x39, 0x00, 0x06, 0x00, 0x66, 0x00, 0x00, 0x00, 0x25, 0x01, 0x00, 0x00, 0x27, 0x00, 0x00, 0x00, 0x20, 0x01, 0x00,
    0x00, 0x24, 0x01, 0x00, 0x00, 0x81, 0x00, 0x05, 0x00, 0x66, 0x00, 0x00, 0x00, 0x26, 0x01, 0x00, 0x00, 0x1F, 0x01,
    0x00, 0x00, 0x25, 0x01, 0x00, 0x00, 0x3E, 0x00, 0x03, 0x00, 0x3E, 0x00, 0x00, 0x00, 0x26, 0x01, 0x00, 0x00, 0x3D,
    0x00, 0x04, 0x00, 0x26, 0x00, 0x00, 0x00, 0x27, 0x01, 0x00, 0x00, 0x2E, 0x00, 0x00, 0x00, 0x3D, 0x00, 0x04, 0x00,
    0x64, 0x00, 0x00, 0x00, 0x28, 0x01, 0x00, 0x00, 0x31, 0x00, 0x00, 0x00, 0x3D, 0x00, 0x04, 0x00, 0x64, 0x00, 0x00,
    0x00, 0x29, 0x01, 0x00, 0x00, 0x3D, 0x00, 0x00, 0x00, 0x83, 0x00, 0x05, 0x00, 0x64, 0x00, 0x00, 0x00, 0x2A, 0x01,
    0x00, 0x00, 0x28, 0x01, 0x00, 0x00, 0x29, 0x01, 0x00, 0x00, 0x3D, 0x00, 0x04, 0x00, 0x64, 0x00, 0x00, 0x00, 0x2B,
    0x01, 0x00, 0x00, 0x3C, 0x00, 0x00, 0x00, 0x81, 0x00, 0x05, 0x00, 0x64, 0x00, 0x00, 0x00, 0x2C, 0x01, 0x00, 0x00,
    0x2A, 0x01, 0x00, 0x00, 0x2B, 0x01, 0x00, 0x00, 0x0C, 0x00, 0x07, 0x00, 0x64, 0x00, 0x00, 0x00, 0x2D, 0x01, 0x00,
    0x00, 0x01, 0x00, 0x00, 0x00, 0x28, 0x00, 0x00, 0x00, 0x2C, 0x01, 0x00, 0x00, 0x81, 0x00, 0x00, 0x00, 0x39, 0x00,
    0x06, 0x00, 0x66, 0x00, 0x00, 0x00, 0x2E, 0x01, 0x00, 0x00, 0x27, 0x00, 0x00, 0x00, 0x27, 0x01, 0x00, 0x00, 0x2D,
    0x01, 0x00, 0x00, 0x3D, 0x00, 0x04, 0x00, 0x26, 0x00, 0x00, 0x00, 0x2F, 0x01, 0x00, 0x00, 0x2E, 0x00, 0x00, 0x00,
    0x3D, 0x00, 0x04, 0x00, 0x64, 0x00, 0x00, 0x00, 0x30, 0x01, 0x00, 0x00, 0x31, 0x00, 0x00, 0x00, 0x3D, 0x00, 0x04,
    0x00, 0x64, 0x00, 0x00, 0x00, 0x31, 0x01, 0x00, 0x00, 0x3D, 0x00, 0x00, 0x00, 0x83, 0x00, 0x05, 0x00, 0x64, 0x00,
    0x00, 0x00, 0x32, 0x01, 0x00, 0x00, 0x30, 0x01, 0x00, 0x00, 0x31, 0x01, 0x00, 0x00, 0x3D, 0x00, 0x04, 0x00, 0x64,
    0x00, 0x00, 0x00, 0x33, 0x01, 0x00, 0x00, 0x3C, 0x00, 0x00, 0x00, 0x83, 0x00, 0x05, 0x00, 0x64, 0x00, 0x00, 0x00,
    0x34, 0x01, 0x00, 0x00, 0x32, 0x01, 0x00, 0x00, 0x33, 0x01, 0x00, 0x00, 0x0C, 0x00, 0x07, 0x00, 0x64, 0x00, 0x00,
    0x00, 0x35, 0x01, 0x00, 0x00, 0x01, 0x00, 0x00, 0x00, 0x28, 0x00, 0x00, 0x00, 0x34, 0x01, 0x00, 0x00, 0x81, 0x00,
    0x00, 0x00, 0x39, 0x00, 0x06, 0x00, 0x66, 0x00, 0x00, 0x00, 0x36, 0x01, 0x00, 0x00, 0x27, 0x00, 0x00, 0x00, 0x2F,
    0x01, 0x00, 0x00, 0x35, 0x01, 0x00, 0x00, 0x83, 0x00, 0x05, 0x00, 0x66, 0x00, 0x00, 0x00, 0x37, 0x01, 0x00, 0x00,
    0x2E, 0x01, 0x00, 0x00, 0x36, 0x01, 0x00, 0x00, 0x3E, 0x00, 0x03, 0x00, 0x3F, 0x00, 0x00, 0x00, 0x37, 0x01, 0x00,
    0x00, 0x41, 0x00, 0x06, 0x00, 0x6F, 0x00, 0x00, 0x00, 0x38, 0x01, 0x00, 0x00, 0x06, 0x00, 0x00, 0x00, 0x6D, 0x00,
    0x00, 0x00, 0x88, 0x00, 0x00, 0x00, 0x3D, 0x00, 0x04, 0x00, 0x64, 0x00, 0x00, 0x00, 0x39, 0x01, 0x00, 0x00, 0x38,
    0x01, 0x00, 0x00, 0xBA, 0x00, 0x05, 0x00, 0x74, 0x00, 0x00, 0x00, 0x3A, 0x01, 0x00, 0x00, 0x39, 0x01, 0x00, 0x00,
    0x77, 0x00, 0x00, 0x00, 0xF7, 0x00, 0x03, 0x00, 0x3B, 0x01, 0x00, 0x00, 0x00, 0x00, 0x00, 0x00, 0xFA, 0x00, 0x04,
    0x00, 0x3A, 0x01, 0x00, 0x00, 0x3C, 0x01, 0x00, 0x00, 0x3D, 0x01, 0x00, 0x00, 0xF8, 0x00, 0x02, 0x00, 0x3C, 0x01,
    0x00, 0x00, 0x41, 0x00, 0x05, 0x00, 0x72, 0x00, 0x00, 0x00, 0x3E, 0x01, 0x00, 0x00, 0x06, 0x00, 0x00, 0x00, 0x76,
    0x00, 0x00, 0x00, 0x3D, 0x00, 0x04, 0x00, 0x65, 0x00, 0x00, 0x00, 0x3F, 0x01, 0x00, 0x00, 0x3E, 0x01, 0x00, 0x00,
    0x4F, 0x00, 0x08, 0x00, 0x66, 0x00, 0x00, 0x00, 0x40, 0x01, 0x00, 0x00, 0x3F, 0x01, 0x00, 0x00, 0x3F, 0x01, 0x00,
    0x00, 0x00, 0x00, 0x00, 0x00, 0x01, 0x00, 0x00, 0x00, 0x02, 0x00, 0x00, 0x00, 0x41, 0x00, 0x05, 0x00, 0x72, 0x00,
    0x00, 0x00, 0x41, 0x01, 0x00, 0x00, 0x06, 0x00, 0x00, 0x00, 0x8F, 0x00, 0x00, 0x00, 0x3D, 0x00, 0x04, 0x00, 0x65,
    0x00, 0x00, 0x00, 0x42, 0x01, 0x00, 0x00, 0x41, 0x01, 0x00, 0x00, 0x4F, 0x00, 0x08, 0x00, 0x66, 0x00, 0x00, 0x00,
    0x43, 0x01, 0x00, 0x00, 0x42, 0x01, 0x00, 0x00, 0x42, 0x01, 0x00, 0x00, 0x00, 0x00, 0x00, 0x00, 0x01, 0x00, 0x00,
    0x00, 0x02, 0x00, 0x00, 0x00, 0x0C, 0x00, 0x07, 0x00, 0x66, 0x00, 0x00, 0x00, 0x44, 0x01, 0x00, 0x00, 0x01, 0x00,
    0x00, 0x00, 0x44, 0x00, 0x00, 0x00, 0x40, 0x01, 0x00, 0x00, 0x43, 0x01, 0x00, 0x00, 0x3E, 0x00, 0x03, 0x00, 0xD4,
    0x00, 0x00, 0x00, 0x44, 0x01, 0x00, 0x00, 0xF9, 0x00, 0x02, 0x00, 0x3B, 0x01, 0x00, 0x00, 0xF8, 0x00, 0x02, 0x00,
    0x3D, 0x01, 0x00, 0x00, 0x3D, 0x00, 0x04, 0x00, 0x66, 0x00, 0x00, 0x00, 0x45, 0x01, 0x00, 0x00, 0x3E, 0x00, 0x00,
    0x00, 0x7F, 0x00, 0x04, 0x00, 0x66, 0x00, 0x00, 0x00, 0x46, 0x01, 0x00, 0x00, 0x45, 0x01, 0x00, 0x00, 0x3E, 0x00,
    0x03, 0x00, 0xD4, 0x00, 0x00, 0x00, 0x46, 0x01, 0x00, 0x00, 0xF9, 0x00, 0x02, 0x00, 0x3B, 0x01, 0x00, 0x00, 0xF8,
    0x00, 0x02, 0x00, 0x3B, 0x01, 0x00, 0x00, 0x3D, 0x00, 0x04, 0x00, 0x66, 0x00, 0x00, 0x00, 0x47, 0x01, 0x00, 0x00,
    0xD4, 0x00, 0x00, 0x00, 0x3E, 0x00, 0x03, 0x00, 0x40, 0x00, 0x00, 0x00, 0x47, 0x01, 0x00, 0x00, 0x3D, 0x00, 0x04,
    0x00, 0x66, 0x00, 0x00, 0x00, 0x48, 0x01, 0x00, 0x00, 0x3F, 0x00, 0x00, 0x00, 0x3D, 0x00, 0x04, 0x00, 0x66, 0x00,
    0x00, 0x00, 0x49, 0x01, 0x00, 0x00, 0x40, 0x00, 0x00, 0x00, 0x0C, 0x00, 0x07, 0x00, 0x66, 0x00, 0x00, 0x00, 0x4A,
    0x01, 0x00, 0x00, 0x01, 0x00, 0x00, 0x00, 0x44, 0x00, 0x00, 0x00, 0x48, 0x01, 0x00, 0x00, 0x49, 0x01, 0x00, 0x00,
    0x3E, 0x00, 0x03, 0x00, 0x41, 0x00, 0x00, 0x00, 0x4A, 0x01, 0x00, 0x00, 0x3D, 0x00, 0x04, 0x00, 0x66, 0x00, 0x00,
    0x00, 0x4B, 0x01, 0x00, 0x00, 0x41, 0x00, 0x00, 0x00, 0x3D, 0x00, 0x04, 0x00, 0x66, 0x00, 0x00, 0x00, 0x4C, 0x01,
    0x00, 0x00, 0x41, 0x00, 0x00, 0x00, 0x94, 0x00, 0x05, 0x00, 0x64, 0x00, 0x00, 0x00, 0x4D, 0x01, 0x00, 0x00, 0x4B,
    0x01, 0x00, 0x00, 0x4C, 0x01, 0x00, 0x00, 0xBA, 0x00, 0x05, 0x00, 0x74, 0x00, 0x00, 0x00, 0x4E, 0x01, 0x00, 0x00,
    0x4D, 0x01, 0x00, 0x00, 0x9A, 0x00, 0x00, 0x00, 0xF7, 0x00, 0x03, 0x00, 0x4F, 0x01, 0x00, 0x00, 0x00, 0x00, 0x00,
    0x00, 0xFA, 0x00, 0x04, 0x00, 0x4E, 0x01, 0x00, 0x00, 0x50, 0x01, 0x00, 0x00, 0x51, 0x01, 0x00, 0x00, 0xF8, 0x00,
    0x02, 0x00, 0x50, 0x01, 0x00, 0x00, 0x3D, 0x00, 0x04, 0x00, 0x66, 0x00, 0x00, 0x00, 0x52, 0x01, 0x00, 0x00, 0x41,
    0x00, 0x00, 0x00, 0x0C, 0x00, 0x06, 0x00, 0x66, 0x00, 0x00, 0x00, 0x53, 0x01, 0x00, 0x00, 0x01, 0x00, 0x00, 0x00,
    0x45, 0x00, 0x00, 0x00, 0x52, 0x01, 0x00, 0x00, 0x3E, 0x00, 0x03, 0x00, 0xD5, 0x00, 0x00, 0x00, 0x53, 0x01, 0x00,
    0x00, 0xF9, 0x00, 0x02, 0x00, 0x4F, 0x01, 0x00, 0x00, 0xF8, 0x00, 0x02, 0x00, 0x51, 0x01, 0x00, 0x00, 0x41, 0x00,
    0x05, 0x00, 0x72, 0x00, 0x00, 0x00, 0x54, 0x01, 0x00, 0x00, 0x06, 0x00, 0x00, 0x00, 0x8F, 0x00, 0x00, 0x00, 0x3D,
    0x00, 0x04, 0x00, 0x65, 0x00, 0x00, 0x00, 0x55, 0x01, 0x00, 0x00, 0x54, 0x01, 0x00, 0x00, 0x4F, 0x00, 0x08, 0x00,
    0x66, 0x00, 0x00, 0x00, 0x56, 0x01, 0x00, 0x00, 0x55, 0x01, 0x00, 0x00, 0x55, 0x01, 0x00, 0x00, 0x00, 0x00, 0x00,
    0x00, 0x01, 0x00, 0x00, 0x00, 0x02, 0x00, 0x00, 0x00, 0x3E, 0x00, 0x03, 0x00, 0xD5, 0x00, 0x00, 0x00, 0x56, 0x01,
    0x00, 0x00, 0xF9, 0x00, 0x02, 0x00, 0x4F, 0x01, 0x00, 0x00, 0xF8, 0x00, 0x02, 0x00, 0x4F, 0x01, 0x00, 0x00, 0x3D,
    0x00, 0x04, 0x00, 0x66, 0x00, 0x00, 0x00, 0x57, 0x01, 0x00, 0x00, 0xD5, 0x00, 0x00, 0x00, 0x3E, 0x00, 0x03, 0x00,
    0x41, 0x00, 0x00, 0x00, 0x57, 0x01, 0x00, 0x00, 0x3D, 0x00, 0x04, 0x00, 0x69, 0x00, 0x00, 0x00, 0x58, 0x01, 0x00,
    0x00, 0x38, 0x00, 0x00, 0x00, 0xC7, 0x00, 0x05, 0x00, 0x69, 0x00, 0x00, 0x00, 0x59, 0x01, 0x00, 0x00, 0x58, 0x01,
    0x00, 0x00, 0x88, 0x00, 0x00, 0x00, 0x70, 0x00, 0x04, 0x00, 0x64, 0x00, 0x00, 0x00, 0x5A, 0x01, 0x00, 0x00, 0x59,
    0x01, 0x00, 0x00, 0x83, 0x00, 0x05, 0x00, 0x64, 0x00, 0x00, 0x00, 0x5B, 0x01, 0x00, 0x00, 0x5A, 0x01, 0x00, 0x00,
    0x77, 0x00, 0x00, 0x00, 0x3E, 0x00, 0x03, 0x00, 0x42, 0x00, 0x00, 0x00, 0x5B, 0x01, 0x00, 0x00, 0x3D, 0x00, 0x04,
    0x00, 0x64, 0x00, 0x00, 0x00, 0x5C, 0x01, 0x00, 0x00, 0x36, 0x00, 0x00, 0x00, 0x3D, 0x00, 0x04, 0x00, 0x69, 0x00,
    0x00, 0x00, 0x5D, 0x01, 0x00, 0x00, 0x3B, 0x00, 0x00, 0x00, 0x70, 0x00, 0x04, 0x00, 0x64, 0x00, 0x00, 0x00, 0x5E,
    0x01, 0x00, 0x00, 0x5D, 0x01, 0x00, 0x00, 0x88, 0x00, 0x05, 0x00, 0x64, 0x00, 0x00, 0x00, 0x5F, 0x01, 0x00, 0x00,
    0x5E, 0x01, 0x00, 0x00, 0x99, 0x00, 0x00, 0x00, 0x83, 0x00, 0x05, 0x00, 0x64, 0x00, 0x00, 0x00, 0x60, 0x01, 0x00,
    0x00, 0x75, 0x00, 0x00, 0x00, 0x5F, 0x01, 0x00, 0x00, 0x85, 0x00, 0x05, 0x00, 0x64, 0x00, 0x00, 0x00, 0x61, 0x01,
    0x00, 0x00, 0x5C, 0x01, 0x00, 0x00, 0x60, 0x01, 0x00, 0x00, 0x3E, 0x00, 0x03, 0x00, 0x43, 0x00, 0x00, 0x00, 0x61,
    0x01, 0x00, 0x00, 0x3D, 0x00, 0x04, 0x00, 0x69, 0x00, 0x00, 0x00, 0x62, 0x01, 0x00, 0x00, 0x3B, 0x00, 0x00, 0x00,
    0x70, 0x00, 0x04, 0x00, 0x64, 0x00, 0x00, 0x00, 0x63, 0x01, 0x00, 0x00, 0x62, 0x01, 0x00, 0x00, 0x88, 0x00, 0x05,
    0x00, 0x64, 0x00, 0x00, 0x00, 0x64, 0x01, 0x00, 0x00, 0x63, 0x01, 0x00, 0x00, 0x99, 0x00, 0x00, 0x00, 0x3D, 0x00,
    0x04, 0x00, 0x69, 0x00, 0x00, 0x00, 0x65, 0x01, 0x00, 0x00, 0x38, 0x00, 0x00, 0x00, 0xC7, 0x00, 0x05, 0x00, 0x69,
    0x00, 0x00, 0x00, 0x66, 0x01, 0x00, 0x00, 0x65, 0x01, 0x00, 0x00, 0x88, 0x00, 0x00, 0x00, 0x70, 0x00, 0x04, 0x00,
    0x64, 0x00, 0x00, 0x00, 0x67, 0x01, 0x00, 0x00, 0x66, 0x01, 0x00, 0x00, 0x50, 0x00, 0x05, 0x00, 0x82, 0x00, 0x00,
    0x00, 0x68, 0x01, 0x00, 0x00, 0x64, 0x01, 0x00, 0x00, 0x67, 0x01, 0x00, 0x00, 0x3E, 0x00, 0x03, 0x00, 0x07, 0x00,
    0x00, 0x00, 0x68, 0x01, 0x00, 0x00, 0x3D, 0x00, 0x04, 0x00, 0x64, 0x00, 0x00, 0x00, 0x69, 0x01, 0x00, 0x00, 0x42,
    0x00, 0x00, 0x00, 0x85, 0x00, 0x05, 0x00, 0x64, 0x00, 0x00, 0x00, 0x6A, 0x01, 0x00, 0x00, 0x69, 0x01, 0x00, 0x00,
    0x8B, 0x00, 0x00, 0x00, 0x50, 0x00, 0x05, 0x00, 0x82, 0x00, 0x00, 0x00, 0x6B, 0x01, 0x00, 0x00, 0x81, 0x00, 0x00,
    0x00, 0x6A, 0x01, 0x00, 0x00, 0x3E, 0x00, 0x03, 0x00, 0x0A, 0x00, 0x00, 0x00, 0x6B, 0x01, 0x00, 0x00, 0x41, 0x00,
    0x05, 0x00, 0x9B, 0x00, 0x00, 0x00, 0x6C, 0x01, 0x00, 0x00, 0x06, 0x00, 0x00, 0x00, 0x7A, 0x00, 0x00, 0x00, 0x3D,
    0x00, 0x04, 0x00, 0x7D, 0x00, 0x00, 0x00, 0x6D, 0x01, 0x00, 0x00, 0x6C, 0x01, 0x00, 0x00, 0x3D, 0x00, 0x04, 0x00,
    0x66, 0x00, 0x00, 0x00, 0x6E, 0x01, 0x00, 0x00, 0x3E, 0x00, 0x00, 0x00, 0x3D, 0x00, 0x04, 0x00, 0x66, 0x00, 0x00,
    0x00, 0x6F, 0x01, 0x00, 0x00, 0x41, 0x00, 0x00, 0x00, 0x3D, 0x00, 0x04, 0x00, 0x64, 0x00, 0x00, 0x00, 0x70, 0x01,
    0x00, 0x00, 0x42, 0x00, 0x00, 0x00, 0x3D, 0x00, 0x04, 0x00, 0x64, 0x00, 0x00, 0x00, 0x71, 0x01, 0x00, 0x00, 0x43,
    0x00, 0x00, 0x00, 0x85, 0x00, 0x05, 0x00, 0x64, 0x00, 0x00, 0x00, 0x72, 0x01, 0x00, 0x00, 0x70, 0x01, 0x00, 0x00,
    0x71, 0x01, 0x00, 0x00, 0x8E, 0x00, 0x05, 0x00, 0x66, 0x00, 0x00, 0x00, 0x73, 0x01, 0x00, 0x00, 0x6F, 0x01, 0x00,
    0x00, 0x72, 0x01, 0x00, 0x00, 0x81, 0x00, 0x05, 0x00, 0x66, 0x00, 0x00, 0x00, 0x74, 0x01, 0x00, 0x00, 0x6E, 0x01,
    0x00, 0x00, 0x73, 0x01, 0x00, 0x00, 0x51, 0x00, 0x05, 0x00, 0x64, 0x00, 0x00, 0x00, 0x75, 0x01, 0x00, 0x00, 0x74,
    0x01, 0x00, 0x00, 0x00, 0x00, 0x00, 0x00, 0x51, 0x00, 0x05, 0x00, 0x64, 0x00, 0x00, 0x00, 0x76, 0x01, 0x00, 0x00,
    0x74, 0x01, 0x00, 0x00, 0x01, 0x00, 0x00, 0x00, 0x51, 0x00, 0x05, 0x00, 0x64, 0x00, 0x00, 0x00, 0x77, 0x01, 0x00,
    0x00, 0x74, 0x01, 0x00, 0x00, 0x02, 0x00, 0x00, 0x00, 0x50, 0x00, 0x07, 0x00, 0x65, 0x00, 0x00, 0x00, 0x78, 0x01,
    0x00, 0x00, 0x75, 0x01, 0x00, 0x00, 0x76, 0x01, 0x00, 0x00, 0x77, 0x01, 0x00, 0x00, 0x75, 0x00, 0x00, 0x00, 0x91,
    0x00, 0x05, 0x00, 0x65, 0x00, 0x00, 0x00, 0x79, 0x01, 0x00, 0x00, 0x6D, 0x01, 0x00, 0x00, 0x78, 0x01, 0x00, 0x00,
    0x41, 0x00, 0x05, 0x00, 0x85, 0x00, 0x00, 0x00, 0x7A, 0x01, 0x00, 0x00, 0x0B, 0x00, 0x00, 0x00, 0x7A, 0x00, 0x00,
    0x00, 0x3E, 0x00, 0x03, 0x00, 0x7A, 0x01, 0x00, 0x00, 0x79, 0x01, 0x00, 0x00, 0xFD, 0x00, 0x01, 0x00, 0xF8, 0x00,
    0x02, 0x00, 0x11, 0x01, 0x00, 0x00, 0x3D, 0x00, 0x04, 0x00, 0x69, 0x00, 0x00, 0x00, 0x7B, 0x01, 0x00, 0x00, 0x38,
    0x00, 0x00, 0x00, 0xC7, 0x00, 0x05, 0x00, 0x69, 0x00, 0x00, 0x00, 0x7C, 0x01, 0x00, 0x00, 0x7B, 0x01, 0x00, 0x00,
    0x88, 0x00, 0x00, 0x00, 0x70, 0x00, 0x04, 0x00, 0x64, 0x00, 0x00, 0x00, 0x7D, 0x01, 0x00, 0x00, 0x7C, 0x01, 0x00,
    0x00, 0x3D, 0x00, 0x04, 0x00, 0x69, 0x00, 0x00, 0x00, 0x7E, 0x01, 0x00, 0x00, 0x38, 0x00, 0x00, 0x00, 0xC2, 0x00,
    0x05, 0x00, 0x69, 0x00, 0x00, 0x00, 0x7F, 0x01, 0x00, 0x00, 0x7E, 0x01, 0x00, 0x00, 0x88, 0x00, 0x00, 0x00, 0x70,
    0x00, 0x04, 0x00, 0x64, 0x00, 0x00, 0x00, 0x80, 0x01, 0x00, 0x00, 0x7F, 0x01, 0x00, 0x00, 0x50, 0x00, 0x05, 0x00,
    0x82, 0x00, 0x00, 0x00, 0x81, 0x01, 0x00, 0x00, 0x7D, 0x01, 0x00, 0x00, 0x80, 0x01, 0x00, 0x00, 0x3E, 0x00, 0x03,
    0x00, 0x44, 0x00, 0x00, 0x00, 0x81, 0x01, 0x00, 0x00, 0x3D, 0x00, 0x04, 0x00, 0x66, 0x00, 0x00, 0x00, 0x82, 0x01,
    0x00, 0x00, 0x37, 0x00, 0x00, 0x00, 0x3D, 0x00, 0x04, 0x00, 0x26, 0x00, 0x00, 0x00, 0x83, 0x01, 0x00, 0x00, 0x2E,
    0x00, 0x00, 0x00, 0x3D, 0x00, 0x04, 0x00, 0x64, 0x00, 0x00, 0x00, 0x84, 0x01, 0x00, 0x00, 0x31, 0x00, 0x00, 0x00,
    0x39, 0x00, 0x06, 0x00, 0x66, 0x00, 0x00, 0x00, 0x85, 0x01, 0x00, 0x00, 0x27, 0x00, 0x00, 0x00, 0x83, 0x01, 0x00,
    0x00, 0x84, 0x01, 0x00, 0x00, 0x81, 0x00, 0x05, 0x00, 0x66, 0x00, 0x00, 0x00, 0x86, 0x01, 0x00, 0x00, 0x82, 0x01,
    0x00, 0x00, 0x85, 0x01, 0x00, 0x00, 0x41, 0x00, 0x05, 0x00, 0x72, 0x00, 0x00, 0x00, 0x87, 0x01, 0x00, 0x00, 0x06,
    0x00, 0x00, 0x00, 0x76, 0x00, 0x00, 0x00, 0x3D, 0x00, 0x04, 0x00, 0x65, 0x00, 0x00, 0x00, 0x88, 0x01, 0x00, 0x00,
    0x87, 0x01, 0x00, 0x00, 0x4F, 0x00, 0x08, 0x00, 0x66, 0x00, 0x00, 0x00, 0x89, 0x01, 0x00, 0x00, 0x88, 0x01, 0x00,
    0x00, 0x88, 0x01, 0x00, 0x00, 0x00, 0x00, 0x00, 0x00, 0x01, 0x00, 0x00, 0x00, 0x02, 0x00, 0x00, 0x00, 0x41, 0x00,
    0x05, 0x00, 0x68, 0x00, 0x00, 0x00, 0x8A, 0x01, 0x00, 0x00, 0x44, 0x00, 0x00, 0x00, 0x8E, 0x00, 0x00, 0x00, 0x3D,
    0x00, 0x04, 0x00, 0x64, 0x00, 0x00, 0x00, 0x8B, 0x01, 0x00, 0x00, 0x8A, 0x01, 0x00, 0x00, 0x83, 0x00, 0x05, 0x00,
    0x64, 0x00, 0x00, 0x00, 0x8C, 0x01, 0x00, 0x00, 0x8B, 0x01, 0x00, 0x00, 0x77, 0x00, 0x00, 0x00, 0x8E, 0x00, 0x05,
    0x00, 0x66, 0x00, 0x00, 0x00, 0x8D, 0x01, 0x00, 0x00, 0x89, 0x01, 0x00, 0x00, 0x8C, 0x01, 0x00, 0x00, 0x41, 0x00,
    0x05, 0x00, 0x72, 0x00, 0x00, 0x00, 0x8E, 0x01, 0x00, 0x00, 0x06, 0x00, 0x00, 0x00, 0x8F, 0x00, 0x00, 0x00, 0x3D,
    0x00, 0x04, 0x00, 0x65, 0x00, 0x00, 0x00, 0x8F, 0x01, 0x00, 0x00, 0x8E, 0x01, 0x00, 0x00, 0x4F, 0x00, 0x08, 0x00,
    0x66, 0x00, 0x00, 0x00, 0x90, 0x01, 0x00, 0x00, 0x8F, 0x01, 0x00, 0x00, 0x8F, 0x01, 0x00, 0x00, 0x00, 0x00, 0x00,
    0x00, 0x01, 0x00, 0x00, 0x00, 0x02, 0x00, 0x00, 0x00, 0x41, 0x00, 0x05, 0x00, 0x68, 0x00, 0x00, 0x00, 0x91, 0x01,
    0x00, 0x00, 0x44, 0x00, 0x00, 0x00, 0x88, 0x00, 0x00, 0x00, 0x3D, 0x00, 0x04, 0x00, 0x64, 0x00, 0x00, 0x00, 0x92,
    0x01, 0x00, 0x00, 0x91, 0x01, 0x00, 0x00, 0x83, 0x00, 0x05, 0x00, 0x64, 0x00, 0x00, 0x00, 0x93, 0x01, 0x00, 0x00,
    0x92, 0x01, 0x00, 0x00, 0x77, 0x00, 0x00, 0x00, 0x8E, 0x00, 0x05, 0x00, 0x66, 0x00, 0x00, 0x00, 0x94, 0x01, 0x00,
    0x00, 0x90, 0x01, 0x00, 0x00, 0x93, 0x01, 0x00, 0x00, 0x81, 0x00, 0x05, 0x00, 0x66, 0x00, 0x00, 0x00, 0x95, 0x01,
    0x00, 0x00, 0x8D, 0x01, 0x00, 0x00, 0x94, 0x01, 0x00, 0x00, 0x3D, 0x00, 0x04, 0x00, 0x64, 0x00, 0x00, 0x00, 0x96,
    0x01, 0x00, 0x00, 0x36, 0x00, 0x00, 0x00, 0x8E, 0x00, 0x05, 0x00, 0x66, 0x00, 0x00, 0x00, 0x97, 0x01, 0x00, 0x00,
    0x95, 0x01, 0x00, 0x00, 0x96, 0x01, 0x00, 0x00, 0x81, 0x00, 0x05, 0x00, 0x66, 0x00, 0x00, 0x00, 0x98, 0x01, 0x00,
    0x00, 0x86, 0x01, 0x00, 0x00, 0x97, 0x01, 0x00, 0x00, 0x3E, 0x00, 0x03, 0x00, 0x45, 0x00, 0x00, 0x00, 0x98, 0x01,
    0x00, 0x00, 0x41, 0x00, 0x06, 0x00, 0xA0, 0x00, 0x00, 0x00, 0x99, 0x01, 0x00, 0x00, 0x03, 0x00, 0x00, 0x00, 0x9F,
    0x00, 0x00, 0x00, 0x7F, 0x00, 0x00, 0x00, 0x3D, 0x00, 0x04, 0x00, 0x69, 0x00, 0x00, 0x00, 0x9A, 0x01, 0x00, 0x00,
    0x99, 0x01, 0x00, 0x00, 0xC7, 0x00, 0x05, 0x00, 0x69, 0x00, 0x00, 0x00, 0x9B, 0x01, 0x00, 0x00, 0x9A, 0x01, 0x00,
    0x00, 0xA1, 0x00, 0x00, 0x00, 0x41, 0x00, 0x06, 0x00, 0xA0, 0x00, 0x00, 0x00, 0x9C, 0x01, 0x00, 0x00, 0x03, 0x00,
    0x00, 0x00, 0x9F, 0x00, 0x00, 0x00, 0x7F, 0x00, 0x00, 0x00, 0x3D, 0x00, 0x04, 0x00, 0x69, 0x00, 0x00, 0x00, 0x9D,
    0x01, 0x00, 0x00, 0x9C, 0x01, 0x00, 0x00, 0xC2, 0x00, 0x05, 0x00, 0x69, 0x00, 0x00, 0x00, 0x9E, 0x01, 0x00, 0x00,
    0x9D, 0x01, 0x00, 0x00, 0xA2, 0x00, 0x00, 0x00, 0x50, 0x00, 0x05, 0x00, 0x9D, 0x00, 0x00, 0x00, 0x9F, 0x01, 0x00,
    0x00, 0x9B, 0x01, 0x00, 0x00, 0x9E, 0x01, 0x00, 0x00, 0x3E, 0x00, 0x03, 0x00, 0x46, 0x00, 0x00, 0x00, 0x9F, 0x01,
    0x00, 0x00, 0x41, 0x00, 0x05, 0x00, 0x91, 0x00, 0x00, 0x00, 0xA0, 0x01, 0x00, 0x00, 0x46, 0x00, 0x00, 0x00, 0x8E,
    0x00, 0x00, 0x00, 0x3D, 0x00, 0x04, 0x00, 0x69, 0x00, 0x00, 0x00, 0xA1, 0x01, 0x00, 0x00, 0xA0, 0x01, 0x00, 0x00,
    0x41, 0x00, 0x05, 0x00, 0x91, 0x00, 0x00, 0x00, 0xA2, 0x01, 0x00, 0x00, 0x46, 0x00, 0x00, 0x00, 0x88, 0x00, 0x00,
    0x00, 0x3D, 0x00, 0x04, 0x00, 0x69, 0x00, 0x00, 0x00, 0xA3, 0x01, 0x00, 0x00, 0xA2, 0x01, 0x00, 0x00, 0x84, 0x00,
    0x05, 0x00, 0x69, 0x00, 0x00, 0x00, 0xA4, 0x01, 0x00, 0x00, 0xA1, 0x01, 0x00, 0x00, 0xA3, 0x01, 0x00, 0x00, 0x0C,
    0x00, 0x07, 0x00, 0x69, 0x00, 0x00, 0x00, 0xA5, 0x01, 0x00, 0x00, 0x01, 0x00, 0x00, 0x00, 0x29, 0x00, 0x00, 0x00,
    0xA4, 0x01, 0x00, 0x00, 0x88, 0x00, 0x00, 0x00, 0x3E, 0x00, 0x03, 0x00, 0x47, 0x00, 0x00, 0x00, 0xA5, 0x01, 0x00,
    0x00, 0x3D, 0x00, 0x04, 0x00, 0x64, 0x00, 0x00, 0x00, 0xA6, 0x01, 0x00, 0x00, 0x35, 0x00, 0x00, 0x00, 0x3D, 0x00,
    0x04, 0x00, 0x69, 0x00, 0x00, 0x00, 0xA7, 0x01, 0x00, 0x00, 0x47, 0x00, 0x00, 0x00, 0x70, 0x00, 0x04, 0x00, 0x64,
    0x00, 0x00, 0x00, 0xA8, 0x01, 0x00, 0x00, 0xA7, 0x01, 0x00, 0x00, 0x85, 0x00, 0x05, 0x00, 0x64, 0x00, 0x00, 0x00,
    0xA9, 0x01, 0x00, 0x00, 0xA6, 0x01, 0x00, 0x00, 0xA8, 0x01, 0x00, 0x00, 0x6D, 0x00, 0x04, 0x00, 0x69, 0x00, 0x00,
    0x00, 0xAA, 0x01, 0x00, 0x00, 0xA9, 0x01, 0x00, 0x00, 0x3D, 0x00, 0x04, 0x00, 0x69, 0x00, 0x00, 0x00, 0xAB, 0x01,
    0x00, 0x00, 0x47, 0x00, 0x00, 0x00, 0x82, 0x00, 0x05, 0x00, 0x69, 0x00, 0x00, 0x00, 0xAC, 0x01, 0x00, 0x00, 0xAB,
    0x01, 0x00, 0x00, 0x88, 0x00, 0x00, 0x00, 0x0C, 0x00, 0x07, 0x00, 0x69, 0x00, 0x00, 0x00, 0xAD, 0x01, 0x00, 0x00,
    0x01, 0x00, 0x00, 0x00, 0x26, 0x00, 0x00, 0x00, 0xAA, 0x01, 0x00, 0x00, 0xAC, 0x01, 0x00, 0x00, 0x3E, 0x00, 0x03,
    0x00, 0x48, 0x00, 0x00, 0x00, 0xAD, 0x01, 0x00, 0x00, 0x3D, 0x00, 0x04, 0x00, 0x69, 0x00, 0x00, 0x00, 0xAE, 0x01,
    0x00, 0x00, 0x48, 0x00, 0x00, 0x00, 0x41, 0x00, 0x05, 0x00, 0x91, 0x00, 0x00, 0x00, 0xAF, 0x01, 0x00, 0x00, 0x46,
    0x00, 0x00, 0x00, 0x8E, 0x00, 0x00, 0x00, 0x3D, 0x00, 0x04, 0x00, 0x69, 0x00, 0x00, 0x00, 0xB0, 0x01, 0x00, 0x00,
    0xAF, 0x01, 0x00, 0x00, 0x0C, 0x00, 0x07, 0x00, 0x69, 0x00, 0x00, 0x00, 0xB1, 0x01, 0x00, 0x00, 0x01, 0x00, 0x00,
    0x00, 0x29, 0x00, 0x00, 0x00, 0xB0, 0x01, 0x00, 0x00, 0x88, 0x00, 0x00, 0x00, 0x89, 0x00, 0x05, 0x00, 0x69, 0x00,
    0x00, 0x00, 0xB2, 0x01, 0x00, 0x00, 0xAE, 0x01, 0x00, 0x00, 0xB1, 0x01, 0x00, 0x00, 0x70, 0x00, 0x04, 0x00, 0x64,
    0x00, 0x00, 0x00, 0xB3, 0x01, 0x00, 0x00, 0xB2, 0x01, 0x00, 0x00, 0x3D, 0x00, 0x04, 0x00, 0x69, 0x00, 0x00, 0x00,
    0xB4, 0x01, 0x00, 0x00, 0x48, 0x00, 0x00, 0x00, 0x41, 0x00, 0x05, 0x00, 0x91, 0x00, 0x00, 0x00, 0xB5, 0x01, 0x00,
    0x00, 0x46, 0x00, 0x00, 0x00, 0x8E, 0x00, 0x00, 0x00, 0x3D, 0x00, 0x04, 0x00, 0x69, 0x00, 0x00, 0x00, 0xB6, 0x01,
    0x00, 0x00, 0xB5, 0x01, 0x00, 0x00, 0x0C, 0x00, 0x07, 0x00, 0x69, 0x00, 0x00, 0x00, 0xB7, 0x01, 0x00, 0x00, 0x01,
    0x00, 0x00, 0x00, 0x29, 0x00, 0x00, 0x00, 0xB6, 0x01, 0x00, 0x00, 0x88, 0x00, 0x00, 0x00, 0x86, 0x00, 0x05, 0x00,
    0x69, 0x00, 0x00, 0x00, 0xB8, 0x01, 0x00, 0x00, 0xB4, 0x01, 0x00, 0x00, 0xB7, 0x01, 0x00, 0x00, 0x70, 0x00, 0x04,
    0x00, 0x64, 0x00, 0x00, 0x00, 0xB9, 0x01, 0x00, 0x00, 0xB8, 0x01, 0x00, 0x00, 0x50, 0x00, 0x05, 0x00, 0x82, 0x00,
    0x00, 0x00, 0xBA, 0x01, 0x00, 0x00, 0xB3, 0x01, 0x00, 0x00, 0xB9, 0x01, 0x00, 0x00, 0x3E, 0x00, 0x03, 0x00, 0x49,
    0x00, 0x00, 0x00, 0xBA, 0x01, 0x00, 0x00, 0x3D, 0x00, 0x04, 0x00, 0x82, 0x00, 0x00, 0x00, 0xBB, 0x01, 0x00, 0x00,
    0x49, 0x00, 0x00, 0x00, 0x41, 0x00, 0x05, 0x00, 0x68, 0x00, 0x00, 0x00, 0xBC, 0x01, 0x00, 0x00, 0x44, 0x00, 0x00,
    0x00, 0x8E, 0x00, 0x00, 0x00, 0x3D, 0x00, 0x04, 0x00, 0x64, 0x00, 0x00, 0x00, 0xBD, 0x01, 0x00, 0x00, 0xBC, 0x01,
    0x00, 0x00, 0x41, 0x00, 0x05, 0x00, 0x68, 0x00, 0x00, 0x00, 0xBE, 0x01, 0x00, 0x00, 0x44, 0x00, 0x00, 0x00, 0x88,
    0x00, 0x00, 0x00, 0x3D, 0x00, 0x04, 0x00, 0x64, 0x00, 0x00, 0x00, 0xBF, 0x01, 0x00, 0x00, 0xBE, 0x01, 0x00, 0x00,
    0x83, 0x00, 0x05, 0x00, 0x64, 0x00, 0x00, 0x00, 0xC0, 0x01, 0x00, 0x00, 0x75, 0x00, 0x00, 0x00, 0xBF, 0x01, 0x00,
    0x00, 0x50, 0x00, 0x05, 0x00, 0x82, 0x00, 0x00, 0x00, 0xC1, 0x01, 0x00, 0x00, 0xBD, 0x01, 0x00, 0x00, 0xC0, 0x01,
    0x00, 0x00, 0x81, 0x00, 0x05, 0x00, 0x82, 0x00, 0x00, 0x00, 0xC2, 0x01, 0x00, 0x00, 0xBB, 0x01, 0x00, 0x00, 0xC1,
    0x01, 0x00, 0x00, 0x3D, 0x00, 0x04, 0x00, 0x9D, 0x00, 0x00, 0x00, 0xC3, 0x01, 0x00, 0x00, 0x46, 0x00, 0x00, 0x00,
    0x0C, 0x00, 0x07, 0x00, 0x9D, 0x00, 0x00, 0x00, 0xC4, 0x01, 0x00, 0x00, 0x01, 0x00, 0x00, 0x00, 0x29, 0x00, 0x00,
    0x00, 0xC3, 0x01, 0x00, 0x00, 0xA3, 0x00, 0x00, 0x00, 0x70, 0x00, 0x04, 0x00, 0x82, 0x00, 0x00, 0x00, 0xC5, 0x01,
    0x00, 0x00, 0xC4, 0x01, 0x00, 0x00, 0x88, 0x00, 0x05, 0x00, 0x82, 0x00, 0x00, 0x00, 0xC6, 0x01, 0x00, 0x00, 0xC2,
    0x01, 0x00, 0x00, 0xC5, 0x01, 0x00, 0x00, 0x3E, 0x00, 0x03, 0x00, 0x07, 0x00, 0x00, 0x00, 0xC6, 0x01, 0x00, 0x00,
    0x3D, 0x00, 0x04, 0x00, 0x82, 0x00, 0x00, 0x00, 0xC7, 0x01, 0x00, 0x00, 0x44, 0x00, 0x00, 0x00, 0x8E, 0x00, 0x05,
    0x00, 0x82, 0x00, 0x00, 0x00, 0xC8, 0x01, 0x00, 0x00, 0xC7, 0x01, 0x00, 0x00, 0x8B, 0x00, 0x00, 0x00, 0x50, 0x00,
    0x05, 0x00, 0x82, 0x00, 0x00, 0x00, 0xC9, 0x01, 0x00, 0x00, 0x75, 0x00, 0x00, 0x00, 0x75, 0x00, 0x00, 0x00, 0x83,
    0x00, 0x05, 0x00, 0x82, 0x00, 0x00, 0x00, 0xCA, 0x01, 0x00, 0x00, 0xC8, 0x01, 0x00, 0x00, 0xC9, 0x01, 0x00, 0x00,
    0x3E, 0x00, 0x03, 0x00, 0x0A, 0x00, 0x00, 0x00, 0xCA, 0x01, 0x00, 0x00, 0x41, 0x00, 0x05, 0x00, 0x9B, 0x00, 0x00,
    0x00, 0xCB, 0x01, 0x00, 0x00, 0x06, 0x00, 0x00, 0x00, 0x7A, 0x00, 0x00, 0x00, 0x3D, 0x00, 0x04, 0x00, 0x7D, 0x00,
    0x00, 0x00, 0xCC, 0x01, 0x00, 0x00, 0xCB, 0x01, 0x00, 0x00, 0x3D, 0x00, 0x04, 0x00, 0x66, 0x00, 0x00, 0x00, 0xCD,
    0x01, 0x00, 0x00, 0x45, 0x00, 0x00, 0x00, 0x51, 0x00, 0x05, 0x00, 0x64, 0x00, 0x00, 0x00, 0xCE, 0x01, 0x00, 0x00,
    0xCD, 0x01, 0x00, 0x00, 0x00, 0x00, 0x00, 0x00, 0x51, 0x00, 0x05, 0x00, 0x64, 0x00, 0x00, 0x00, 0xCF, 0x01, 0x00,
    0x00, 0xCD, 0x01, 0x00, 0x00, 0x01, 0x00, 0x00, 0x00, 0x51, 0x00, 0x05, 0x00, 0x64, 0x00, 0x00, 0x00, 0xD0, 0x01,
    0x00, 0x00, 0xCD, 0x01, 0x00, 0x00, 0x02, 0x00, 0x00, 0x00, 0x50, 0x00, 0x07, 0x00, 0x65, 0x00, 0x00, 0x00, 0xD1,
    0x01, 0x00, 0x00, 0xCE, 0x01, 0x00, 0x00, 0xCF, 0x01, 0x00, 0x00, 0xD0, 0x01, 0x00, 0x00, 0x75, 0x00, 0x00, 0x00,
    0x91, 0x00, 0x05, 0x00, 0x65, 0x00, 0x00, 0x00, 0xD2, 0x01, 0x00, 0x00, 0xCC, 0x01, 0x00, 0x00, 0xD1, 0x01, 0x00,
    0x00, 0x41, 0x00, 0x05, 0x00, 0x85, 0x00, 0x00, 0x00, 0xD3, 0x01, 0x00, 0x00, 0x0B, 0x00, 0x00, 0x00, 0x7A, 0x00,
    0x00, 0x00, 0x3E, 0x00, 0x03, 0x00, 0xD3, 0x01, 0x00, 0x00, 0xD2, 0x01, 0x00, 0x00, 0xFD, 0x00, 0x01, 0x00, 0x38,
    0x00, 0x01, 0x00, 0x36, 0x00, 0x05, 0x00, 0x66, 0x00, 0x00, 0x00, 0x27, 0x00, 0x00, 0x00, 0x00, 0x00, 0x00, 0x00,
    0x67, 0x00, 0x00, 0x00, 0x37, 0x00, 0x03, 0x00, 0x26, 0x00, 0x00, 0x00, 0x28, 0x00, 0x00, 0x00, 0x37, 0x00, 0x03,
    0x00, 0x64, 0x00, 0x00, 0x00, 0x29, 0x00, 0x00, 0x00, 0xF8, 0x00, 0x02, 0x00, 0xD4, 0x01, 0x00, 0x00, 0x3B, 0x00,
    0x04, 0x00, 0x68, 0x00, 0x00, 0x00, 0x2A, 0x00, 0x00, 0x00, 0x07, 0x00, 0x00, 0x00, 0x3B, 0x00, 0x04, 0x00, 0x70,
    0x00, 0x00, 0x00, 0x2C, 0x00, 0x00, 0x00, 0x07, 0x00, 0x00, 0x00, 0x3B, 0x00, 0x04, 0x00, 0x68, 0x00, 0x00, 0x00,
    0x2D, 0x00, 0x00, 0x00, 0x07, 0x00, 0x00, 0x00, 0x41, 0x00, 0x06, 0x00, 0x6F, 0x00, 0x00, 0x00, 0xD5, 0x01, 0x00,
    0x00, 0x03, 0x00, 0x00, 0x00, 0x6D, 0x00, 0x00, 0x00, 0x6E, 0x00, 0x00, 0x00, 0x3D, 0x00, 0x04, 0x00, 0x64, 0x00,
    0x00, 0x00, 0xD6, 0x01, 0x00, 0x00, 0xD5, 0x01, 0x00, 0x00, 0x3E, 0x00, 0x03, 0x00, 0x2A, 0x00, 0x00, 0x00, 0xD6,
    0x01, 0x00, 0x00, 0x41, 0x00, 0x05, 0x00, 0x72, 0x00, 0x00, 0x00, 0xD7, 0x01, 0x00, 0x00, 0x03, 0x00, 0x00, 0x00,
    0x71, 0x00, 0x00, 0x00, 0x3D, 0x00, 0x04, 0x00, 0x65, 0x00, 0x00, 0x00, 0xD8, 0x01, 0x00, 0x00, 0xD7, 0x01, 0x00,
    0x00, 0x4F, 0x00, 0x08, 0x00, 0x66, 0x00, 0x00, 0x00, 0xD9, 0x01, 0x00, 0x00, 0xD8, 0x01, 0x00, 0x00, 0xD8, 0x01,
    0x00, 0x00, 0x00, 0x00, 0x00, 0x00, 0x01, 0x00, 0x00, 0x00, 0x02, 0x00, 0x00, 0x00, 0x3E, 0x00, 0x03, 0x00, 0x2C,
    0x00, 0x00, 0x00, 0xD9, 0x01, 0x00, 0x00, 0x3D, 0x00, 0x04, 0x00, 0x64, 0x00, 0x00, 0x00, 0xDA, 0x01, 0x00, 0x00,
    0x2A, 0x00, 0x00, 0x00, 0xBA, 0x00, 0x05, 0x00, 0x74, 0x00, 0x00, 0x00, 0xDB, 0x01, 0x00, 0x00, 0xDA, 0x01, 0x00,
    0x00, 0x73, 0x00, 0x00, 0x00, 0xF7, 0x00, 0x03, 0x00, 0xDC, 0x01, 0x00, 0x00, 0x00, 0x00, 0x00, 0x00, 0xFA, 0x00,
    0x04, 0x00, 0xDB, 0x01, 0x00, 0x00, 0xDD, 0x01, 0x00, 0x00, 0xDC, 0x01, 0x00, 0x00, 0xF8, 0x00, 0x02, 0x00, 0xDD,
    0x01, 0x00, 0x00, 0x3D, 0x00, 0x04, 0x00, 0x64, 0x00, 0x00, 0x00, 0xDE, 0x01, 0x00, 0x00, 0x2A, 0x00, 0x00, 0x00,
    0x7F, 0x00, 0x04, 0x00, 0x64, 0x00, 0x00, 0x00, 0xDF, 0x01, 0x00, 0x00, 0xDE, 0x01, 0x00, 0x00, 0x85, 0x00, 0x05,
    0x00, 0x64, 0x00, 0x00, 0x00, 0xE0, 0x01, 0x00, 0x00, 0xDF, 0x01, 0x00, 0x00, 0x29, 0x00, 0x00, 0x00, 0x0C, 0x00,
    0x06, 0x00, 0x64, 0x00, 0x00, 0x00, 0xE1, 0x01, 0x00, 0x00, 0x01, 0x00, 0x00, 0x00, 0x1B, 0x00, 0x00, 0x00, 0xE0,
    0x01, 0x00, 0x00, 0x83, 0x00, 0x05, 0x00, 0x64, 0x00, 0x00, 0x00, 0xE2, 0x01, 0x00, 0x00, 0x75, 0x00, 0x00, 0x00,
    0xE1, 0x01, 0x00, 0x00, 0x3D, 0x00, 0x04, 0x00, 0x64, 0x00, 0x00, 0x00, 0xE3, 0x01, 0x00, 0x00, 0x2A, 0x00, 0x00,
    0x00, 0x88, 0x00, 0x05, 0x00, 0x64, 0x00, 0x00, 0x00, 0xE4, 0x01, 0x00, 0x00, 0xE2, 0x01, 0x00, 0x00, 0xE3, 0x01,
    0x00, 0x00, 0x3E, 0x00, 0x03, 0x00, 0x2D, 0x00, 0x00, 0x00, 0xE4, 0x01, 0x00, 0x00, 0x51, 0x00, 0x05, 0x00, 0x65,
    0x00, 0x00, 0x00, 0xE5, 0x01, 0x00, 0x00, 0x28, 0x00, 0x00, 0x00, 0x01, 0x00, 0x00, 0x00, 0x4F, 0x00, 0x08, 0x00,
    0x66, 0x00, 0x00, 0x00, 0xE6, 0x01, 0x00, 0x00, 0xE5, 0x01, 0x00, 0x00, 0xE5, 0x01, 0x00, 0x00, 0x00, 0x00, 0x00,
    0x00, 0x01, 0x00, 0x00, 0x00, 0x02, 0x00, 0x00, 0x00, 0x3D, 0x00, 0x04, 0x00, 0x64, 0x00, 0x00, 0x00, 0xE7, 0x01,
    0x00, 0x00, 0x2D, 0x00, 0x00, 0x00, 0x8E, 0x00, 0x05, 0x00, 0x66, 0x00, 0x00, 0x00, 0xE8, 0x01, 0x00, 0x00, 0xE6,
    0x01, 0x00, 0x00, 0xE7, 0x01, 0x00, 0x00, 0x3D, 0x00, 0x04, 0x00, 0x66, 0x00, 0x00, 0x00, 0xE9, 0x01, 0x00, 0x00,
    0x2C, 0x00, 0x00, 0x00, 0x3D, 0x00, 0x04, 0x00, 0x64, 0x00, 0x00, 0x00, 0xEA, 0x01, 0x00, 0x00, 0x2D, 0x00, 0x00,
    0x00, 0x83, 0x00, 0x05, 0x00, 0x64, 0x00, 0x00, 0x00, 0xEB, 0x01, 0x00, 0x00, 0x29, 0x00, 0x00, 0x00, 0xEA, 0x01,
    0x00, 0x00, 0x8E, 0x00, 0x05, 0x00, 0x66, 0x00, 0x00, 0x00, 0xEC, 0x01, 0x00, 0x00, 0xE9, 0x01, 0x00, 0x00, 0xEB,
    0x01, 0x00, 0x00, 0x3D, 0x00, 0x04, 0x00, 0x64, 0x00, 0x00, 0x00, 0xED, 0x01, 0x00, 0x00, 0x2A, 0x00, 0x00, 0x00,
    0x50, 0x00, 0x06, 0x00, 0x66, 0x00, 0x00, 0x00, 0xEE, 0x01, 0x00, 0x00, 0xED, 0x01, 0x00, 0x00, 0xED, 0x01, 0x00,
    0x00, 0xED, 0x01, 0x00, 0x00, 0x88, 0x00, 0x05, 0x00, 0x66, 0x00, 0x00, 0x00, 0xEF, 0x01, 0x00, 0x00, 0xEC, 0x01,
    0x00, 0x00, 0xEE, 0x01, 0x00, 0x00, 0x81, 0x00, 0x05, 0x00, 0x66, 0x00, 0x00, 0x00, 0xF0, 0x01, 0x00, 0x00, 0xE8,
    0x01, 0x00, 0x00, 0xEF, 0x01, 0x00, 0x00, 0xFE, 0x00, 0x02, 0x00, 0xF0, 0x01, 0x00, 0x00, 0xF8, 0x00, 0x02, 0x00,
    0xDC, 0x01, 0x00, 0x00, 0x51, 0x00, 0x05, 0x00, 0x65, 0x00, 0x00, 0x00, 0xF1, 0x01, 0x00, 0x00, 0x28, 0x00, 0x00,
    0x00, 0x01, 0x00, 0x00, 0x00, 0x4F, 0x00, 0x08, 0x00, 0x66, 0x00, 0x00, 0x00, 0xF2, 0x01, 0x00, 0x00, 0xF1, 0x01,
    0x00, 0x00, 0xF1, 0x01, 0x00, 0x00, 0x00, 0x00, 0x00, 0x00, 0x01, 0x00, 0x00, 0x00, 0x02, 0x00, 0x00, 0x00, 0x8E,
    0x00, 0x05, 0x00, 0x66, 0x00, 0x00, 0x00, 0xF3, 0x01, 0x00, 0x00, 0xF2, 0x01, 0x00, 0x00, 0x29, 0x00, 0x00, 0x00,
    0x3D, 0x00, 0x04, 0x00, 0x66, 0x00, 0x00, 0x00, 0xF4, 0x01, 0x00, 0x00, 0x2C, 0x00, 0x00, 0x00, 0x8E, 0x00, 0x05,
    0x00, 0x66, 0x00, 0x00, 0x00, 0xF5, 0x01, 0x00, 0x00, 0xF4, 0x01, 0x00, 0x00, 0x77, 0x00, 0x00, 0x00, 0x8E, 0x00,
    0x05, 0x00, 0x66, 0x00, 0x00, 0x00, 0xF6, 0x01, 0x00, 0x00, 0xF5, 0x01, 0x00, 0x00, 0x29, 0x00, 0x00, 0x00, 0x8E,
    0x00, 0x05, 0x00, 0x66, 0x00, 0x00, 0x00, 0xF7, 0x01, 0x00, 0x00, 0xF6, 0x01, 0x00, 0x00, 0x29, 0x00, 0x00, 0x00,
    0x81, 0x00, 0x05, 0x00, 0x66, 0x00, 0x00, 0x00, 0xF8, 0x01, 0x00, 0x00, 0xF3, 0x01, 0x00, 0x00, 0xF7, 0x01, 0x00,
    0x00, 0xFE, 0x00, 0x02, 0x00, 0xF8, 0x01, 0x00, 0x00, 0x38, 0x00, 0x01, 0x00, 0x36, 0x00, 0x05, 0x00, 0x62, 0x00,
    0x00, 0x00, 0x0D, 0x00, 0x00, 0x00, 0x00, 0x00, 0x00, 0x00, 0x63, 0x00, 0x00, 0x00, 0xF8, 0x00, 0x02, 0x00, 0xF9,
    0x01, 0x00, 0x00, 0x3B, 0x00, 0x04, 0x00, 0x91, 0x00, 0x00, 0x00, 0x4A, 0x00, 0x00, 0x00, 0x07, 0x00, 0x00, 0x00,
    0x3B, 0x00, 0x05, 0x00, 0x96, 0x00, 0x00, 0x00, 0x4B, 0x00, 0x00, 0x00, 0x07, 0x00, 0x00, 0x00, 0xAA, 0x00, 0x00,
    0x00, 0x3B, 0x00, 0x04, 0x00, 0x91, 0x00, 0x00, 0x00, 0x4C, 0x00, 0x00, 0x00, 0x07, 0x00, 0x00, 0x00, 0x3B, 0x00,
    0x04, 0x00, 0x91, 0x00, 0x00, 0x00, 0x4E, 0x00, 0x00, 0x00, 0x07, 0x00, 0x00, 0x00, 0x3B, 0x00, 0x04, 0x00, 0x91,
    0x00, 0x00, 0x00, 0x4F, 0x00, 0x00, 0x00, 0x07, 0x00, 0x00, 0x00, 0x3B, 0x00, 0x04, 0x00, 0x78, 0x00, 0x00, 0x00,
    0x50, 0x00, 0x00, 0x00, 0x07, 0x00, 0x00, 0x00, 0x3B, 0x00, 0x04, 0x00, 0x70, 0x00, 0x00, 0x00, 0x51, 0x00, 0x00,
    0x00, 0x07, 0x00, 0x00, 0x00, 0x3B, 0x00, 0x04, 0x00, 0x70, 0x00, 0x00, 0x00, 0x52, 0x00, 0x00, 0x00, 0x07, 0x00,
    0x00, 0x00, 0x3B, 0x00, 0x04, 0x00, 0x70, 0x00, 0x00, 0x00, 0xFA, 0x01, 0x00, 0x00, 0x07, 0x00, 0x00, 0x00, 0x3B,
    0x00, 0x04, 0x00, 0x70, 0x00, 0x00, 0x00, 0x53, 0x00, 0x00, 0x00, 0x07, 0x00, 0x00, 0x00, 0x3B, 0x00, 0x04, 0x00,
    0x70, 0x00, 0x00, 0x00, 0xFB, 0x01, 0x00, 0x00, 0x07, 0x00, 0x00, 0x00, 0x3B, 0x00, 0x04, 0x00, 0x68, 0x00, 0x00,
    0x00, 0x54, 0x00, 0x00, 0x00, 0x07, 0x00, 0x00, 0x00, 0x3D, 0x00, 0x04, 0x00, 0x6C, 0x00, 0x00, 0x00, 0xFC, 0x01,
    0x00, 0x00, 0x0E, 0x00, 0x00, 0x00, 0x8B, 0x00, 0x05, 0x00, 0x6C, 0x00, 0x00, 0x00, 0xFD, 0x01, 0x00, 0x00, 0xFC,
    0x01, 0x00, 0x00, 0xAB, 0x00, 0x00, 0x00, 0x41, 0x00, 0x05, 0x00, 0x91, 0x00, 0x00, 0x00, 0xFE, 0x01, 0x00, 0x00,
    0x4B, 0x00, 0x00, 0x00, 0xFD, 0x01, 0x00, 0x00, 0x3D, 0x00, 0x04, 0x00, 0x69, 0x00, 0x00, 0x00, 0xFF, 0x01, 0x00,
    0x00, 0xFE, 0x01, 0x00, 0x00, 0x3E, 0x00, 0x03, 0x00, 0x4A, 0x00, 0x00, 0x00, 0xFF, 0x01, 0x00, 0x00, 0x41, 0x00,
    0x06, 0x00, 0xA0, 0x00, 0x00, 0x00, 0x00, 0x02, 0x00, 0x00, 0x0F, 0x00, 0x00, 0x00, 0xAD, 0x00, 0x00, 0x00, 0xA6,
    0x00, 0x00, 0x00, 0x3D, 0x00, 0x04, 0x00, 0x69, 0x00, 0x00, 0x00, 0x01, 0x02, 0x00, 0x00, 0x00, 0x02, 0x00, 0x00,
    0x3E, 0x00, 0x03, 0x00, 0x4C, 0x00, 0x00, 0x00, 0x01, 0x02, 0x00, 0x00, 0x41, 0x00, 0x06, 0x00, 0xA0, 0x00, 0x00,
    0x00, 0x02, 0x02, 0x00, 0x00, 0x0F, 0x00, 0x00, 0x00, 0xAD, 0x00, 0x00, 0x00, 0xA6, 0x00, 0x00, 0x00, 0x3D, 0x00,
    0x04, 0x00, 0x69, 0x00, 0x00, 0x00, 0x03, 0x02, 0x00, 0x00, 0x02, 0x02, 0x00, 0x00, 0x41, 0x00, 0x06, 0x00, 0xA0,
    0x00, 0x00, 0x00, 0x04, 0x02, 0x00, 0x00, 0x0F, 0x00, 0x00, 0x00, 0xAD, 0x00, 0x00, 0x00, 0xA7, 0x00, 0x00, 0x00,
    0x3D, 0x00, 0x04, 0x00, 0x69, 0x00, 0x00, 0x00, 0x05, 0x02, 0x00, 0x00, 0x04, 0x02, 0x00, 0x00, 0x80, 0x00, 0x05,
    0x00, 0x69, 0x00, 0x00, 0x00, 0x06, 0x02, 0x00, 0x00, 0x03, 0x02, 0x00, 0x00, 0x05, 0x02, 0x00, 0x00, 0x82, 0x00,
    0x05, 0x00, 0x69, 0x00, 0x00, 0x00, 0x07, 0x02, 0x00, 0x00, 0x06, 0x02, 0x00, 0x00, 0xA7, 0x00, 0x00, 0x00, 0x3E,
    0x00, 0x03, 0x00, 0x4E, 0x00, 0x00, 0x00, 0x07, 0x02, 0x00, 0x00, 0x3D, 0x00, 0x04, 0x00, 0x69, 0x00, 0x00, 0x00,
    0x08, 0x02, 0x00, 0x00, 0x4C, 0x00, 0x00, 0x00, 0x3D, 0x00, 0x04, 0x00, 0x6C, 0x00, 0x00, 0x00, 0x09, 0x02, 0x00,
    0x00, 0x0E, 0x00, 0x00, 0x00, 0x7C, 0x00, 0x04, 0x00, 0x69, 0x00, 0x00, 0x00, 0x0A, 0x02, 0x00, 0x00, 0x09, 0x02,
    0x00, 0x00, 0x86, 0x00, 0x05, 0x00, 0x69, 0x00, 0x00, 0x00, 0x0B, 0x02, 0x00, 0x00, 0x0A, 0x02, 0x00, 0x00, 0xA5,
    0x00, 0x00, 0x00, 0x80, 0x00, 0x05, 0x00, 0x69, 0x00, 0x00, 0x00, 0x0C, 0x02, 0x00, 0x00, 0x08, 0x02, 0x00, 0x00,
    0x0B, 0x02, 0x00, 0x00, 0x3D, 0x00, 0x04, 0x00, 0x69, 0x00, 0x00, 0x00, 0x0D, 0x02, 0x00, 0x00, 0x4A, 0x00, 0x00,
    0x00, 0xC2, 0x00, 0x05, 0x00, 0x69, 0x00, 0x00, 0x00, 0x0E, 0x02, 0x00, 0x00, 0x0D, 0x02, 0x00, 0x00, 0xA7, 0x00,
    0x00, 0x00, 0x80, 0x00, 0x05, 0x00, 0x69, 0x00, 0x00, 0x00, 0x0F, 0x02, 0x00, 0x00, 0x0C, 0x02, 0x00, 0x00, 0x0E,
    0x02, 0x00, 0x00, 0x3E, 0x00, 0x03, 0x00, 0x4F, 0x00, 0x00, 0x00, 0x0F, 0x02, 0x00, 0x00, 0x3D, 0x00, 0x04, 0x00,
    0x69, 0x00, 0x00, 0x00, 0x10, 0x02, 0x00, 0x00, 0x4F, 0x00, 0x00, 0x00, 0x41, 0x00, 0x06, 0x00, 0x7C, 0x00, 0x00,
    0x00, 0x11, 0x02, 0x00, 0x00, 0x10, 0x00, 0x00, 0x00, 0xAD, 0x00, 0x00, 0x00, 0x10, 0x02, 0x00, 0x00, 0x3D, 0x00,
    0x04, 0x00, 0x2F, 0x00, 0x00, 0x00, 0x12, 0x02, 0x00, 0x00, 0x11, 0x02, 0x00, 0x00, 0x90, 0x01, 0x04, 0x00, 0x26,
    0x00, 0x00, 0x00, 0x13, 0x02, 0x00, 0x00, 0x12, 0x02, 0x00, 0x00, 0x3E, 0x00, 0x03, 0x00, 0x50, 0x00, 0x00, 0x00,
    0x13, 0x02, 0x00, 0x00, 0x3D, 0x00, 0x04, 0x00, 0x69, 0x00, 0x00, 0x00, 0x14, 0x02, 0x00, 0x00, 0x4F, 0x00, 0x00,
    0x00, 0x80, 0x00, 0x05, 0x00, 0x69, 0x00, 0x00, 0x00, 0x15, 0x02, 0x00, 0x00, 0x14, 0x02, 0x00, 0x00, 0xA7, 0x00,
    0x00, 0x00, 0x3D, 0x00, 0x04, 0x00, 0x69, 0x00, 0x00, 0x00, 0x16, 0x02, 0x00, 0x00, 0x4E, 0x00, 0x00, 0x00, 0x0C,
    0x00, 0x07, 0x00, 0x69, 0x00, 0x00, 0x00, 0x17, 0x02, 0x00, 0x00, 0x01, 0x00, 0x00, 0x00, 0x26, 0x00, 0x00, 0x00,
    0x15, 0x02, 0x00, 0x00, 0x16, 0x02, 0x00, 0x00, 0x41, 0x00, 0x07, 0x00, 0xAE, 0x00, 0x00, 0x00, 0x18, 0x02, 0x00,
    0x00, 0x10, 0x00, 0x00, 0x00, 0xAD, 0x00, 0x00, 0x00, 0x17, 0x02, 0x00, 0x00, 0xAD, 0x00, 0x00, 0x00, 0x3D, 0x00,
    0x04, 0x00, 0x65, 0x00, 0x00, 0x00, 0x19, 0x02, 0x00, 0x00, 0x18, 0x02, 0x00, 0x00, 0x4F, 0x00, 0x08, 0x00, 0x66,
    0x00, 0x00, 0x00, 0x1A, 0x02, 0x00, 0x00, 0x19, 0x02, 0x00, 0x00, 0x19, 0x02, 0x00, 0x00, 0x00, 0x00, 0x00, 0x00,
    0x01, 0x00, 0x00, 0x00, 0x02, 0x00, 0x00, 0x00, 0x3D, 0x00, 0x04, 0x00, 0x69, 0x00, 0x00, 0x00, 0x1B, 0x02, 0x00,
    0x00, 0x4F, 0x00, 0x00, 0x00, 0x3D, 0x00, 0x04, 0x00, 0x69, 0x00, 0x00, 0x00, 0x1C, 0x02, 0x00, 0x00, 0x4C, 0x00,
    0x00, 0x00, 0x80, 0x00, 0x05, 0x00, 0x69, 0x00, 0x00, 0x00, 0x1D, 0x02, 0x00, 0x00, 0x1C, 0x02, 0x00, 0x00, 0xA7,
    0x00, 0x00, 0x00, 0x0C, 0x00, 0x07, 0x00, 0x69, 0x00, 0x00, 0x00, 0x1E, 0x02, 0x00, 0x00, 0x01, 0x00, 0x00, 0x00,
    0x29, 0x00, 0x00, 0x00, 0x1B, 0x02, 0x00, 0x00, 0x1D, 0x02, 0x00, 0x00, 0x82, 0x00, 0x05, 0x00, 0x69, 0x00, 0x00,
    0x00, 0x1F, 0x02, 0x00, 0x00, 0x1E, 0x02, 0x00, 0x00, 0xA7, 0x00, 0x00, 0x00, 0x41, 0x00, 0x07, 0x00, 0xAE, 0x00,
    0x00, 0x00, 0x20, 0x02, 0x00, 0x00, 0x10, 0x00, 0x00, 0x00, 0xAD, 0x00, 0x00, 0x00, 0x1F, 0x02, 0x00, 0x00, 0xAD,
    0x00, 0x00, 0x00, 0x3D, 0x00, 0x04, 0x00, 0x65, 0x00, 0x00, 0x00, 0x21, 0x02, 0x00, 0x00, 0x20, 0x02, 0x00, 0x00,
    0x4F, 0x00, 0x08, 0x00, 0x66, 0x00, 0x00, 0x00, 0x22, 0x02, 0x00, 0x00, 0x21, 0x02, 0x00, 0x00, 0x21, 0x02, 0x00,
    0x00, 0x00, 0x00, 0x00, 0x00, 0x01, 0x00, 0x00, 0x00, 0x02, 0x00, 0x00, 0x00, 0x83, 0x00, 0x05, 0x00, 0x66, 0x00,
    0x00, 0x00, 0x23, 0x02, 0x00, 0x00, 0x1A, 0x02, 0x00, 0x00, 0x22, 0x02, 0x00, 0x00, 0x3E, 0x00, 0x03, 0x00, 0x51,
    0x00, 0x00, 0x00, 0x23, 0x02, 0x00, 0x00, 0x41, 0x00, 0x06, 0x00, 0x6F, 0x00, 0x00, 0x00, 0x24, 0x02, 0x00, 0x00,
    0x11, 0x00, 0x00, 0x00, 0xAF, 0x00, 0x00, 0x00, 0xA7, 0x00, 0x00, 0x00, 0x3D, 0x00, 0x04, 0x00, 0x64, 0x00, 0x00,
    0x00, 0x25, 0x02, 0x00, 0x00, 0x24, 0x02, 0x00, 0x00, 0xBA, 0x00, 0x05, 0x00, 0x74, 0x00, 0x00, 0x00, 0x26, 0x02,
    0x00, 0x00, 0x25, 0x02, 0x00, 0x00, 0xB0, 0x00, 0x00, 0x00, 0xF7, 0x00, 0x03, 0x00, 0x27, 0x02, 0x00, 0x00, 0x00,
    0x00, 0x00, 0x00, 0xFA, 0x00, 0x04, 0x00, 0x26, 0x02, 0x00, 0x00, 0x28, 0x02, 0x00, 0x00, 0x29, 0x02, 0x00, 0x00,
    0xF8, 0x00, 0x02, 0x00, 0x28, 0x02, 0x00, 0x00, 0x41, 0x00, 0x05, 0x00, 0x72, 0x00, 0x00, 0x00, 0x2A, 0x02, 0x00,
    0x00, 0x11, 0x00, 0x00, 0x00, 0xB1, 0x00, 0x00, 0x00, 0x3D, 0x00, 0x04, 0x00, 0x65, 0x00, 0x00, 0x00, 0x2B, 0x02,
    0x00, 0x00, 0x2A, 0x02, 0x00, 0x00, 0x4F, 0x00, 0x08, 0x00, 0x66, 0x00, 0x00, 0x00, 0x2C, 0x02, 0x00, 0x00, 0x2B,
    0x02, 0x00, 0x00, 0x2B, 0x02, 0x00, 0x00, 0x00, 0x00, 0x00, 0x00, 0x01, 0x00, 0x00, 0x00, 0x02, 0x00, 0x00, 0x00,
    0x41, 0x00, 0x05, 0x00, 0x72, 0x00, 0x00, 0x00, 0x2D, 0x02, 0x00, 0x00, 0x11, 0x00, 0x00, 0x00, 0xB2, 0x00, 0x00,
    0x00, 0x3D, 0x00, 0x04, 0x00, 0x65, 0x00, 0x00, 0x00, 0x2E, 0x02, 0x00, 0x00, 0x2D, 0x02, 0x00, 0x00, 0x4F, 0x00,
    0x08, 0x00, 0x66, 0x00, 0x00, 0x00, 0x2F, 0x02, 0x00, 0x00, 0x2E, 0x02, 0x00, 0x00, 0x2E, 0x02, 0x00, 0x00, 0x00,
    0x00, 0x00, 0x00, 0x01, 0x00, 0x00, 0x00, 0x02, 0x00, 0x00, 0x00, 0x0C, 0x00, 0x07, 0x00, 0x66, 0x00, 0x00, 0x00,
    0x30, 0x02, 0x00, 0x00, 0x01, 0x00, 0x00, 0x00, 0x44, 0x00, 0x00, 0x00, 0x2C, 0x02, 0x00, 0x00, 0x2F, 0x02, 0x00,
    0x00, 0x3E, 0x00, 0x03, 0x00, 0xFA, 0x01, 0x00, 0x00, 0x30, 0x02, 0x00, 0x00, 0xF9, 0x00, 0x02, 0x00, 0x27, 0x02,
    0x00, 0x00, 0xF8, 0x00, 0x02, 0x00, 0x29, 0x02, 0x00, 0x00, 0x41, 0x00, 0x05, 0x00, 0x90, 0x00, 0x00, 0x00, 0x31,
    0x02, 0x00, 0x00, 0x50, 0x00, 0x00, 0x00, 0xAD, 0x00, 0x00, 0x00, 0x3D, 0x00, 0x04, 0x00, 0x65, 0x00, 0x00, 0x00,
    0x32, 0x02, 0x00, 0x00, 0x31, 0x02, 0x00, 0x00, 0x4F, 0x00, 0x08, 0x00, 0x66, 0x00, 0x00, 0x00, 0x33, 0x02, 0x00,
    0x00, 0x32, 0x02, 0x00, 0x00, 0x32, 0x02, 0x00, 0x00, 0x00, 0x00, 0x00, 0x00, 0x01, 0x00, 0x00, 0x00, 0x02, 0x00,
    0x00, 0x00, 0x7F, 0x00, 0x04, 0x00, 0x66, 0x00, 0x00, 0x00, 0x34, 0x02, 0x00, 0x00, 0x33, 0x02, 0x00, 0x00, 0x3E,
    0x00, 0x03, 0x00, 0xFA, 0x01, 0x00, 0x00, 0x34, 0x02, 0x00, 0x00, 0xF9, 0x00, 0x02, 0x00, 0x27, 0x02, 0x00, 0x00,
    0xF8, 0x00, 0x02, 0x00, 0x27, 0x02, 0x00, 0x00, 0x3D, 0x00, 0x04, 0x00, 0x66, 0x00, 0x00, 0x00, 0x35, 0x02, 0x00,
    0x00, 0xFA, 0x01, 0x00, 0x00, 0x3E, 0x00, 0x03, 0x00, 0x52, 0x00, 0x00, 0x00, 0x35, 0x02, 0x00, 0x00, 0x3D, 0x00,
    0x04, 0x00, 0x66, 0x00, 0x00, 0x00, 0x36, 0x02, 0x00, 0x00, 0x51, 0x00, 0x00, 0x00, 0x3D, 0x00, 0x04, 0x00, 0x66,
    0x00, 0x00, 0x00, 0x37, 0x02, 0x00, 0x00, 0x52, 0x00, 0x00, 0x00, 0x0C, 0x00, 0x07, 0x00, 0x66, 0x00, 0x00, 0x00,
    0x38, 0x02, 0x00, 0x00, 0x01, 0x00, 0x00, 0x00, 0x44, 0x00, 0x00, 0x00, 0x36, 0x02, 0x00, 0x00, 0x37, 0x02, 0x00,
    0x00, 0x3E, 0x00, 0x03, 0x00, 0x53, 0x00, 0x00, 0x00, 0x38, 0x02, 0x00, 0x00, 0x3D, 0x00, 0x04, 0x00, 0x66, 0x00,
    0x00, 0x00, 0x39, 0x02, 0x00, 0x00, 0x53, 0x00, 0x00, 0x00, 0x3D, 0x00, 0x04, 0x00, 0x66, 0x00, 0x00, 0x00, 0x3A,
    0x02, 0x00, 0x00, 0x53, 0x00, 0x00, 0x00, 0x94, 0x00, 0x05, 0x00, 0x64, 0x00, 0x00, 0x00, 0x3B, 0x02, 0x00, 0x00,
    0x39, 0x02, 0x00, 0x00, 0x3A, 0x02, 0x00, 0x00, 0xBA, 0x00, 0x05, 0x00, 0x74, 0x00, 0x00, 0x00, 0x3C, 0x02, 0x00,
    0x00, 0x3B, 0x02, 0x00, 0x00, 0xB3, 0x00, 0x00, 0x00, 0xF7, 0x00, 0x03, 0x00, 0x3D, 0x02, 0x00, 0x00, 0x00, 0x00,
    0x00, 0x00, 0xFA, 0x00, 0x04, 0x00, 0x3C, 0x02, 0x00, 0x00, 0x3E, 0x02, 0x00, 0x00, 0x3F, 0x02, 0x00, 0x00, 0xF8,
    0x00, 0x02, 0x00, 0x3E, 0x02, 0x00, 0x00, 0x3D, 0x00, 0x04, 0x00, 0x66, 0x00, 0x00, 0x00, 0x40, 0x02, 0x00, 0x00,
    0x53, 0x00, 0x00, 0x00, 0x0C, 0x00, 0x06, 0x00, 0x66, 0x00, 0x00, 0x00, 0x41, 0x02, 0x00, 0x00, 0x01, 0x00, 0x00,
    0x00, 0x45, 0x00, 0x00, 0x00, 0x40, 0x02, 0x00, 0x00, 0x3E, 0x00, 0x03, 0x00, 0xFB, 0x01, 0x00, 0x00, 0x41, 0x02,
    0x00, 0x00, 0xF9, 0x00, 0x02, 0x00, 0x3D, 0x02, 0x00, 0x00, 0xF8, 0x00, 0x02, 0x00, 0x3F, 0x02, 0x00, 0x00, 0x41,
    0x00, 0x05, 0x00, 0x72, 0x00, 0x00, 0x00, 0x42, 0x02, 0x00, 0x00, 0x11, 0x00, 0x00, 0x00, 0xB1, 0x00, 0x00, 0x00,
    0x3D, 0x00, 0x04, 0x00, 0x65, 0x00, 0x00, 0x00, 0x43, 0x02, 0x00, 0x00, 0x42, 0x02, 0x00, 0x00, 0x4F, 0x00, 0x08,
    0x00, 0x66, 0x00, 0x00, 0x00, 0x44, 0x02, 0x00, 0x00, 0x43, 0x02, 0x00, 0x00, 0x43, 0x02, 0x00, 0x00, 0x00, 0x00,
    0x00, 0x00, 0x01, 0x00, 0x00, 0x00, 0x02, 0x00, 0x00, 0x00, 0x3E, 0x00, 0x03, 0x00, 0xFB, 0x01, 0x00, 0x00, 0x44,
    0x02, 0x00, 0x00, 0xF9, 0x00, 0x02, 0x00, 0x3D, 0x02, 0x00, 0x00, 0xF8, 0x00, 0x02, 0x00, 0x3D, 0x02, 0x00, 0x00,
    0x3D, 0x00, 0x04, 0x00, 0x66, 0x00, 0x00, 0x00, 0x45, 0x02, 0x00, 0x00, 0xFB, 0x01, 0x00, 0x00, 0x3E, 0x00, 0x03,
    0x00, 0x53, 0x00, 0x00, 0x00, 0x45, 0x02, 0x00, 0x00, 0x3D, 0x00, 0x04, 0x00, 0x69, 0x00, 0x00, 0x00, 0x46, 0x02,
    0x00, 0x00, 0x4A, 0x00, 0x00, 0x00, 0xC7, 0x00, 0x05, 0x00, 0x69, 0x00, 0x00, 0x00, 0x47, 0x02, 0x00, 0x00, 0x46,
    0x02, 0x00, 0x00, 0xA7, 0x00, 0x00, 0x00, 0x70, 0x00, 0x04, 0x00, 0x64, 0x00, 0x00, 0x00, 0x48, 0x02, 0x00, 0x00,
    0x47, 0x02, 0x00, 0x00, 0x83, 0x00, 0x05, 0x00, 0x64, 0x00, 0x00, 0x00, 0x49, 0x02, 0x00, 0x00, 0x48, 0x02, 0x00,
    0x00, 0xB0, 0x00, 0x00, 0x00, 0x3E, 0x00, 0x03, 0x00, 0x54, 0x00, 0x00, 0x00, 0x49, 0x02, 0x00, 0x00, 0x41, 0x00,
    0x06, 0x00, 0x68, 0x00, 0x00, 0x00, 0x4A, 0x02, 0x00, 0x00, 0x50, 0x00, 0x00, 0x00, 0xB2, 0x00, 0x00, 0x00, 0xA6,
    0x00, 0x00, 0x00, 0x3D, 0x00, 0x04, 0x00, 0x64, 0x00, 0x00, 0x00, 0x4B, 0x02, 0x00, 0x00, 0x4A, 0x02, 0x00, 0x00,
    0x3D, 0x00, 0x04, 0x00, 0x69, 0x00, 0x00, 0x00, 0x4C, 0x02, 0x00, 0x00, 0x4A, 0x00, 0x00, 0x00, 0xC7, 0x00, 0x05,
    0x00, 0x69, 0x00, 0x00, 0x00, 0x4D, 0x02, 0x00, 0x00, 0x4C, 0x02, 0x00, 0x00, 0xA7, 0x00, 0x00, 0x00, 0x70, 0x00,
    0x04, 0x00, 0x64, 0x00, 0x00, 0x00, 0x4E, 0x02, 0x00, 0x00, 0x4D, 0x02, 0x00, 0x00, 0x50, 0x00, 0x05, 0x00, 0x82,
    0x00, 0x00, 0x00, 0x4F, 0x02, 0x00, 0x00, 0x4B, 0x02, 0x00, 0x00, 0x4E, 0x02, 0x00, 0x00, 0x3E, 0x00, 0x03, 0x00,
    0x12, 0x00, 0x00, 0x00, 0x4F, 0x02, 0x00, 0x00, 0x41, 0x00, 0x05, 0x00, 0x90, 0x00, 0x00, 0x00, 0x50, 0x02, 0x00,
    0x00, 0x50, 0x00, 0x00, 0x00, 0xB1, 0x00, 0x00, 0x00, 0x3D, 0x00, 0x04, 0x00, 0x65, 0x00, 0x00, 0x00, 0x51, 0x02,
    0x00, 0x00, 0x50, 0x02, 0x00, 0x00, 0x3E, 0x00, 0x03, 0x00, 0x13, 0x00, 0x00, 0x00, 0x51, 0x02, 0x00, 0x00, 0x41,
    0x00, 0x06, 0x00, 0x68, 0x00, 0x00, 0x00, 0x52, 0x02, 0x00, 0x00, 0x50, 0x00, 0x00, 0x00, 0xAD, 0x00, 0x00, 0x00,
    0xA9, 0x00, 0x00, 0x00, 0x3D, 0x00, 0x04, 0x00, 0x64, 0x00, 0x00, 0x00, 0x53, 0x02, 0x00, 0x00, 0x52, 0x02, 0x00,
    0x00, 0x85, 0x00, 0x05, 0x00, 0x64, 0x00, 0x00, 0x00, 0x54, 0x02, 0x00, 0x00, 0xB0, 0x00, 0x00, 0x00, 0x53, 0x02,
    0x00, 0x00, 0x0C, 0x00, 0x07, 0x00, 0x64, 0x00, 0x00, 0x00, 0x55, 0x02, 0x00, 0x00, 0x01, 0x00, 0x00, 0x00, 0x28,
    0x00, 0x00, 0x00, 0x54, 0x02, 0x00, 0x00, 0xB4, 0x00, 0x00, 0x00, 0x3E, 0x00, 0x03, 0x00, 0x14, 0x00, 0x00, 0x00,
    0x55, 0x02, 0x00, 0x00, 0x3D, 0x00, 0x04, 0x00, 0x64, 0x00, 0x00, 0x00, 0x56, 0x02, 0x00, 0x00, 0x54, 0x00, 0x00,
    0x00, 0x85, 0x00, 0x05, 0x00, 0x64, 0x00, 0x00, 0x00, 0x57, 0x02, 0x00, 0x00, 0x56, 0x02, 0x00, 0x00, 0xB6, 0x00,
    0x00, 0x00, 0x50, 0x00, 0x05, 0x00, 0x82, 0x00, 0x00, 0x00, 0x58, 0x02, 0x00, 0x00, 0xB5, 0x00, 0x00, 0x00, 0x57,
    0x02, 0x00, 0x00, 0x3E, 0x00, 0x03, 0x00, 0x15, 0x00, 0x00, 0x00, 0x58, 0x02, 0x00, 0x00, 0x41, 0x00, 0x05, 0x00,
    0x9B, 0x00, 0x00, 0x00, 0x59, 0x02, 0x00, 0x00, 0x11, 0x00, 0x00, 0x00, 0xAD, 0x00, 0x00, 0x00, 0x3D, 0x00, 0x04,
    0x00, 0x7D, 0x00, 0x00, 0x00, 0x5A, 0x02, 0x00, 0x00, 0x59, 0x02, 0x00, 0x00, 0x41, 0x00, 0x05, 0x00, 0x90, 0x00,
    0x00, 0x00, 0x5B, 0x02, 0x00, 0x00, 0x50, 0x00, 0x00, 0x00, 0xAD, 0x00, 0x00, 0x00, 0x3D, 0x00, 0x04, 0x00, 0x65,
    0x00, 0x00, 0x00, 0x5C, 0x02, 0x00, 0x00, 0x5B, 0x02, 0x00, 0x00, 0x4F, 0x00, 0x08, 0x00, 0x66, 0x00, 0x00, 0x00,
    0x5D, 0x02, 0x00, 0x00, 0x5C, 0x02, 0x00, 0x00, 0x5C, 0x02, 0x00, 0x00, 0x00, 0x00, 0x00, 0x00, 0x01, 0x00, 0x00,
    0x00, 0x02, 0x00, 0x00, 0x00, 0x3D, 0x00, 0x04, 0x00, 0x66, 0x00, 0x00, 0x00, 0x5E, 0x02, 0x00, 0x00, 0x53, 0x00,
    0x00, 0x00, 0x3D, 0x00, 0x04, 0x00, 0x64, 0x00, 0x00, 0x00, 0x5F, 0x02, 0x00, 0x00, 0x54, 0x00, 0x00, 0x00, 0x41,
    0x00, 0x06, 0x00, 0x68, 0x00, 0x00, 0x00, 0x60, 0x02, 0x00, 0x00, 0x50, 0x00, 0x00, 0x00, 0xAD, 0x00, 0x00, 0x00,
    0xA9, 0x00, 0x00, 0x00, 0x3D, 0x00, 0x04, 0x00, 0x64, 0x00, 0x00, 0x00, 0x61, 0x02, 0x00, 0x00, 0x60, 0x02, 0x00,
    0x00, 0x85, 0x00, 0x05, 0x00, 0x64, 0x00, 0x00, 0x00, 0x62, 0x02, 0x00, 0x00, 0x5F, 0x02, 0x00, 0x00, 0x61, 0x02,
    0x00, 0x00, 0x8E, 0x00, 0x05, 0x00, 0x66, 0x00, 0x00, 0x00, 0x63, 0x02, 0x00, 0x00, 0x5E, 0x02, 0x00, 0x00, 0x62,
    0x02, 0x00, 0x00, 0x81, 0x00, 0x05, 0x00, 0x66, 0x00, 0x00, 0x00, 0x64, 0x02, 0x00, 0x00, 0x5D, 0x02, 0x00, 0x00,
    0x63, 0x02, 0x00, 0x00, 0x51, 0x00, 0x05, 0x00, 0x64, 0x00, 0x00, 0x00, 0x65, 0x02, 0x00, 0x00, 0x64, 0x02, 0x00,
    0x00, 0x00, 0x00, 0x00, 0x00, 0x51, 0x00, 0x05, 0x00, 0x64, 0x00, 0x00, 0x00, 0x66, 0x02, 0x00, 0x00, 0x64, 0x02,
    0x00, 0x00, 0x01, 0x00, 0x00, 0x00, 0x51, 0x00, 0x05, 0x00, 0x64, 0x00, 0x00, 0x00, 0x67, 0x02, 0x00, 0x00, 0x64,
    0x02, 0x00, 0x00, 0x02, 0x00, 0x00, 0x00, 0x50, 0x00, 0x07, 0x00, 0x65, 0x00, 0x00, 0x00, 0x68, 0x02, 0x00, 0x00,
    0x65, 0x02, 0x00, 0x00, 0x66, 0x02, 0x00, 0x00, 0x67, 0x02, 0x00, 0x00, 0xB7, 0x00, 0x00, 0x00, 0x91, 0x00, 0x05,
    0x00, 0x65, 0x00, 0x00, 0x00, 0x69, 0x02, 0x00, 0x00, 0x5A, 0x02, 0x00, 0x00, 0x68, 0x02, 0x00, 0x00, 0x41, 0x00,
    0x05, 0x00, 0x85, 0x00, 0x00, 0x00, 0x6A, 0x02, 0x00, 0x00, 0x16, 0x00, 0x00, 0x00, 0xAD, 0x00, 0x00, 0x00, 0x3E,
    0x00, 0x03, 0x00, 0x6A, 0x02, 0x00, 0x00, 0x69, 0x02, 0x00, 0x00, 0xFD, 0x00, 0x01, 0x00, 0x38, 0x00, 0x01, 0x00,
    0x36, 0x00, 0x05, 0x00, 0x62, 0x00, 0x00, 0x00, 0x17, 0x00, 0x00, 0x00, 0x00, 0x00, 0x00, 0x00, 0x63, 0x00, 0x00,
    0x00, 0xF8, 0x00, 0x02, 0x00, 0x6B, 0x02, 0x00, 0x00, 0x3B, 0x00, 0x04, 0x00, 0x90, 0x00, 0x00, 0x00, 0x55, 0x00,
    0x00, 0x00, 0x07, 0x00, 0x00, 0x00, 0x3B, 0x00, 0x04, 0x00, 0x70, 0x00, 0x00, 0x00, 0x57, 0x00, 0x00, 0x00, 0x07,
    0x00, 0x00, 0x00, 0x3B, 0x00, 0x04, 0x00, 0x68, 0x00, 0x00, 0x00, 0x58, 0x00, 0x00, 0x00, 0x07, 0x00, 0x00, 0x00,
    0x3B, 0x00, 0x04, 0x00, 0x68, 0x00, 0x00, 0x00, 0x59, 0x00, 0x00, 0x00, 0x07, 0x00, 0x00, 0x00, 0x3B, 0x00, 0x04,
    0x00, 0x68, 0x00, 0x00, 0x00, 0x6C, 0x02, 0x00, 0x00, 0x07, 0x00, 0x00, 0x00, 0x3B, 0x00, 0x04, 0x00, 0xCB, 0x00,
    0x00, 0x00, 0x5A, 0x00, 0x00, 0x00, 0x07, 0x00, 0x00, 0x00, 0x3B, 0x00, 0x04, 0x00, 0x90, 0x00, 0x00, 0x00, 0x5B,
    0x00, 0x00, 0x00, 0x07, 0x00, 0x00, 0x00, 0x3B, 0x00, 0x04, 0x00, 0x68, 0x00, 0x00, 0x00, 0x5C, 0x00, 0x00, 0x00,
    0x07, 0x00, 0x00, 0x00, 0x3B, 0x00, 0x04, 0x00, 0x68, 0x00, 0x00, 0x00, 0x6D, 0x02, 0x00, 0x00, 0x07, 0x00, 0x00,
    0x00, 0x3B, 0x00, 0x04, 0x00, 0x70, 0x00, 0x00, 0x00, 0x5D, 0x00, 0x00, 0x00, 0x07, 0x00, 0x00, 0x00, 0x3B, 0x00,
    0x04, 0x00, 0x68, 0x00, 0x00, 0x00, 0x5E, 0x00, 0x00, 0x00, 0x07, 0x00, 0x00, 0x00, 0x3B, 0x00, 0x04, 0x00, 0x70,
    0x00, 0x00, 0x00, 0x5F, 0x00, 0x00, 0x00, 0x07, 0x00, 0x00, 0x00, 0x3D, 0x00, 0x04, 0x00, 0xB8, 0x00, 0x00, 0x00,
    0x6E, 0x02, 0x00, 0x00, 0x18, 0x00, 0x00, 0x00, 0x3D, 0x00, 0x04, 0x00, 0xBA, 0x00, 0x00, 0x00, 0x6F, 0x02, 0x00,
    0x00, 0x19, 0x00, 0x00, 0x00, 0x56, 0x00, 0x05, 0x00, 0xBC, 0x00, 0x00, 0x00, 0x70, 0x02, 0x00, 0x00, 0x6E, 0x02,
    0x00, 0x00, 0x6F, 0x02, 0x00, 0x00, 0x3D, 0x00, 0x04, 0x00, 0x82, 0x00, 0x00, 0x00, 0x71, 0x02, 0x00, 0x00, 0x1A,
    0x00, 0x00, 0x00, 0x41, 0x00, 0x05, 0x00, 0x72, 0x00, 0x00, 0x00, 0x72, 0x02, 0x00, 0x00, 0x1B, 0x00, 0x00, 0x00,
    0xBF, 0x00, 0x00, 0x00, 0x3D, 0x00, 0x04, 0x00, 0x65, 0x00, 0x00, 0x00, 0x73, 0x02, 0x00, 0x00, 0x72, 0x02, 0x00,
    0x00, 0x4F, 0x00, 0x07, 0x00, 0x82, 0x00, 0x00, 0x00, 0x74, 0x02, 0x00, 0x00, 0x73, 0x02, 0x00, 0x00, 0x73, 0x02,
    0x00, 0x00, 0x00, 0x00, 0x00, 0x00, 0x01, 0x00, 0x00, 0x00, 0x85, 0x00, 0x05, 0x00, 0x82, 0x00, 0x00, 0x00, 0x75,
    0x02, 0x00, 0x00, 0x71, 0x02, 0x00, 0x00, 0x74, 0x02, 0x00, 0x00, 0x41, 0x00, 0x05, 0x00, 0x72, 0x00, 0x00, 0x00,
    0x76, 0x02, 0x00, 0x00, 0x1B, 0x00, 0x00, 0x00, 0xBF, 0x00, 0x00, 0x00, 0x3D, 0x00, 0x04, 0x00, 0x65, 0x00, 0x00,
    0x00, 0x77, 0x02, 0x00, 0x00, 0x76, 0x02, 0x00, 0x00, 0x4F, 0x00, 0x07, 0x00, 0x82, 0x00, 0x00, 0x00, 0x78, 0x02,
    0x00, 0x00, 0x77, 0x02, 0x00, 0x00, 0x77, 0x02, 0x00, 0x00, 0x02, 0x00, 0x00, 0x00, 0x03, 0x00, 0x00, 0x00, 0x81,
    0x00, 0x05, 0x00, 0x82, 0x00, 0x00, 0x00, 0x79, 0x02, 0x00, 0x00, 0x75, 0x02, 0x00, 0x00, 0x78, 0x02, 0x00, 0x00,
    0x57, 0x00, 0x05, 0x00, 0x65, 0x00, 0x00, 0x00, 0x7A, 0x02, 0x00, 0x00, 0x70, 0x02, 0x00, 0x00, 0x79, 0x02, 0x00,
    0x00, 0x3E, 0x00, 0x03, 0x00, 0x55, 0x00, 0x00, 0x00, 0x7A, 0x02, 0x00, 0x00, 0x3D, 0x00, 0x04, 0x00, 0xB8, 0x00,
    0x00, 0x00, 0x7B, 0x02, 0x00, 0x00, 0x1C, 0x00, 0x00, 0x00, 0x3D, 0x00, 0x04, 0x00, 0xBA, 0x00, 0x00, 0x00, 0x7C,
    0x02, 0x00, 0x00, 0x1D, 0x00, 0x00, 0x00, 0x56, 0x00, 0x05, 0x00, 0xBC, 0x00, 0x00, 0x00, 0x7D, 0x02, 0x00, 0x00,
    0x7B, 0x02, 0x00, 0x00, 0x7C, 0x02, 0x00, 0x00, 0x3D, 0x00, 0x04, 0x00, 0x82, 0x00, 0x00, 0x00, 0x7E, 0x02, 0x00,
    0x00, 0x1A, 0x00, 0x00, 0x00, 0x41, 0x00, 0x05, 0x00, 0x72, 0x00, 0x00, 0x00, 0x7F, 0x02, 0x00, 0x00, 0x1B, 0x00,
    0x00, 0x00, 0xC0, 0x00, 0x00, 0x00, 0x3D, 0x00, 0x04, 0x00, 0x65, 0x00, 0x00, 0x00, 0x80, 0x02, 0x00, 0x00, 0x7F,
    0x02, 0x00, 0x00, 0x4F, 0x00, 0x07, 0x00, 0x82, 0x00, 0x00, 0x00, 0x81, 0x02, 0x00, 0x00, 0x80, 0x02, 0x00, 0x00,
    0x80, 0x02, 0x00, 0x00, 0x00, 0x00, 0x00, 0x00, 0x01, 0x00, 0x00, 0x00, 0x85, 0x00, 0x05, 0x00, 0x82, 0x00, 0x00,
    0x00, 0x82, 0x02, 0x00, 0x00, 0x7E, 0x02, 0x00, 0x00, 0x81, 0x02, 0x00, 0x00, 0x41, 0x00, 0x05, 0x00, 0x72, 0x00,
    0x00, 0x00, 0x83, 0x02, 0x00, 0x00, 0x1B, 0x00, 0x00, 0x00, 0xC0, 0x00, 0x00, 0x00, 0x3D, 0x00, 0x04, 0x00, 0x65,
    0x00, 0x00, 0x00, 0x84, 0x02, 0x00, 0x00, 0x83, 0x02, 0x00, 0x00, 0x4F, 0x00, 0x07, 0x00, 0x82, 0x00, 0x00, 0x00,
    0x85, 0x02, 0x00, 0x00, 0x84, 0x02, 0x00, 0x00, 0x84, 0x02, 0x00, 0x00, 0x02, 0x00, 0x00, 0x00, 0x03, 0x00, 0x00,
    0x00, 0x81, 0x00, 0x05, 0x00, 0x82, 0x00, 0x00, 0x00, 0x86, 0x02, 0x00, 0x00, 0x82, 0x02, 0x00, 0x00, 0x85, 0x02,
    0x00, 0x00, 0x57, 0x00, 0x05, 0x00, 0x65, 0x00, 0x00, 0x00, 0x87, 0x02, 0x00, 0x00, 0x7D, 0x02, 0x00, 0x00, 0x86,
    0x02, 0x00, 0x00, 0x4F, 0x00, 0x08, 0x00, 0x66, 0x00, 0x00, 0x00, 0x88, 0x02, 0x00, 0x00, 0x87, 0x02, 0x00, 0x00,
    0x87, 0x02, 0x00, 0x00, 0x00, 0x00, 0x00, 0x00, 0x01, 0x00, 0x00, 0x00, 0x02, 0x00, 0x00, 0x00, 0x3E, 0x00, 0x03,
    0x00, 0x57, 0x00, 0x00, 0x00, 0x88, 0x02, 0x00, 0x00, 0x3D, 0x00, 0x04, 0x00, 0xB8, 0x00, 0x00, 0x00, 0x89, 0x02,
    0x00, 0x00, 0x1E, 0x00, 0x00, 0x00, 0x3D, 0x00, 0x04, 0x00, 0x65, 0x00, 0x00, 0x00, 0x8A, 0x02, 0x00, 0x00, 0x1F,
    0x00, 0x00, 0x00, 0x4F, 0x00, 0x07, 0x00, 0x82, 0x00, 0x00, 0x00, 0x8B, 0x02, 0x00, 0x00, 0x8A, 0x02, 0x00, 0x00,
    0x8A, 0x02, 0x00, 0x00, 0x00, 0x00, 0x00, 0x00, 0x01, 0x00, 0x00, 0x00, 0x6E, 0x00, 0x04, 0x00, 0xC2, 0x00, 0x00,
    0x00, 0x8C, 0x02, 0x00, 0x00, 0x8B, 0x02, 0x00, 0x00, 0x3D, 0x00, 0x04, 0x00, 0xB8, 0x00, 0x00, 0x00, 0x8D, 0x02,
    0x00, 0x00, 0x1E, 0x00, 0x00, 0x00, 0x67, 0x00, 0x05, 0x00, 0xC2, 0x00, 0x00, 0x00, 0x8E, 0x02, 0x00, 0x00, 0x8D,
    0x02, 0x00, 0x00, 0xC3, 0x00, 0x00, 0x00, 0x50, 0x00, 0x05, 0x00, 0xC2, 0x00, 0x00, 0x00, 0x8F, 0x02, 0x00, 0x00,
    0xC4, 0x00, 0x00, 0x00, 0xC4, 0x00, 0x00, 0x00, 0x82, 0x00, 0x05, 0x00, 0xC2, 0x00, 0x00, 0x00, 0x90, 0x02, 0x00,
    0x00, 0x8E, 0x02, 0x00, 0x00, 0x8F, 0x02, 0x00, 0x00, 0x0C, 0x00, 0x07, 0x00, 0xC2, 0x00, 0x00, 0x00, 0x91, 0x02,
    0x00, 0x00, 0x01, 0x00, 0x00, 0x00, 0x27, 0x00, 0x00, 0x00, 0x8C, 0x02, 0x00, 0x00, 0x90, 0x02, 0x00, 0x00, 0x5F,
    0x00, 0x07, 0x00, 0x65, 0x00, 0x00, 0x00, 0x92, 0x02, 0x00, 0x00, 0x89, 0x02, 0x00, 0x00, 0x91, 0x02, 0x00, 0x00,
    0x02, 0x00, 0x00, 0x00, 0xC3, 0x00, 0x00, 0x00, 0x51, 0x00, 0x05, 0x00, 0x64, 0x00, 0x00, 0x00, 0x93, 0x02, 0x00,
    0x00, 0x92, 0x02, 0x00, 0x00, 0x00, 0x00, 0x00, 0x00, 0x3E, 0x00, 0x03, 0x00, 0x58, 0x00, 0x00, 0x00, 0x93, 0x02,
    0x00, 0x00, 0x41, 0x00, 0x05, 0x00, 0xC7, 0x00, 0x00, 0x00, 0x94, 0x02, 0x00, 0x00, 0x1F, 0x00, 0x00, 0x00, 0xC6,
    0x00, 0x00, 0x00, 0x3D, 0x00, 0x04, 0x00, 0x64, 0x00, 0x00, 0x00, 0x95, 0x02, 0x00, 0x00, 0x94, 0x02, 0x00, 0x00,
    0x3D, 0x00, 0x04, 0x00, 0x64, 0x00, 0x00, 0x00, 0x96, 0x02, 0x00, 0x00, 0x58, 0x00, 0x00, 0x00, 0xB8, 0x00, 0x05,
    0x00, 0x74, 0x00, 0x00, 0x00, 0x97, 0x02, 0x00, 0x00, 0x95, 0x02, 0x00, 0x00, 0x96, 0x02, 0x00, 0x00, 0xF7, 0x00,
    0x03, 0x00, 0x98, 0x02, 0x00, 0x00, 0x00, 0x00, 0x00, 0x00, 0xFA, 0x00, 0x04, 0x00, 0x97, 0x02, 0x00, 0x00, 0x99,
    0x02, 0x00, 0x00, 0x98, 0x02, 0x00, 0x00, 0xF8, 0x00, 0x02, 0x00, 0x99, 0x02, 0x00, 0x00, 0x40, 0x11, 0x01, 0x00,
    0xF8, 0x00, 0x02, 0x00, 0x98, 0x02, 0x00, 0x00, 0x3D, 0x00, 0x04, 0x00, 0x64, 0x00, 0x00, 0x00, 0x9A, 0x02, 0x00,
    0x00, 0x58, 0x00, 0x00, 0x00, 0xBA, 0x00, 0x05, 0x00, 0x74, 0x00, 0x00, 0x00, 0x9B, 0x02, 0x00, 0x00, 0x9A, 0x02,
    0x00, 0x00, 0xC8, 0x00, 0x00, 0x00, 0xF7, 0x00, 0x03, 0x00, 0x9C, 0x02, 0x00, 0x00, 0x00, 0x00, 0x00, 0x00, 0xFA,
    0x00, 0x04, 0x00, 0x9B, 0x02, 0x00, 0x00, 0x9D, 0x02, 0x00, 0x00, 0x9E, 0x02, 0x00, 0x00, 0xF8, 0x00, 0x02, 0x00,
    0x9D, 0x02, 0x00, 0x00, 0x41, 0x00, 0x06, 0x00, 0x6F, 0x00, 0x00, 0x00, 0x9F, 0x02, 0x00, 0x00, 0x20, 0x00, 0x00,
    0x00, 0xC9, 0x00, 0x00, 0x00, 0xC5, 0x00, 0x00, 0x00, 0x3D, 0x00, 0x04, 0x00, 0x64, 0x00, 0x00, 0x00, 0xA0, 0x02,
    0x00, 0x00, 0x9F, 0x02, 0x00, 0x00, 0x3D, 0x00, 0x04, 0x00, 0x64, 0x00, 0x00, 0x00, 0xA1, 0x02, 0x00, 0x00, 0x58,
    0x00, 0x00, 0x00, 0x88, 0x00, 0x05, 0x00, 0x64, 0x00, 0x00, 0x00, 0xA2, 0x02, 0x00, 0x00, 0xA0, 0x02, 0x00, 0x00,
    0xA1, 0x02, 0x00, 0x00, 0x41, 0x00, 0x06, 0x00, 0x6F, 0x00, 0x00, 0x00, 0xA3, 0x02, 0x00, 0x00, 0x20, 0x00, 0x00,
    0x00, 0xC9, 0x00, 0x00, 0x00, 0xC5, 0x00, 0x00, 0x00, 0x3D, 0x00, 0x04, 0x00, 0x64, 0x00, 0x00, 0x00, 0xA4, 0x02,
    0x00, 0x00, 0xA3, 0x02, 0x00, 0x00, 0x41, 0x00, 0x05, 0x00, 0xC7, 0x00, 0x00, 0x00, 0xA5, 0x02, 0x00, 0x00, 0x1F,
    0x00, 0x00, 0x00, 0xC6, 0x00, 0x00, 0x00, 0x3D, 0x00, 0x04, 0x00, 0x64, 0x00, 0x00, 0x00, 0xA6, 0x02, 0x00, 0x00,
    0xA5, 0x02, 0x00, 0x00, 0x88, 0x00, 0x05, 0x00, 0x64, 0x00, 0x00, 0x00, 0xA7, 0x02, 0x00, 0x00, 0xA4, 0x02, 0x00,
    0x00, 0xA6, 0x02, 0x00, 0x00, 0x83, 0x00, 0x05, 0x00, 0x64, 0x00, 0x00, 0x00, 0xA8, 0x02, 0x00, 0x00, 0xA2, 0x02,
    0x00, 0x00, 0xA7, 0x02, 0x00, 0x00, 0x3D, 0x00, 0x04, 0x00, 0x64, 0x00, 0x00, 0x00, 0xA9, 0x02, 0x00, 0x00, 0x21,
    0x00, 0x00, 0x00, 0x88, 0x00, 0x05, 0x00, 0x64, 0x00, 0x00, 0x00, 0xAA, 0x02, 0x00, 0x00, 0xA8, 0x02, 0x00, 0x00,
    0xA9, 0x02, 0x00, 0x00, 0x0C, 0x00, 0x08, 0x00, 0x64, 0x00, 0x00, 0x00, 0xAB, 0x02, 0x00, 0x00, 0x01, 0x00, 0x00,
    0x00, 0x2B, 0x00, 0x00, 0x00, 0xAA, 0x02, 0x00, 0x00, 0xC8, 0x00, 0x00, 0x00, 0xCA, 0x00, 0x00, 0x00, 0x3E, 0x00,
    0x03, 0x00, 0x6C, 0x02, 0x00, 0x00, 0xAB, 0x02, 0x00, 0x00, 0xF9, 0x00, 0x02, 0x00, 0x9C, 0x02, 0x00, 0x00, 0xF8,
    0x00, 0x02, 0x00, 0x9E, 0x02, 0x00, 0x00, 0x3E, 0x00, 0x03, 0x00, 0x6C, 0x02, 0x00, 0x00, 0xCA, 0x00, 0x00, 0x00,
    0xF9, 0x00, 0x02, 0x00, 0x9C, 0x02, 0x00, 0x00, 0xF8, 0x00, 0x02, 0x00, 0x9C, 0x02, 0x00, 0x00, 0x3D, 0x00, 0x04,
    0x00, 0x64, 0x00, 0x00, 0x00, 0xAC, 0x02, 0x00, 0x00, 0x6C, 0x02, 0x00, 0x00, 0x3E, 0x00, 0x03, 0x00, 0x59, 0x00,
    0x00, 0x00, 0xAC, 0x02, 0x00, 0x00, 0x41, 0x00, 0x06, 0x00, 0xA0, 0x00, 0x00, 0x00, 0xAD, 0x02, 0x00, 0x00, 0x1B,
    0x00, 0x00, 0x00, 0xCC, 0x00, 0x00, 0x00, 0xC5, 0x00, 0x00, 0x00, 0x3D, 0x00, 0x04, 0x00, 0x69, 0x00, 0x00, 0x00,
    0xAE, 0x02, 0x00, 0x00, 0xAD, 0x02, 0x00, 0x00, 0xC7, 0x00, 0x05, 0x00, 0x69, 0x00, 0x00, 0x00, 0xAF, 0x02, 0x00,
    0x00, 0xAE, 0x02, 0x00, 0x00, 0xCD, 0x00, 0x00, 0x00, 0xAB, 0x00, 0x05, 0x00, 0x74, 0x00, 0x00, 0x00, 0xB0, 0x02,
    0x00, 0x00, 0xAF, 0x02, 0x00, 0x00, 0xC5, 0x00, 0x00, 0x00, 0x3E, 0x00, 0x03, 0x00, 0x5A, 0x00, 0x00, 0x00, 0xB0,
    0x02, 0x00, 0x00, 0x41, 0x00, 0x05, 0x00, 0x72, 0x00, 0x00, 0x00, 0xB1, 0x02, 0x00, 0x00, 0x1B, 0x00, 0x00, 0x00,
    0xC3, 0x00, 0x00, 0x00, 0x3D, 0x00, 0x04, 0x00, 0x65, 0x00, 0x00, 0x00, 0xB2, 0x02, 0x00, 0x00, 0xB1, 0x02, 0x00,
    0x00, 0x41, 0x00, 0x05, 0x00, 0x72, 0x00, 0x00, 0x00, 0xB3, 0x02, 0x00, 0x00, 0x1B, 0x00, 0x00, 0x00, 0xC4, 0x00,
    0x00, 0x00, 0x3D, 0x00, 0x04, 0x00, 0x65, 0x00, 0x00, 0x00, 0xB4, 0x02, 0x00, 0x00, 0xB3, 0x02, 0x00, 0x00, 0x3D,
    0x00, 0x04, 0x00, 0x65, 0x00, 0x00, 0x00, 0xB5, 0x02, 0x00, 0x00, 0x55, 0x00, 0x00, 0x00, 0x85, 0x00, 0x05, 0x00,
    0x65, 0x00, 0x00, 0x00, 0xB6, 0x02, 0x00, 0x00, 0xB4, 0x02, 0x00, 0x00, 0xB5, 0x02, 0x00, 0x00, 0x81, 0x00, 0x05,
    0x00, 0x65, 0x00, 0x00, 0x00, 0xB7, 0x02, 0x00, 0x00, 0xB2, 0x02, 0x00, 0x00, 0xB6, 0x02, 0x00, 0x00, 0x3E, 0x00,
    0x03, 0x00, 0x5B, 0x00, 0x00, 0x00, 0xB7, 0x02, 0x00, 0x00, 0x3D, 0x00, 0x04, 0x00, 0x74, 0x00, 0x00, 0x00, 0xB8,
    0x02, 0x00, 0x00, 0x5A, 0x00, 0x00, 0x00, 0xF7, 0x00, 0x03, 0x00, 0xB9, 0x02, 0x00, 0x00, 0x00, 0x00, 0x00, 0x00,
    0xFA, 0x00, 0x04, 0x00, 0xB8, 0x02, 0x00, 0x00, 0xBA, 0x02, 0x00, 0x00, 0xBB, 0x02, 0x00, 0x00, 0xF8, 0x00, 0x02,
    0x00, 0xBA, 0x02, 0x00, 0x00, 0x41, 0x00, 0x05, 0x00, 0x68, 0x00, 0x00, 0x00, 0xBC, 0x02, 0x00, 0x00, 0x55, 0x00,
    0x00, 0x00, 0xCE, 0x00, 0x00, 0x00, 0x3D, 0x00, 0x04, 0x00, 0x64, 0x00, 0x00, 0x00, 0xBD, 0x02, 0x00, 0x00, 0xBC,
    0x02, 0x00, 0x00, 0x3E, 0x00, 0x03, 0x00, 0x6D, 0x02, 0x00, 0x00, 0xBD, 0x02, 0x00, 0x00, 0xF9, 0x00, 0x02, 0x00,
    0xB9, 0x02, 0x00, 0x00, 0xF8, 0x00, 0x02, 0x00, 0xBB, 0x02, 0x00, 0x00, 0x3D, 0x00, 0x04, 0x00, 0x82, 0x00, 0x00,
    0x00, 0xBE, 0x02, 0x00, 0x00, 0x22, 0x00, 0x00, 0x00, 0x0C, 0x00, 0x06, 0x00, 0x64, 0x00, 0x00, 0x00, 0xBF, 0x02,
    0x00, 0x00, 0x01, 0x00, 0x00, 0x00, 0x42, 0x00, 0x00, 0x00, 0xBE, 0x02, 0x00, 0x00, 0x0C, 0x00, 0x08, 0x00, 0x64,
    0x00, 0x00, 0x00, 0xC0, 0x02, 0x00, 0x00, 0x01, 0x00, 0x00, 0x00, 0x31, 0x00, 0x00, 0x00, 0xCF, 0x00, 0x00, 0x00,
    0xCA, 0x00, 0x00, 0x00, 0xBF, 0x02, 0x00, 0x00, 0x83, 0x00, 0x05, 0x00, 0x64, 0x00, 0x00, 0x00, 0xC1, 0x02, 0x00,
    0x00, 0xCA, 0x00, 0x00, 0x00, 0xC0, 0x02, 0x00, 0x00, 0x3E, 0x00, 0x03, 0x00, 0x6D, 0x02, 0x00, 0x00, 0xC1, 0x02,
    0x00, 0x00, 0xF9, 0x00, 0x02, 0x00, 0xB9, 0x02, 0x00, 0x00, 0xF8, 0x00, 0x02, 0x00, 0xB9, 0x02, 0x00, 0x00, 0x3D,
    0x00, 0x04, 0x00, 0x64, 0x00, 0x00, 0x00, 0xC2, 0x02, 0x00, 0x00, 0x6D, 0x02, 0x00, 0x00, 0x3E, 0x00, 0x03, 0x00,
    0x5C, 0x00, 0x00, 0x00, 0xC2, 0x02, 0x00, 0x00, 0x3D, 0x00, 0x04, 0x00, 0x65, 0x00, 0x00, 0x00, 0xC3, 0x02, 0x00,
    0x00, 0x23, 0x00, 0x00, 0x00, 0x4F, 0x00, 0x08, 0x00, 0x66, 0x00, 0x00, 0x00, 0xC4, 0x02, 0x00, 0x00, 0xC3, 0x02,
    0x00, 0x00, 0xC3, 0x02, 0x00, 0x00, 0x00, 0x00, 0x00, 0x00, 0x01, 0x00, 0x00, 0x00, 0x02, 0x00, 0x00, 0x00, 0x3D,
    0x00, 0x04, 0x00, 0x65, 0x00, 0x00, 0x00, 0xC5, 0x02, 0x00, 0x00, 0x5B, 0x00, 0x00, 0x00, 0x4F, 0x00, 0x08, 0x00,
    0x66, 0x00, 0x00, 0x00, 0xC6, 0x02, 0x00, 0x00, 0xC5, 0x02, 0x00, 0x00, 0xC5, 0x02, 0x00, 0x00, 0x00, 0x00, 0x00,
    0x00, 0x01, 0x00, 0x00, 0x00, 0x02, 0x00, 0x00, 0x00, 0x85, 0x00, 0x05, 0x00, 0x66, 0x00, 0x00, 0x00, 0xC7, 0x02,
    0x00, 0x00, 0xC4, 0x02, 0x00, 0x00, 0xC6, 0x02, 0x00, 0x00, 0x3E, 0x00, 0x03, 0x00, 0x5D, 0x00, 0x00, 0x00, 0xC7,
    0x02, 0x00, 0x00, 0x41, 0x00, 0x05, 0x00, 0x68, 0x00, 0x00, 0x00, 0xC8, 0x02, 0x00, 0x00, 0x5B, 0x00, 0x00, 0x00,
    0xCE, 0x00, 0x00, 0x00, 0x3D, 0x00, 0x04, 0x00, 0x64, 0x00, 0x00, 0x00, 0xC9, 0x02, 0x00, 0x00, 0xC8, 0x02, 0x00,
    0x00, 0x41, 0x00, 0x05, 0x00, 0xC7, 0x00, 0x00, 0x00, 0xCA, 0x02, 0x00, 0x00, 0x23, 0x00, 0x00, 0x00, 0xCE, 0x00,
    0x00, 0x00, 0x3D, 0x00, 0x04, 0x00, 0x64, 0x00, 0x00, 0x00, 0xCB, 0x02, 0x00, 0x00, 0xCA, 0x02, 0x00, 0x00, 0x85,
    0x00, 0x05, 0x00, 0x64, 0x00, 0x00, 0x00, 0xCC, 0x02, 0x00, 0x00, 0xC9, 0x02, 0x00, 0x00, 0xCB, 0x02, 0x00, 0x00,
    0x3D, 0x00, 0x04, 0x00, 0x74, 0x00, 0x00, 0x00, 0xCD, 0x02, 0x00, 0x00, 0x5A, 0x00, 0x00, 0x00, 0x3D, 0x00, 0x04,
    0x00, 0x64, 0x00, 0x00, 0x00, 0xCE, 0x02, 0x00, 0x00, 0x5C, 0x00, 0x00, 0x00, 0xA9, 0x00, 0x06, 0x00, 0x64, 0x00,
    0x00, 0x00, 0xCF, 0x02, 0x00, 0x00, 0xCD, 0x02, 0x00, 0x00, 0xCA, 0x00, 0x00, 0x00, 0xCE, 0x02, 0x00, 0x00, 0x85,
    0x00, 0x05, 0x00, 0x64, 0x00, 0x00, 0x00, 0xD0, 0x02, 0x00, 0x00, 0xCC, 0x02, 0x00, 0x00, 0xCF, 0x02, 0x00, 0x00,
    0x3D, 0x00, 0x04, 0x00, 0x64, 0x00, 0x00, 0x00, 0xD1, 0x02, 0x00, 0x00, 0x59, 0x00, 0x00, 0x00, 0x85, 0x00, 0x05,
    0x00, 0x64, 0x00, 0x00, 0x00, 0xD2, 0x02, 0x00, 0x00, 0xD0, 0x02, 0x00, 0x00, 0xD1, 0x02, 0x00, 0x00, 0x0C, 0x00,
    0x08, 0x00, 0x64, 0x00, 0x00, 0x00, 0xD3, 0x02, 0x00, 0x00, 0x01, 0x00, 0x00, 0x00, 0x2B, 0x00, 0x00, 0x00, 0xD2,
    0x02, 0x00, 0x00, 0xC8, 0x00, 0x00, 0x00, 0xCA, 0x00, 0x00, 0x00, 0x3E, 0x00, 0x03, 0x00, 0x5E, 0x00, 0x00, 0x00,
    0xD3, 0x02, 0x00, 0x00, 0x41, 0x00, 0x06, 0x00, 0xA0, 0x00, 0x00, 0x00, 0xD4, 0x02, 0x00, 0x00, 0x1B, 0x00, 0x00,
    0x00, 0xCC, 0x00, 0x00, 0x00, 0xC5, 0x00, 0x00, 0x00, 0x3D, 0x00, 0x04, 0x00, 0x69, 0x00, 0x00, 0x00, 0xD5, 0x02,
    0x00, 0x00, 0xD4, 0x02, 0x00, 0x00, 0xC7, 0x00, 0x05, 0x00, 0x69, 0x00, 0x00, 0x00, 0xD6, 0x02, 0x00, 0x00, 0xD5,
    0x02, 0x00, 0x00, 0xC6, 0x00, 0x00, 0x00, 0xAB, 0x00, 0x05, 0x00, 0x74, 0x00, 0x00, 0x00, 0xD7, 0x02, 0x00, 0x00,
    0xD6, 0x02, 0x00, 0x00, 0xC5, 0x00, 0x00, 0x00, 0xF7, 0x00, 0x03, 0x00, 0xD8, 0x02, 0x00, 0x00, 0x00, 0x00, 0x00,
    0x00, 0xFA, 0x00, 0x04, 0x00, 0xD7, 0x02, 0x00, 0x00, 0xD9, 0x02, 0x00, 0x00, 0xD8, 0x02, 0x00, 0x00, 0xF8, 0x00,
    0x02, 0x00, 0xD9, 0x02, 0x00, 0x00, 0x3D, 0x00, 0x04, 0x00, 0x66, 0x00, 0x00, 0x00, 0xDA, 0x02, 0x00, 0x00, 0x5D,
    0x00, 0x00, 0x00, 0x3D, 0x00, 0x04, 0x00, 0x64, 0x00, 0x00, 0x00, 0xDB, 0x02, 0x00, 0x00, 0x5E, 0x00, 0x00, 0x00,
    0x8E, 0x00, 0x05, 0x00, 0x66, 0x00, 0x00, 0x00, 0xDC, 0x02, 0x00, 0x00, 0xDA, 0x02, 0x00, 0x00, 0xDB, 0x02, 0x00,
    0x00, 0x3D, 0x00, 0x04, 0x00, 0x64, 0x00, 0x00, 0x00, 0xDD, 0x02, 0x00, 0x00, 0x5E, 0x00, 0x00, 0x00, 0x83, 0x00,
    0x05, 0x00, 0x64, 0x00, 0x00, 0x00, 0xDE, 0x02, 0x00, 0x00, 0xCA, 0x00, 0x00, 0x00, 0xDD, 0x02, 0x00, 0x00, 0x50,
    0x00, 0x06, 0x00, 0x66, 0x00, 0x00, 0x00, 0xDF, 0x02, 0x00, 0x00, 0xDE, 0x02, 0x00, 0x00, 0xDE, 0x02, 0x00, 0x00,
    0xDE, 0x02, 0x00, 0x00, 0x81, 0x00, 0x05, 0x00, 0x66, 0x00, 0x00, 0x00, 0xE0, 0x02, 0x00, 0x00, 0xDC, 0x02, 0x00,
    0x00, 0xDF, 0x02, 0x00, 0x00, 0x3D, 0x00, 0x04, 0x00, 0x64, 0x00, 0x00, 0x00, 0xE1, 0x02, 0x00, 0x00, 0x5E, 0x00,
    0x00, 0x00, 0x51, 0x00, 0x05, 0x00, 0x64, 0x00, 0x00, 0x00, 0xE2, 0x02, 0x00, 0x00, 0xE0, 0x02, 0x00, 0x00, 0x00,
    0x00, 0x00, 0x00, 0x51, 0x00, 0x05, 0x00, 0x64, 0x00, 0x00, 0x00, 0xE3, 0x02, 0x00, 0x00, 0xE0, 0x02, 0x00, 0x00,
    0x01, 0x00, 0x00, 0x00, 0x51, 0x00, 0x05, 0x00, 0x64, 0x00, 0x00, 0x00, 0xE4, 0x02, 0x00, 0x00, 0xE0, 0x02, 0x00,
    0x00, 0x02, 0x00, 0x00, 0x00, 0x50, 0x00, 0x07, 0x00, 0x65, 0x00, 0x00, 0x00, 0xE5, 0x02, 0x00, 0x00, 0xE2, 0x02,
    0x00, 0x00, 0xE3, 0x02, 0x00, 0x00, 0xE4, 0x02, 0x00, 0x00, 0xE1, 0x02, 0x00, 0x00, 0x3E, 0x00, 0x03, 0x00, 0x24,
    0x00, 0x00, 0x00, 0xE5, 0x02, 0x00, 0x00, 0xFD, 0x00, 0x01, 0x00, 0xF8, 0x00, 0x02, 0x00, 0xD8, 0x02, 0x00, 0x00,
    0x41, 0x00, 0x05, 0x00, 0x72, 0x00, 0x00, 0x00, 0xE6, 0x02, 0x00, 0x00, 0x1B, 0x00, 0x00, 0x00, 0xD0, 0x00, 0x00,
    0x00, 0x3D, 0x00, 0x04, 0x00, 0x65, 0x00, 0x00, 0x00, 0xE7, 0x02, 0x00, 0x00, 0xE6, 0x02, 0x00, 0x00, 0x4F, 0x00,
    0x08, 0x00, 0x66, 0x00, 0x00, 0x00, 0xE8, 0x02, 0x00, 0x00, 0xE7, 0x02, 0x00, 0x00, 0xE7, 0x02, 0x00, 0x00, 0x00,
    0x00, 0x00, 0x00, 0x01, 0x00, 0x00, 0x00, 0x02, 0x00, 0x00, 0x00, 0x41, 0x00, 0x05, 0x00, 0x72, 0x00, 0x00, 0x00,
    0xE9, 0x02, 0x00, 0x00, 0x1B, 0x00, 0x00, 0x00, 0xC9, 0x00, 0x00, 0x00, 0x3D, 0x00, 0x04, 0x00, 0x65, 0x00, 0x00,
    0x00, 0xEA, 0x02, 0x00, 0x00, 0xE9, 0x02, 0x00, 0x00, 0x4F, 0x00, 0x08, 0x00, 0x66, 0x00, 0x00, 0x00, 0xEB, 0x02,
    0x00, 0x00, 0xEA, 0x02, 0x00, 0x00, 0xEA, 0x02, 0x00, 0x00, 0x00, 0x00, 0x00, 0x00, 0x01, 0x00, 0x00, 0x00, 0x02,
    0x00, 0x00, 0x00, 0x3D, 0x00, 0x04, 0x00, 0x66, 0x00, 0x00, 0x00, 0xEC, 0x02, 0x00, 0x00, 0x57, 0x00, 0x00, 0x00,
    0x85, 0x00, 0x05, 0x00, 0x66, 0x00, 0x00, 0x00, 0xED, 0x02, 0x00, 0x00, 0xEB, 0x02, 0x00, 0x00, 0xEC, 0x02, 0x00,
    0x00, 0x81, 0x00, 0x05, 0x00, 0x66, 0x00, 0x00, 0x00, 0xEE, 0x02, 0x00, 0x00, 0xE8, 0x02, 0x00, 0x00, 0xED, 0x02,
    0x00, 0x00, 0x41, 0x00, 0x05, 0x00, 0xC7, 0x00, 0x00, 0x00, 0xEF, 0x02, 0x00, 0x00, 0x23, 0x00, 0x00, 0x00, 0xCE,
    0x00, 0x00, 0x00, 0x3D, 0x00, 0x04, 0x00, 0x64, 0x00, 0x00, 0x00, 0xF0, 0x02, 0x00, 0x00, 0xEF, 0x02, 0x00, 0x00,
    0x8E, 0x00, 0x05, 0x00, 0x66, 0x00, 0x00, 0x00, 0xF1, 0x02, 0x00, 0x00, 0xEE, 0x02, 0x00, 0x00, 0xF0, 0x02, 0x00,
    0x00, 0x3D, 0x00, 0x04, 0x00, 0x64, 0x00, 0x00, 0x00, 0xF2, 0x02, 0x00, 0x00, 0x5C, 0x00, 0x00, 0x00, 0x8E, 0x00,
    0x05, 0x00, 0x66, 0x00, 0x00, 0x00, 0xF3, 0x02, 0x00, 0x00, 0xF1, 0x02, 0x00, 0x00, 0xF2, 0x02, 0x00, 0x00, 0x3D,
    0x00, 0x04, 0x00, 0x64, 0x00, 0x00, 0x00, 0xF4, 0x02, 0x00, 0x00, 0x59, 0x00, 0x00, 0x00, 0x8E, 0x00, 0x05, 0x00,
    0x66, 0x00, 0x00, 0x00, 0xF5, 0x02, 0x00, 0x00, 0xF3, 0x02, 0x00, 0x00, 0xF4, 0x02, 0x00, 0x00, 0x41, 0x00, 0x06,
    0x00, 0xD2, 0x00, 0x00, 0x00, 0xF6, 0x02, 0x00, 0x00, 0x25, 0x00, 0x00, 0x00, 0xC3, 0x00, 0x00, 0x00, 0xCD, 0x00,
    0x00, 0x00, 0x3D, 0x00, 0x04, 0x00, 0x64, 0x00, 0x00, 0x00, 0xF7, 0x02, 0x00, 0x00, 0xF6, 0x02, 0x00, 0x00, 0x8E,
    0x00, 0x05, 0x00, 0x66, 0x00, 0x00, 0x00, 0xF8, 0x02, 0x00, 0x00, 0xF5, 0x02, 0x00, 0x00, 0xF7, 0x02, 0x00, 0x00,
    0x3E, 0x00, 0x03, 0x00, 0x5F, 0x00, 0x00, 0x00, 0xF8, 0x02, 0x00, 0x00, 0x3D, 0x00, 0x04, 0x00, 0x66, 0x00, 0x00,
    0x00, 0xF9, 0x02, 0x00, 0x00, 0x5D, 0x00, 0x00, 0x00, 0x3D, 0x00, 0x04, 0x00, 0x64, 0x00, 0x00, 0x00, 0xFA, 0x02,
    0x00, 0x00, 0x5E, 0x00, 0x00, 0x00, 0x8E, 0x00, 0x05, 0x00, 0x66, 0x00, 0x00, 0x00, 0xFB, 0x02, 0x00, 0x00, 0xF9,
    0x02, 0x00, 0x00, 0xFA, 0x02, 0x00, 0x00, 0x3D, 0x00, 0x04, 0x00, 0x66, 0x00, 0x00, 0x00, 0xFC, 0x02, 0x00, 0x00,
    0x5F, 0x00, 0x00, 0x00, 0x81, 0x00, 0x05, 0x00, 0x66, 0x00, 0x00, 0x00, 0xFD, 0x02, 0x00, 0x00, 0xFB, 0x02, 0x00,
    0x00, 0xFC, 0x02, 0x00, 0x00, 0x3D, 0x00, 0x04, 0x00, 0x64, 0x00, 0x00, 0x00, 0xFE, 0x02, 0x00, 0x00, 0x5E, 0x00,
    0x00, 0x00, 0x51, 0x00, 0x05, 0x00, 0x64, 0x00, 0x00, 0x00, 0xFF, 0x02, 0x00, 0x00, 0xFD, 0x02, 0x00, 0x00, 0x00,
    0x00, 0x00, 0x00, 0x51, 0x00, 0x05, 0x00, 0x64, 0x00, 0x00, 0x00, 0x00, 0x03, 0x00, 0x00, 0xFD, 0x02, 0x00, 0x00,
    0x01, 0x00, 0x00, 0x00, 0x51, 0x00, 0x05, 0x00, 0x64, 0x00, 0x00, 0x00, 0x01, 0x03, 0x00, 0x00, 0xFD, 0x02, 0x00,
    0x00, 0x02, 0x00, 0x00, 0x00, 0x50, 0x00, 0x07, 0x00, 0x65, 0x00, 0x00, 0x00, 0x02, 0x03, 0x00, 0x00, 0xFF, 0x02,
    0x00, 0x00, 0x00, 0x03, 0x00, 0x00, 0x01, 0x03, 0x00, 0x00, 0xFE, 0x02, 0x00, 0x00, 0x3E, 0x00, 0x03, 0x00, 0x24,
    0x00, 0x00, 0x00, 0x02, 0x03, 0x00, 0x00, 0xFD, 0x00, 0x01, 0x00, 0x38, 0x00, 0x01, 0x00, 0x00, 0x00, 0x00, 0x00,
    0x2F, 0x2F, 0x20, 0x54, 0x68, 0x65, 0x20, 0x70, 0x61, 0x72, 0x74, 0x69, 0x63, 0x6C, 0x65, 0x73, 0x20, 0x28, 0x44,
    0x33, 0x35, 0x33, 0x29, 0x20, 0x61, 0x6E, 0x64, 0x20, 0x72, 0x69, 0x62, 0x62, 0x6F, 0x6E, 0x73, 0x20, 0x28, 0x44,
    0x33, 0x35, 0x34, 0x2C, 0x20, 0x44, 0x33, 0x35, 0x37, 0x29, 0x2C, 0x20, 0x66, 0x6F, 0x72, 0x20, 0x57, 0x65, 0x62,
    0x47, 0x50, 0x55, 0x3A, 0x20, 0x74, 0x68, 0x65, 0x20, 0x65, 0x6E, 0x74, 0x72, 0x69, 0x65, 0x73, 0x0A, 0x2F, 0x2F,
    0x20, 0x6F, 0x66, 0x20, 0x70, 0x61, 0x72, 0x74, 0x69, 0x63, 0x6C, 0x65, 0x2E, 0x76, 0x65, 0x72, 0x74, 0x2C, 0x20,
    0x70, 0x61, 0x72, 0x74, 0x69, 0x63, 0x6C, 0x65, 0x2E, 0x72, 0x69, 0x62, 0x62, 0x6F, 0x6E, 0x2E, 0x76, 0x65, 0x72,
    0x74, 0x2C, 0x20, 0x61, 0x6E, 0x64, 0x20, 0x70, 0x61, 0x72, 0x74, 0x69, 0x63, 0x6C, 0x65, 0x2E, 0x66, 0x72, 0x61,
    0x67, 0x2E, 0x20, 0x54, 0x68, 0x65, 0x20, 0x72, 0x69, 0x62, 0x62, 0x6F, 0x6E, 0x73, 0x27, 0x0A, 0x2F, 0x2F, 0x20,
    0x65, 0x6E, 0x74, 0x72, 0x79, 0x20, 0x72, 0x65, 0x61, 0x64, 0x73, 0x20, 0x74, 0x68, 0x65, 0x20, 0x74, 0x61, 0x62,
    0x6C, 0x65, 0x27, 0x73, 0x20, 0x73, 0x6C, 0x6F, 0x74, 0x73, 0x20, 0x31, 0x20, 0x61, 0x6E, 0x64, 0x20, 0x32, 0x20,
    0x61, 0x73, 0x20, 0x69, 0x74, 0x73, 0x20, 0x72, 0x69, 0x62, 0x62, 0x6F, 0x6E, 0x20, 0x61, 0x6E, 0x64, 0x20, 0x69,
    0x74, 0x73, 0x20, 0x70, 0x6F, 0x69, 0x6E, 0x74, 0x73, 0x2E, 0x0A, 0x0A, 0x73, 0x74, 0x72, 0x75, 0x63, 0x74, 0x20,
    0x56, 0x69, 0x65, 0x77, 0x20, 0x7B, 0x0A, 0x20, 0x20, 0x20, 0x20, 0x76, 0x69, 0x65, 0x77, 0x50, 0x72, 0x6F, 0x6A,
    0x65, 0x63, 0x74, 0x69, 0x6F, 0x6E, 0x3A, 0x20, 0x6D, 0x61, 0x74, 0x34, 0x78, 0x34, 0x66, 0x2C, 0x0A, 0x20, 0x20,
    0x20, 0x20, 0x72, 0x69, 0x67, 0x68, 0x74, 0x3A, 0x20, 0x76, 0x65, 0x63, 0x34, 0x66, 0x2C, 0x0A, 0x20, 0x20, 0x20,
    0x20, 0x75, 0x70, 0x3A, 0x20, 0x76, 0x65, 0x63, 0x34, 0x66, 0x2C, 0x0A, 0x20, 0x20, 0x20, 0x20, 0x6C, 0x65, 0x6E,
    0x73, 0x3A, 0x20, 0x76, 0x65, 0x63, 0x34, 0x66, 0x2C, 0x0A, 0x7D, 0x0A, 0x0A, 0x73, 0x74, 0x72, 0x75, 0x63, 0x74,
    0x20, 0x4D, 0x61, 0x74, 0x65, 0x72, 0x69, 0x61, 0x6C, 0x20, 0x7B, 0x0A, 0x20, 0x20, 0x20, 0x20, 0x63, 0x6F, 0x6C,
    0x6F, 0x72, 0x3A, 0x20, 0x76, 0x65, 0x63, 0x34, 0x66, 0x2C, 0x0A, 0x20, 0x20, 0x20, 0x20, 0x63, 0x6F, 0x6C, 0x6F,
    0x72, 0x54, 0x65, 0x78, 0x74, 0x75, 0x72, 0x65, 0x3A, 0x20, 0x76, 0x65, 0x63, 0x34, 0x66, 0x2C, 0x0A, 0x20, 0x20,
    0x20, 0x20, 0x65, 0x6D, 0x69, 0x73, 0x73, 0x69, 0x6F, 0x6E, 0x3A, 0x20, 0x76, 0x65, 0x63, 0x34, 0x66, 0x2C, 0x0A,
    0x20, 0x20, 0x20, 0x20, 0x65, 0x6D, 0x69, 0x73, 0x73, 0x69, 0x6F, 0x6E, 0x54, 0x65, 0x78, 0x74, 0x75, 0x72, 0x65,
    0x3A, 0x20, 0x76, 0x65, 0x63, 0x34, 0x66, 0x2C, 0x0A, 0x20, 0x20, 0x20, 0x20, 0x62, 0x61, 0x73, 0x65, 0x4D, 0x61,
    0x70, 0x3A, 0x20, 0x76, 0x65, 0x63, 0x34, 0x66, 0x2C, 0x0A, 0x20, 0x20, 0x20, 0x20, 0x65, 0x6D, 0x69, 0x73, 0x73,
    0x69, 0x6F, 0x6E, 0x4D, 0x61, 0x70, 0x3A, 0x20, 0x76, 0x65, 0x63, 0x34, 0x66, 0x2C, 0x0A, 0x20, 0x20, 0x20, 0x20,
    0x66, 0x6C, 0x61, 0x67, 0x73, 0x3A, 0x20, 0x76, 0x65, 0x63, 0x34, 0x75, 0x2C, 0x0A, 0x7D, 0x0A, 0x0A, 0x73, 0x74,
    0x72, 0x75, 0x63, 0x74, 0x20, 0x45, 0x6D, 0x69, 0x74, 0x74, 0x65, 0x72, 0x20, 0x7B, 0x0A, 0x20, 0x20, 0x20, 0x20,
    0x61, 0x6E, 0x63, 0x68, 0x6F, 0x72, 0x3A, 0x20, 0x76, 0x65, 0x63, 0x34, 0x66, 0x2C, 0x0A, 0x20, 0x20, 0x20, 0x20,
    0x6F, 0x72, 0x69, 0x67, 0x69, 0x6E, 0x3A, 0x20, 0x76, 0x65, 0x63, 0x34, 0x66, 0x2C, 0x0A, 0x20, 0x20, 0x20, 0x20,
    0x64, 0x69, 0x72, 0x65, 0x63, 0x74, 0x69, 0x6F, 0x6E, 0x3A, 0x20, 0x76, 0x65, 0x63, 0x34, 0x66, 0x2C, 0x0A, 0x20,
    0x20, 0x20, 0x20, 0x6D, 0x6F, 0x74, 0x69, 0x6F, 0x6E, 0x3A, 0x20, 0x76, 0x65, 0x63, 0x34, 0x66, 0x2C, 0x0A, 0x20,
    0x20, 0x20, 0x20, 0x61, 0x63, 0x63, 0x65, 0x6C, 0x65, 0x72, 0x61, 0x74, 0x69, 0x6F, 0x6E, 0x3A, 0x20, 0x76, 0x65,
    0x63, 0x34, 0x66, 0x2C, 0x0A, 0x20, 0x20, 0x20, 0x20, 0x73, 0x69, 0x7A, 0x65, 0x73, 0x3A, 0x20, 0x76, 0x65, 0x63,
    0x34, 0x66, 0x2C, 0x0A, 0x20, 0x20, 0x20, 0x20, 0x63, 0x6F, 0x6C, 0x6F, 0x72, 0x53, 0x74, 0x61, 0x72, 0x74, 0x3A,
    0x20, 0x76, 0x65, 0x63, 0x34, 0x66, 0x2C, 0x0A, 0x20, 0x20, 0x20, 0x20, 0x63, 0x6F, 0x6C, 0x6F, 0x72, 0x45, 0x6E,
    0x64, 0x3A, 0x20, 0x76, 0x65, 0x63, 0x34, 0x66, 0x2C, 0x0A, 0x20, 0x20, 0x20, 0x20, 0x72, 0x69, 0x6E, 0x67, 0x3A,
    0x20, 0x76, 0x65, 0x63, 0x34, 0x75, 0x2C, 0x0A, 0x20, 0x20, 0x20, 0x20, 0x6D, 0x6F, 0x72, 0x65, 0x3A, 0x20, 0x76,
    0x65, 0x63, 0x34, 0x75, 0x2C, 0x0A, 0x20, 0x20, 0x20, 0x20, 0x69, 0x6E, 0x68, 0x65, 0x72, 0x69, 0x74, 0x65, 0x64,
    0x3A, 0x20, 0x76, 0x65, 0x63, 0x34, 0x66, 0x2C, 0x0A, 0x7D, 0x0A, 0x0A, 0x73, 0x74, 0x72, 0x75, 0x63, 0x74, 0x20,
    0x50, 0x61, 0x72, 0x74, 0x69, 0x63, 0x6C, 0x65, 0x20, 0x7B, 0x0A, 0x20, 0x20, 0x20, 0x20, 0x73, 0x74, 0x61, 0x72,
    0x74, 0x3A, 0x20, 0x76, 0x65, 0x63, 0x34, 0x66, 0x2C, 0x0A, 0x20, 0x20, 0x20, 0x20, 0x76, 0x65, 0x6C, 0x6F, 0x63,
    0x69, 0x74, 0x79, 0x3A, 0x20, 0x76, 0x65, 0x63, 0x34, 0x66, 0x2C, 0x0A, 0x20, 0x20, 0x20, 0x20, 0x65, 0x78, 0x74,
    0x72, 0x61, 0x3A, 0x20, 0x76, 0x65, 0x63, 0x34, 0x66, 0x2C, 0x0A, 0x7D, 0x0A, 0x0A, 0x73, 0x74, 0x72, 0x75, 0x63,
    0x74, 0x20, 0x52, 0x69, 0x62, 0x62, 0x6F, 0x6E, 0x20, 0x7B, 0x0A, 0x20, 0x20, 0x20, 0x20, 0x72, 0x61, 0x6E, 0x67,
    0x65, 0x3A, 0x20, 0x76, 0x65, 0x63, 0x34, 0x75, 0x2C, 0x0A, 0x7D, 0x0A, 0x0A, 0x73, 0x74, 0x72, 0x75, 0x63, 0x74,
    0x20, 0x50, 0x6F, 0x69, 0x6E, 0x74, 0x20, 0x7B, 0x0A, 0x20, 0x20, 0x20, 0x20, 0x70, 0x6C, 0x61, 0x63, 0x65, 0x57,
    0x69, 0x64, 0x74, 0x68, 0x3A, 0x20, 0x76, 0x65, 0x63, 0x34, 0x66, 0x2C, 0x0A, 0x20, 0x20, 0x20, 0x20, 0x63, 0x6F,
    0x6C, 0x6F, 0x72, 0x3A, 0x20, 0x76, 0x65, 0x63, 0x34, 0x66, 0x2C, 0x0A, 0x20, 0x20, 0x20, 0x20, 0x61, 0x6C, 0x6F,
    0x6E, 0x67, 0x3A, 0x20, 0x76, 0x65, 0x63, 0x34, 0x66, 0x2C, 0x0A, 0x7D, 0x0A, 0x0A, 0x40, 0x67, 0x72, 0x6F, 0x75,
    0x70, 0x28, 0x30, 0x29, 0x20, 0x40, 0x62, 0x69, 0x6E, 0x64, 0x69, 0x6E, 0x67, 0x28, 0x30, 0x29, 0x20, 0x76, 0x61,
    0x72, 0x3C, 0x75, 0x6E, 0x69, 0x66, 0x6F, 0x72, 0x6D, 0x3E, 0x20, 0x76, 0x69, 0x65, 0x77, 0x3A, 0x20, 0x56, 0x69,
    0x65, 0x77, 0x3B, 0x0A, 0x40, 0x67, 0x72, 0x6F, 0x75, 0x70, 0x28, 0x30, 0x29, 0x20, 0x40, 0x62, 0x69, 0x6E, 0x64,
    0x69, 0x6E, 0x67, 0x28, 0x31, 0x29, 0x20, 0x76, 0x61, 0x72, 0x3C, 0x75, 0x6E, 0x69, 0x66, 0x6F, 0x72, 0x6D, 0x3E,
    0x20, 0x65, 0x6D, 0x69, 0x74, 0x74, 0x65, 0x72, 0x3A, 0x20, 0x45, 0x6D, 0x69, 0x74, 0x74, 0x65, 0x72, 0x3B, 0x0A,
    0x40, 0x67, 0x72, 0x6F, 0x75, 0x70, 0x28, 0x30, 0x29, 0x20, 0x40, 0x62, 0x69, 0x6E, 0x64, 0x69, 0x6E, 0x67, 0x28,
    0x32, 0x29, 0x20, 0x76, 0x61, 0x72, 0x3C, 0x73, 0x74, 0x6F, 0x72, 0x61, 0x67, 0x65, 0x2C, 0x20, 0x72, 0x65, 0x61,
    0x64, 0x3E, 0x20, 0x70, 0x61, 0x72, 0x74, 0x69, 0x63, 0x6C, 0x65, 0x73, 0x3A, 0x20, 0x61, 0x72, 0x72, 0x61, 0x79,
    0x3C, 0x50, 0x61, 0x72, 0x74, 0x69, 0x63, 0x6C, 0x65, 0x3E, 0x3B, 0x0A, 0x40, 0x67, 0x72, 0x6F, 0x75, 0x70, 0x28,
    0x30, 0x29, 0x20, 0x40, 0x62, 0x69, 0x6E, 0x64, 0x69, 0x6E, 0x67, 0x28, 0x31, 0x29, 0x20, 0x76, 0x61, 0x72, 0x3C,
    0x75, 0x6E, 0x69, 0x66, 0x6F, 0x72, 0x6D, 0x3E, 0x20, 0x64, 0x72, 0x61, 0x77, 0x6E, 0x52, 0x69, 0x62, 0x62, 0x6F,
    0x6E, 0x3A, 0x20, 0x52, 0x69, 0x62, 0x62, 0x6F, 0x6E, 0x3B, 0x0A, 0x40, 0x67, 0x72, 0x6F, 0x75, 0x70, 0x28, 0x30,
    0x29, 0x20, 0x40, 0x62, 0x69, 0x6E, 0x64, 0x69, 0x6E, 0x67, 0x28, 0x32, 0x29, 0x20, 0x76, 0x61, 0x72, 0x3C, 0x73,
    0x74, 0x6F, 0x72, 0x61, 0x67, 0x65, 0x2C, 0x20, 0x72, 0x65, 0x61, 0x64, 0x3E, 0x20, 0x72, 0x69, 0x62, 0x62, 0x6F,
    0x6E, 0x50, 0x6F, 0x69, 0x6E, 0x74, 0x73, 0x3A, 0x20, 0x61, 0x72, 0x72, 0x61, 0x79, 0x3C, 0x50, 0x6F, 0x69, 0x6E,
    0x74, 0x3E, 0x3B, 0x0A, 0x40, 0x67, 0x72, 0x6F, 0x75, 0x70, 0x28, 0x30, 0x29, 0x20, 0x40, 0x62, 0x69, 0x6E, 0x64,
    0x69, 0x6E, 0x67, 0x28, 0x33, 0x29, 0x20, 0x76, 0x61, 0x72, 0x3C, 0x73, 0x74, 0x6F, 0x72, 0x61, 0x67, 0x65, 0x2C,
    0x20, 0x72, 0x65, 0x61, 0x64, 0x3E, 0x20, 0x65, 0x78, 0x70, 0x6F, 0x73, 0x75, 0x72, 0x65, 0x3A, 0x20, 0x76, 0x65,
    0x63, 0x34, 0x66, 0x3B, 0x0A, 0x40, 0x67, 0x72, 0x6F, 0x75, 0x70, 0x28, 0x30, 0x29, 0x20, 0x40, 0x62, 0x69, 0x6E,
    0x64, 0x69, 0x6E, 0x67, 0x28, 0x34, 0x29, 0x20, 0x76, 0x61, 0x72, 0x3C, 0x75, 0x6E, 0x69, 0x66, 0x6F, 0x72, 0x6D,
    0x3E, 0x20, 0x6D, 0x61, 0x74, 0x65, 0x72, 0x69, 0x61, 0x6C, 0x3A, 0x20, 0x4D, 0x61, 0x74, 0x65, 0x72, 0x69, 0x61,
    0x6C, 0x3B, 0x0A, 0x40, 0x67, 0x72, 0x6F, 0x75, 0x70, 0x28, 0x30, 0x29, 0x20, 0x40, 0x62, 0x69, 0x6E, 0x64, 0x69,
    0x6E, 0x67, 0x28, 0x35, 0x29, 0x20, 0x76, 0x61, 0x72, 0x20, 0x64, 0x65, 0x70, 0x74, 0x68, 0x3A, 0x20, 0x74, 0x65,
    0x78, 0x74, 0x75, 0x72, 0x65, 0x5F, 0x64, 0x65, 0x70, 0x74, 0x68, 0x5F, 0x32, 0x64, 0x3B, 0x0A, 0x40, 0x67, 0x72,
    0x6F, 0x75, 0x70, 0x28, 0x30, 0x29, 0x20, 0x40, 0x62, 0x69, 0x6E, 0x64, 0x69, 0x6E, 0x67, 0x28, 0x36, 0x29, 0x20,
    0x76, 0x61, 0x72, 0x20, 0x62, 0x61, 0x73, 0x65, 0x54, 0x65, 0x78, 0x74, 0x75, 0x72, 0x65, 0x3A, 0x20, 0x74, 0x65,
    0x78, 0x74, 0x75, 0x72, 0x65, 0x5F, 0x32, 0x64, 0x3C, 0x66, 0x33, 0x32, 0x3E, 0x3B, 0x0A, 0x40, 0x67, 0x72, 0x6F,
    0x75, 0x70, 0x28, 0x30, 0x29, 0x20, 0x40, 0x62, 0x69, 0x6E, 0x64, 0x69, 0x6E, 0x67, 0x28, 0x37, 0x29, 0x20, 0x76,
    0x61, 0x72, 0x20, 0x62, 0x61, 0x73, 0x65, 0x53, 0x61, 0x6D, 0x70, 0x6C, 0x65, 0x72, 0x3A, 0x20, 0x73, 0x61, 0x6D,
    0x70, 0x6C, 0x65, 0x72, 0x3B, 0x0A, 0x40, 0x67, 0x72, 0x6F, 0x75, 0x70, 0x28, 0x30, 0x29, 0x20, 0x40, 0x62, 0x69,
    0x6E, 0x64, 0x69, 0x6E, 0x67, 0x28, 0x38, 0x29, 0x20, 0x76, 0x61, 0x72, 0x20, 0x65, 0x6D, 0x69, 0x73, 0x73, 0x69,
    0x6F, 0x6E, 0x54, 0x65, 0x78, 0x74, 0x75, 0x72, 0x65, 0x3A, 0x20, 0x74, 0x65, 0x78, 0x74, 0x75, 0x72, 0x65, 0x5F,
    0x32, 0x64, 0x3C, 0x66, 0x33, 0x32, 0x3E, 0x3B, 0x0A, 0x40, 0x67, 0x72, 0x6F, 0x75, 0x70, 0x28, 0x30, 0x29, 0x20,
    0x40, 0x62, 0x69, 0x6E, 0x64, 0x69, 0x6E, 0x67, 0x28, 0x39, 0x29, 0x20, 0x76, 0x61, 0x72, 0x20, 0x65, 0x6D, 0x69,
    0x73, 0x73, 0x69, 0x6F, 0x6E, 0x53, 0x61, 0x6D, 0x70, 0x6C, 0x65, 0x72, 0x3A, 0x20, 0x73, 0x61, 0x6D, 0x70, 0x6C,
    0x65, 0x72, 0x3B, 0x0A, 0x0A, 0x63, 0x6F, 0x6E, 0x73, 0x74, 0x20, 0x70, 0x65, 0x72, 0x69, 0x6F, 0x64, 0x20, 0x3D,
    0x20, 0x34, 0x30, 0x39, 0x36, 0x2E, 0x30, 0x3B, 0x0A, 0x0A, 0x73, 0x74, 0x72, 0x75, 0x63, 0x74, 0x20, 0x43, 0x6F,
    0x72, 0x6E, 0x65, 0x72, 0x20, 0x7B, 0x0A, 0x20, 0x20, 0x20, 0x20, 0x40, 0x62, 0x75, 0x69, 0x6C, 0x74, 0x69, 0x6E,
    0x28, 0x70, 0x6F, 0x73, 0x69, 0x74, 0x69, 0x6F, 0x6E, 0x29, 0x20, 0x70, 0x6F, 0x73, 0x69, 0x74, 0x69, 0x6F, 0x6E,
    0x3A, 0x20, 0x76, 0x65, 0x63, 0x34, 0x66, 0x2C, 0x0A, 0x20, 0x20, 0x20, 0x20, 0x40, 0x6C, 0x6F, 0x63, 0x61, 0x74,
    0x69, 0x6F, 0x6E, 0x28, 0x30, 0x29, 0x20, 0x75, 0x76, 0x3A, 0x20, 0x76, 0x65, 0x63, 0x32, 0x66, 0x2C, 0x0A, 0x20,
    0x20, 0x20, 0x20, 0x40, 0x6C, 0x6F, 0x63, 0x61, 0x74, 0x69, 0x6F, 0x6E, 0x28, 0x31, 0x29, 0x20, 0x63, 0x6F, 0x6C,
    0x6F, 0x72, 0x3A, 0x20, 0x76, 0x65, 0x63, 0x34, 0x66, 0x2C, 0x0A, 0x20, 0x20, 0x20, 0x20, 0x40, 0x6C, 0x6F, 0x63,
    0x61, 0x74, 0x69, 0x6F, 0x6E, 0x28, 0x32, 0x29, 0x20, 0x73, 0x6F, 0x66, 0x74, 0x3A, 0x20, 0x66, 0x33, 0x32, 0x2C,
    0x0A, 0x20, 0x20, 0x20, 0x20, 0x40, 0x6C, 0x6F, 0x63, 0x61, 0x74, 0x69, 0x6F, 0x6E, 0x28, 0x33, 0x29, 0x20, 0x73,
    0x68, 0x61, 0x70, 0x65, 0x3A, 0x20, 0x76, 0x65, 0x63, 0x32, 0x66, 0x2C, 0x0A, 0x7D, 0x0A, 0x0A, 0x63, 0x6F, 0x6E,
    0x73, 0x74, 0x20, 0x73, 0x74, 0x72, 0x65, 0x61, 0x6B, 0x53, 0x65, 0x67, 0x6D, 0x65, 0x6E, 0x74, 0x73, 0x20, 0x3D,
    0x20, 0x38, 0x75, 0x3B, 0x0A, 0x0A, 0x66, 0x6E, 0x20, 0x6D, 0x6F, 0x76, 0x65, 0x64, 0x41, 0x74, 0x28, 0x70, 0x61,
    0x72, 0x74, 0x69, 0x63, 0x6C, 0x65, 0x3A, 0x20, 0x50, 0x61, 0x72, 0x74, 0x69, 0x63, 0x6C, 0x65, 0x2C, 0x20, 0x61,
    0x67, 0x65, 0x3A, 0x20, 0x66, 0x33, 0x32, 0x29, 0x20, 0x2D, 0x3E, 0x20, 0x76, 0x65, 0x63, 0x33, 0x66, 0x20, 0x7B,
    0x0A, 0x20, 0x20, 0x20, 0x20, 0x6C, 0x65, 0x74, 0x20, 0x64, 0x72, 0x61, 0x67, 0x20, 0x3D, 0x20, 0x65, 0x6D, 0x69,
    0x74, 0x74, 0x65, 0x72, 0x2E, 0x6D, 0x6F, 0x74, 0x69, 0x6F, 0x6E, 0x2E, 0x7A, 0x3B, 0x0A, 0x20, 0x20, 0x20, 0x20,
    0x6C, 0x65, 0x74, 0x20, 0x61, 0x63, 0x63, 0x65, 0x6C, 0x65, 0x72, 0x61, 0x74, 0x69, 0x6F, 0x6E, 0x20, 0x3D, 0x20,
    0x65, 0x6D, 0x69, 0x74, 0x74, 0x65, 0x72, 0x2E, 0x61, 0x63, 0x63, 0x65, 0x6C, 0x65, 0x72, 0x61, 0x74, 0x69, 0x6F,
    0x6E, 0x2E, 0x78, 0x79, 0x7A, 0x3B, 0x0A, 0x20, 0x20, 0x20, 0x20, 0x69, 0x66, 0x20, 0x28, 0x64, 0x72, 0x61, 0x67,
    0x20, 0x3E, 0x20, 0x31, 0x65, 0x2D, 0x34, 0x29, 0x20, 0x7B, 0x0A, 0x20, 0x20, 0x20, 0x20, 0x20, 0x20, 0x20, 0x20,
    0x6C, 0x65, 0x74, 0x20, 0x73, 0x6C, 0x6F, 0x77, 0x65, 0x64, 0x20, 0x3D, 0x20, 0x28, 0x31, 0x2E, 0x30, 0x20, 0x2D,
    0x20, 0x65, 0x78, 0x70, 0x28, 0x2D, 0x64, 0x72, 0x61, 0x67, 0x20, 0x2A, 0x20, 0x61, 0x67, 0x65, 0x29, 0x29, 0x20,
    0x2F, 0x20, 0x64, 0x72, 0x61, 0x67, 0x3B, 0x0A, 0x20, 0x20, 0x20, 0x20, 0x20, 0x20, 0x20, 0x20, 0x72, 0x65, 0x74,
    0x75, 0x72, 0x6E, 0x20, 0x70, 0x61, 0x72, 0x74, 0x69, 0x63, 0x6C, 0x65, 0x2E, 0x76, 0x65, 0x6C, 0x6F, 0x63, 0x69,
    0x74, 0x79, 0x2E, 0x78, 0x79, 0x7A, 0x20, 0x2A, 0x20, 0x73, 0x6C, 0x6F, 0x77, 0x65, 0x64, 0x20, 0x2B, 0x20, 0x61,
    0x63, 0x63, 0x65, 0x6C, 0x65, 0x72, 0x61, 0x74, 0x69, 0x6F, 0x6E, 0x20, 0x2A, 0x20, 0x28, 0x61, 0x67, 0x65, 0x20,
    0x2D, 0x20, 0x73, 0x6C, 0x6F, 0x77, 0x65, 0x64, 0x29, 0x20, 0x2F, 0x20, 0x64, 0x72, 0x61, 0x67, 0x3B, 0x0A, 0x20,
    0x20, 0x20, 0x20, 0x7D, 0x0A, 0x20, 0x20, 0x20, 0x20, 0x72, 0x65, 0x74, 0x75, 0x72, 0x6E, 0x20, 0x70, 0x61, 0x72,
    0x74, 0x69, 0x63, 0x6C, 0x65, 0x2E, 0x76, 0x65, 0x6C, 0x6F, 0x63, 0x69, 0x74, 0x79, 0x2E, 0x78, 0x79, 0x7A, 0x20,
    0x2A, 0x20, 0x61, 0x67, 0x65, 0x20, 0x2B, 0x20, 0x30, 0x2E, 0x35, 0x20, 0x2A, 0x20, 0x61, 0x63, 0x63, 0x65, 0x6C,
    0x65, 0x72, 0x61, 0x74, 0x69, 0x6F, 0x6E, 0x20, 0x2A, 0x20, 0x61, 0x67, 0x65, 0x20, 0x2A, 0x20, 0x61, 0x67, 0x65,
    0x3B, 0x0A, 0x7D, 0x0A, 0x0A, 0x40, 0x76, 0x65, 0x72, 0x74, 0x65, 0x78, 0x0A, 0x66, 0x6E, 0x20, 0x76, 0x73, 0x28,
    0x40, 0x62, 0x75, 0x69, 0x6C, 0x74, 0x69, 0x6E, 0x28, 0x76, 0x65, 0x72, 0x74, 0x65, 0x78, 0x5F, 0x69, 0x6E, 0x64,
    0x65, 0x78, 0x29, 0x20, 0x69, 0x6E, 0x64, 0x65, 0x78, 0x3A, 0x20, 0x75, 0x33, 0x32, 0x2C, 0x20, 0x40, 0x62, 0x75,
    0x69, 0x6C, 0x74, 0x69, 0x6E, 0x28, 0x69, 0x6E, 0x73, 0x74, 0x61, 0x6E, 0x63, 0x65, 0x5F, 0x69, 0x6E, 0x64, 0x65,
    0x78, 0x29, 0x20, 0x69, 0x6E, 0x73, 0x74, 0x61, 0x6E, 0x63, 0x65, 0x3A, 0x20, 0x75, 0x33, 0x32, 0x29, 0x20, 0x2D,
    0x3E, 0x20, 0x43, 0x6F, 0x72, 0x6E, 0x65, 0x72, 0x20, 0x7B, 0x0A, 0x20, 0x20, 0x20, 0x20, 0x6C, 0x65, 0x74, 0x20,
    0x70, 0x61, 0x72, 0x74, 0x69, 0x63, 0x6C, 0x65, 0x20, 0x3D, 0x20, 0x70, 0x61, 0x72, 0x74, 0x69, 0x63, 0x6C, 0x65,
    0x73, 0x5B, 0x69, 0x6E, 0x73, 0x74, 0x61, 0x6E, 0x63, 0x65, 0x5D, 0x3B, 0x0A, 0x20, 0x20, 0x20, 0x20, 0x6C, 0x65,
    0x74, 0x20, 0x73, 0x69, 0x6E, 0x63, 0x65, 0x20, 0x3D, 0x20, 0x76, 0x69, 0x65, 0x77, 0x2E, 0x72, 0x69, 0x67, 0x68,
    0x74, 0x2E, 0x77, 0x20, 0x2D, 0x20, 0x70, 0x61, 0x72, 0x74, 0x69, 0x63, 0x6C, 0x65, 0x2E, 0x73, 0x74, 0x61, 0x72,
    0x74, 0x2E, 0x77, 0x20, 0x2B, 0x20, 0x70, 0x65, 0x72, 0x69, 0x6F, 0x64, 0x3B, 0x0A, 0x20, 0x20, 0x20, 0x20, 0x6C,
    0x65, 0x74, 0x20, 0x61, 0x67, 0x65, 0x20, 0x3D, 0x20, 0x73, 0x69, 0x6E, 0x63, 0x65, 0x20, 0x2D, 0x20, 0x70, 0x65,
    0x72, 0x69, 0x6F, 0x64, 0x20, 0x2A, 0x20, 0x66, 0x6C, 0x6F, 0x6F, 0x72, 0x28, 0x73, 0x69, 0x6E, 0x63, 0x65, 0x20,
    0x2F, 0x20, 0x70, 0x65, 0x72, 0x69, 0x6F, 0x64, 0x29, 0x3B, 0x0A, 0x20, 0x20, 0x20, 0x20, 0x6C, 0x65, 0x74, 0x20,
    0x6C, 0x69, 0x66, 0x65, 0x20, 0x3D, 0x20, 0x70, 0x61, 0x72, 0x74, 0x69, 0x63, 0x6C, 0x65, 0x2E, 0x76, 0x65, 0x6C,
    0x6F, 0x63, 0x69, 0x74, 0x79, 0x2E, 0x77, 0x3B, 0x0A, 0x20, 0x20, 0x20, 0x20, 0x76, 0x61, 0x72, 0x20, 0x6D, 0x61,
    0x64, 0x65, 0x3A, 0x20, 0x43, 0x6F, 0x72, 0x6E, 0x65, 0x72, 0x3B, 0x0A, 0x20, 0x20, 0x20, 0x20, 0x69, 0x66, 0x20,
    0x28, 0x6C, 0x69, 0x66, 0x65, 0x20, 0x3C, 0x3D, 0x20, 0x30, 0x2E, 0x30, 0x20, 0x7C, 0x7C, 0x20, 0x61, 0x67, 0x65,
    0x20, 0x3E, 0x3D, 0x20, 0x6C, 0x69, 0x66, 0x65, 0x29, 0x20, 0x7B, 0x0A, 0x20, 0x20, 0x20, 0x20, 0x20, 0x20, 0x20,
    0x20, 0x6D, 0x61, 0x64, 0x65, 0x2E, 0x75, 0x76, 0x20, 0x3D, 0x20, 0x76, 0x65, 0x63, 0x32, 0x66, 0x28, 0x30, 0x2E,
    0x30, 0x29, 0x3B, 0x0A, 0x20, 0x20, 0x20, 0x20, 0x20, 0x20, 0x20, 0x20, 0x6D, 0x61, 0x64, 0x65, 0x2E, 0x63, 0x6F,
    0x6C, 0x6F, 0x72, 0x20, 0x3D, 0x20, 0x76, 0x65, 0x63, 0x34, 0x66, 0x28, 0x30, 0x2E, 0x30, 0x29, 0x3B, 0x0A, 0x20,
    0x20, 0x20, 0x20, 0x20, 0x20, 0x20, 0x20, 0x6D, 0x61, 0x64, 0x65, 0x2E, 0x73, 0x6F, 0x66, 0x74, 0x20, 0x3D, 0x20,
    0x31, 0x2E, 0x30, 0x3B, 0x0A, 0x20, 0x20, 0x20, 0x20, 0x20, 0x20, 0x20, 0x20, 0x6D, 0x61, 0x64, 0x65, 0x2E, 0x73,
    0x68, 0x61, 0x70, 0x65, 0x20, 0x3D, 0x20, 0x76, 0x65, 0x63, 0x32, 0x66, 0x28, 0x30, 0x2E, 0x30, 0x29, 0x3B, 0x0A,
    0x20, 0x20, 0x20, 0x20, 0x20, 0x20, 0x20, 0x20, 0x6D, 0x61, 0x64, 0x65, 0x2E, 0x70, 0x6F, 0x73, 0x69, 0x74, 0x69,
    0x6F, 0x6E, 0x20, 0x3D, 0x20, 0x76, 0x65, 0x63, 0x34, 0x66, 0x28, 0x32, 0x2E, 0x30, 0x2C, 0x20, 0x32, 0x2E, 0x30,
    0x2C, 0x20, 0x32, 0x2E, 0x30, 0x2C, 0x20, 0x31, 0x2E, 0x30, 0x29, 0x3B, 0x0A, 0x20, 0x20, 0x20, 0x20, 0x20, 0x20,
    0x20, 0x20, 0x72, 0x65, 0x74, 0x75, 0x72, 0x6E, 0x20, 0x6D, 0x61, 0x64, 0x65, 0x3B, 0x0A, 0x20, 0x20, 0x20, 0x20,
    0x7D, 0x0A, 0x20, 0x20, 0x20, 0x20, 0x6C, 0x65, 0x74, 0x20, 0x74, 0x68, 0x72, 0x6F, 0x75, 0x67, 0x68, 0x20, 0x3D,
    0x20, 0x61, 0x67, 0x65, 0x20, 0x2F, 0x20, 0x6C, 0x69, 0x66, 0x65, 0x3B, 0x0A, 0x20, 0x20, 0x20, 0x20, 0x6C, 0x65,
    0x74, 0x20, 0x73, 0x69, 0x7A, 0x65, 0x20, 0x3D, 0x20, 0x6D, 0x69, 0x78, 0x28, 0x65, 0x6D, 0x69, 0x74, 0x74, 0x65,
    0x72, 0x2E, 0x73, 0x69, 0x7A, 0x65, 0x73, 0x2E, 0x78, 0x2C, 0x20, 0x65, 0x6D, 0x69, 0x74, 0x74, 0x65, 0x72, 0x2E,
    0x73, 0x69, 0x7A, 0x65, 0x73, 0x2E, 0x79, 0x2C, 0x20, 0x74, 0x68, 0x72, 0x6F, 0x75, 0x67, 0x68, 0x29, 0x20, 0x2A,
    0x20, 0x70, 0x61, 0x72, 0x74, 0x69, 0x63, 0x6C, 0x65, 0x2E, 0x65, 0x78, 0x74, 0x72, 0x61, 0x2E, 0x78, 0x3B, 0x0A,
    0x20, 0x20, 0x20, 0x20, 0x6C, 0x65, 0x74, 0x20, 0x73, 0x74, 0x61, 0x72, 0x74, 0x20, 0x3D, 0x20, 0x65, 0x6D, 0x69,
    0x74, 0x74, 0x65, 0x72, 0x2E, 0x61, 0x6E, 0x63, 0x68, 0x6F, 0x72, 0x2E, 0x78, 0x79, 0x7A, 0x20, 0x2B, 0x20, 0x70,
    0x61, 0x72, 0x74, 0x69, 0x63, 0x6C, 0x65, 0x2E, 0x73, 0x74, 0x61, 0x72, 0x74, 0x2E, 0x78, 0x79, 0x7A, 0x3B, 0x0A,
    0x20, 0x20, 0x20, 0x20, 0x76, 0x61, 0x72, 0x20, 0x63, 0x6F, 0x72, 0x6E, 0x65, 0x72, 0x73, 0x20, 0x3D, 0x20, 0x61,
    0x72, 0x72, 0x61, 0x79, 0x3C, 0x75, 0x33, 0x32, 0x2C, 0x20, 0x36, 0x3E, 0x28, 0x30, 0x75, 0x2C, 0x20, 0x31, 0x75,
    0x2C, 0x20, 0x32, 0x75, 0x2C, 0x20, 0x32, 0x75, 0x2C, 0x20, 0x31, 0x75, 0x2C, 0x20, 0x33, 0x75, 0x29, 0x3B, 0x0A,
    0x20, 0x20, 0x20, 0x20, 0x6C, 0x65, 0x74, 0x20, 0x63, 0x6F, 0x72, 0x6E, 0x65, 0x72, 0x20, 0x3D, 0x20, 0x63, 0x6F,
    0x72, 0x6E, 0x65, 0x72, 0x73, 0x5B, 0x69, 0x6E, 0x64, 0x65, 0x78, 0x20, 0x25, 0x20, 0x36, 0x75, 0x5D, 0x3B, 0x0A,
    0x20, 0x20, 0x20, 0x20, 0x6D, 0x61, 0x64, 0x65, 0x2E, 0x63, 0x6F, 0x6C, 0x6F, 0x72, 0x20, 0x3D, 0x20, 0x6D, 0x69,
    0x78, 0x28, 0x65, 0x6D, 0x69, 0x74, 0x74, 0x65, 0x72, 0x2E, 0x63, 0x6F, 0x6C, 0x6F, 0x72, 0x53, 0x74, 0x61, 0x72,
    0x74, 0x2C, 0x20, 0x65, 0x6D, 0x69, 0x74, 0x74, 0x65, 0x72, 0x2E, 0x63, 0x6F, 0x6C, 0x6F, 0x72, 0x45, 0x6E, 0x64,
    0x2C, 0x20, 0x74, 0x68, 0x72, 0x6F, 0x75, 0x67, 0x68, 0x29, 0x3B, 0x0A, 0x20, 0x20, 0x20, 0x20, 0x6D, 0x61, 0x64,
    0x65, 0x2E, 0x73, 0x6F, 0x66, 0x74, 0x20, 0x3D, 0x20, 0x6D, 0x61, 0x78, 0x28, 0x30, 0x2E, 0x35, 0x20, 0x2A, 0x20,
    0x73, 0x69, 0x7A, 0x65, 0x2C, 0x20, 0x31, 0x65, 0x2D, 0x34, 0x29, 0x3B, 0x0A, 0x20, 0x20, 0x20, 0x20, 0x6C, 0x65,
    0x74, 0x20, 0x73, 0x74, 0x72, 0x65, 0x61, 0x6B, 0x20, 0x3D, 0x20, 0x65, 0x6D, 0x69, 0x74, 0x74, 0x65, 0x72, 0x2E,
    0x69, 0x6E, 0x68, 0x65, 0x72, 0x69, 0x74, 0x65, 0x64, 0x2E, 0x77, 0x3B, 0x0A, 0x20, 0x20, 0x20, 0x20, 0x69, 0x66,
    0x20, 0x28, 0x73, 0x74, 0x72, 0x65, 0x61, 0x6B, 0x20, 0x3E, 0x20, 0x30, 0x2E, 0x30, 0x29, 0x20, 0x7B, 0x0A, 0x20,
    0x20, 0x20, 0x20, 0x20, 0x20, 0x20, 0x20, 0x6C, 0x65, 0x74, 0x20, 0x70, 0x6F, 0x69, 0x6E, 0x74, 0x20, 0x3D, 0x20,
    0x69, 0x6E, 0x64, 0x65, 0x78, 0x20, 0x2F, 0x20, 0x36, 0x75, 0x20, 0x2B, 0x20, 0x28, 0x63, 0x6F, 0x72, 0x6E, 0x65,
    0x72, 0x20, 0x3E, 0x3E, 0x20, 0x31, 0x75, 0x29, 0x3B, 0x0A, 0x20, 0x20, 0x20, 0x20, 0x20, 0x20, 0x20, 0x20, 0x6C,
    0x65, 0x74, 0x20, 0x73, 0x74, 0x65, 0x70, 0x20, 0x3D, 0x20, 0x73, 0x74, 0x72, 0x65, 0x61, 0x6B, 0x20, 0x2F, 0x20,
    0x66, 0x33, 0x32, 0x28, 0x73, 0x74, 0x72, 0x65, 0x61, 0x6B, 0x53, 0x65, 0x67, 0x6D, 0x65, 0x6E, 0x74, 0x73, 0x29,
    0x3B, 0x0A, 0x20, 0x20, 0x20, 0x20, 0x20, 0x20, 0x20, 0x20, 0x6C, 0x65, 0x74, 0x20, 0x62, 0x61, 0x63, 0x6B, 0x20,
    0x3D, 0x20, 0x73, 0x74, 0x65, 0x70, 0x20, 0x2A, 0x20, 0x66, 0x33, 0x32, 0x28, 0x70, 0x6F, 0x69, 0x6E, 0x74, 0x29,
    0x3B, 0x0A, 0x20, 0x20, 0x20, 0x20, 0x20, 0x20, 0x20, 0x20, 0x6C, 0x65, 0x74, 0x20, 0x68, 0x65, 0x72, 0x65, 0x20,
    0x3D, 0x20, 0x73, 0x74, 0x61, 0x72, 0x74, 0x20, 0x2B, 0x20, 0x6D, 0x6F, 0x76, 0x65, 0x64, 0x41, 0x74, 0x28, 0x70,
    0x61, 0x72, 0x74, 0x69, 0x63, 0x6C, 0x65, 0x2C, 0x20, 0x6D, 0x61, 0x78, 0x28, 0x61, 0x67, 0x65, 0x20, 0x2D, 0x20,
    0x62, 0x61, 0x63, 0x6B, 0x2C, 0x20, 0x30, 0x2E, 0x30, 0x29, 0x29, 0x3B, 0x0A, 0x20, 0x20, 0x20, 0x20, 0x20, 0x20,
    0x20, 0x20, 0x6C, 0x65, 0x74, 0x20, 0x72, 0x75, 0x6E, 0x73, 0x20, 0x3D, 0x20, 0x6D, 0x6F, 0x76, 0x65, 0x64, 0x41,
    0x74, 0x28, 0x70, 0x61, 0x72, 0x74, 0x69, 0x63, 0x6C, 0x65, 0x2C, 0x20, 0x6D, 0x61, 0x78, 0x28, 0x61, 0x67, 0x65,
    0x20, 0x2D, 0x20, 0x62, 0x61, 0x63, 0x6B, 0x20, 0x2B, 0x20, 0x73, 0x74, 0x65, 0x70, 0x2C, 0x20, 0x30, 0x2E, 0x30,
    0x29, 0x29, 0x20, 0x2D, 0x20, 0x6D, 0x6F, 0x76, 0x65, 0x64, 0x41, 0x74, 0x28, 0x70, 0x61, 0x72, 0x74, 0x69, 0x63,
    0x6C, 0x65, 0x2C, 0x20, 0x6D, 0x61, 0x78, 0x28, 0x61, 0x67, 0x65, 0x20, 0x2D, 0x20, 0x62, 0x61, 0x63, 0x6B, 0x20,
    0x2D, 0x20, 0x73, 0x74, 0x65, 0x70, 0x2C, 0x20, 0x30, 0x2E, 0x30, 0x29, 0x29, 0x3B, 0x0A, 0x20, 0x20, 0x20, 0x20,
    0x20, 0x20, 0x20, 0x20, 0x76, 0x61, 0x72, 0x20, 0x74, 0x6F, 0x45, 0x79, 0x65, 0x20, 0x3D, 0x20, 0x2D, 0x68, 0x65,
    0x72, 0x65, 0x3B, 0x0A, 0x20, 0x20, 0x20, 0x20, 0x20, 0x20, 0x20, 0x20, 0x69, 0x66, 0x20, 0x28, 0x76, 0x69, 0x65,
    0x77, 0x2E, 0x6C, 0x65, 0x6E, 0x73, 0x2E, 0x79, 0x20, 0x3E, 0x20, 0x30, 0x2E, 0x35, 0x29, 0x20, 0x7B, 0x0A, 0x20,
    0x20, 0x20, 0x20, 0x20, 0x20, 0x20, 0x20, 0x20, 0x20, 0x20, 0x20, 0x74, 0x6F, 0x45, 0x79, 0x65, 0x20, 0x3D, 0x20,
    0x63, 0x72, 0x6F, 0x73, 0x73, 0x28, 0x76, 0x69, 0x65, 0x77, 0x2E, 0x72, 0x69, 0x67, 0x68, 0x74, 0x2E, 0x78, 0x79,
    0x7A, 0x2C, 0x20, 0x76, 0x69, 0x65, 0x77, 0x2E, 0x75, 0x70, 0x2E, 0x78, 0x79, 0x7A, 0x29, 0x3B, 0x0A, 0x20, 0x20,
    0x20, 0x20, 0x20, 0x20, 0x20, 0x20, 0x7D, 0x0A, 0x20, 0x20, 0x20, 0x20, 0x20, 0x20, 0x20, 0x20, 0x76, 0x61, 0x72,
    0x20, 0x61, 0x63, 0x72, 0x6F, 0x73, 0x73, 0x20, 0x3D, 0x20, 0x63, 0x72, 0x6F, 0x73, 0x73, 0x28, 0x72, 0x75, 0x6E,
    0x73, 0x2C, 0x20, 0x74, 0x6F, 0x45, 0x79, 0x65, 0x29, 0x3B, 0x0A, 0x20, 0x20, 0x20, 0x20, 0x20, 0x20, 0x20, 0x20,
    0x69, 0x66, 0x20, 0x28, 0x64, 0x6F, 0x74, 0x28, 0x61, 0x63, 0x72, 0x6F, 0x73, 0x73, 0x2C, 0x20, 0x61, 0x63, 0x72,
    0x6F, 0x73, 0x73, 0x29, 0x20, 0x3E, 0x20, 0x31, 0x65, 0x2D, 0x31, 0x32, 0x29, 0x20, 0x7B, 0x0A, 0x20, 0x20, 0x20,
    0x20, 0x20, 0x20, 0x20, 0x20, 0x20, 0x20, 0x20, 0x20, 0x61, 0x63, 0x72, 0x6F, 0x73, 0x73, 0x20, 0x3D, 0x20, 0x6E,
    0x6F, 0x72, 0x6D, 0x61, 0x6C, 0x69, 0x7A, 0x65, 0x28, 0x61, 0x63, 0x72, 0x6F, 0x73, 0x73, 0x29, 0x3B, 0x0A, 0x20,
    0x20, 0x20, 0x20, 0x20, 0x20, 0x20, 0x20, 0x7D, 0x20, 0x65, 0x6C, 0x73, 0x65, 0x20, 0x7B, 0x0A, 0x20, 0x20, 0x20,
    0x20, 0x20, 0x20, 0x20, 0x20, 0x20, 0x20, 0x20, 0x20, 0x61, 0x63, 0x72, 0x6F, 0x73, 0x73, 0x20, 0x3D, 0x20, 0x76,
    0x69, 0x65, 0x77, 0x2E, 0x75, 0x70, 0x2E, 0x78, 0x79, 0x7A, 0x3B, 0x0A, 0x20, 0x20, 0x20, 0x20, 0x20, 0x20, 0x20,
    0x20, 0x7D, 0x0A, 0x20, 0x20, 0x20, 0x20, 0x20, 0x20, 0x20, 0x20, 0x6C, 0x65, 0x74, 0x20, 0x73, 0x69, 0x64, 0x65,
    0x20, 0x3D, 0x20, 0x66, 0x33, 0x32, 0x28, 0x63, 0x6F, 0x72, 0x6E, 0x65, 0x72, 0x20, 0x26, 0x20, 0x31, 0x75, 0x29,
    0x20, 0x2D, 0x20, 0x30, 0x2E, 0x35, 0x3B, 0x0A, 0x20, 0x20, 0x20, 0x20, 0x20, 0x20, 0x20, 0x20, 0x6C, 0x65, 0x74,
    0x20, 0x77, 0x69, 0x64, 0x74, 0x68, 0x20, 0x3D, 0x20, 0x73, 0x69, 0x7A, 0x65, 0x20, 0x2A, 0x20, 0x28, 0x31, 0x2E,
    0x30, 0x20, 0x2D, 0x20, 0x66, 0x33, 0x32, 0x28, 0x70, 0x6F, 0x69, 0x6E, 0x74, 0x29, 0x20, 0x2F, 0x20, 0x66, 0x33,
    0x32, 0x28, 0x73, 0x74, 0x72, 0x65, 0x61, 0x6B, 0x53, 0x65, 0x67, 0x6D, 0x65, 0x6E, 0x74, 0x73, 0x29, 0x29, 0x3B,
    0x0A, 0x20, 0x20, 0x20, 0x20, 0x20, 0x20, 0x20, 0x20, 0x6D, 0x61, 0x64, 0x65, 0x2E, 0x75, 0x76, 0x20, 0x3D, 0x20,
    0x76, 0x65, 0x63, 0x32, 0x66, 0x28, 0x66, 0x33, 0x32, 0x28, 0x70, 0x6F, 0x69, 0x6E, 0x74, 0x29, 0x20, 0x2F, 0x20,
    0x66, 0x33, 0x32, 0x28, 0x73, 0x74, 0x72, 0x65, 0x61, 0x6B, 0x53, 0x65, 0x67, 0x6D, 0x65, 0x6E, 0x74, 0x73, 0x29,
    0x2C, 0x20, 0x66, 0x33, 0x32, 0x28, 0x63, 0x6F, 0x72, 0x6E, 0x65, 0x72, 0x20, 0x26, 0x20, 0x31, 0x75, 0x29, 0x29,
    0x3B, 0x0A, 0x20, 0x20, 0x20, 0x20, 0x20, 0x20, 0x20, 0x20, 0x6D, 0x61, 0x64, 0x65, 0x2E, 0x73, 0x68, 0x61, 0x70,
    0x65, 0x20, 0x3D, 0x20, 0x76, 0x65, 0x63, 0x32, 0x66, 0x28, 0x30, 0x2E, 0x30, 0x2C, 0x20, 0x73, 0x69, 0x64, 0x65,
    0x20, 0x2A, 0x20, 0x32, 0x2E, 0x30, 0x29, 0x3B, 0x0A, 0x20, 0x20, 0x20, 0x20, 0x20, 0x20, 0x20, 0x20, 0x6D, 0x61,
    0x64, 0x65, 0x2E, 0x70, 0x6F, 0x73, 0x69, 0x74, 0x69, 0x6F, 0x6E, 0x20, 0x3D, 0x20, 0x76, 0x69, 0x65, 0x77, 0x2E,
    0x76, 0x69, 0x65, 0x77, 0x50, 0x72, 0x6F, 0x6A, 0x65, 0x63, 0x74, 0x69, 0x6F, 0x6E, 0x20, 0x2A, 0x20, 0x76, 0x65,
    0x63, 0x34, 0x66, 0x28, 0x68, 0x65, 0x72, 0x65, 0x20, 0x2B, 0x20, 0x61, 0x63, 0x72, 0x6F, 0x73, 0x73, 0x20, 0x2A,
    0x20, 0x28, 0x73, 0x69, 0x64, 0x65, 0x20, 0x2A, 0x20, 0x77, 0x69, 0x64, 0x74, 0x68, 0x29, 0x2C, 0x20, 0x31, 0x2E,
    0x30, 0x29, 0x3B, 0x0A, 0x20, 0x20, 0x20, 0x20, 0x20, 0x20, 0x20, 0x20, 0x72, 0x65, 0x74, 0x75, 0x72, 0x6E, 0x20,
    0x6D, 0x61, 0x64, 0x65, 0x3B, 0x0A, 0x20, 0x20, 0x20, 0x20, 0x7D, 0x0A, 0x20, 0x20, 0x20, 0x20, 0x6C, 0x65, 0x74,
    0x20, 0x61, 0x74, 0x20, 0x3D, 0x20, 0x76, 0x65, 0x63, 0x32, 0x66, 0x28, 0x66, 0x33, 0x32, 0x28, 0x63, 0x6F, 0x72,
    0x6E, 0x65, 0x72, 0x20, 0x26, 0x20, 0x31, 0x75, 0x29, 0x2C, 0x20, 0x66, 0x33, 0x32, 0x28, 0x63, 0x6F, 0x72, 0x6E,
    0x65, 0x72, 0x20, 0x3E, 0x3E, 0x20, 0x31, 0x75, 0x29, 0x29, 0x3B, 0x0A, 0x20, 0x20, 0x20, 0x20, 0x6C, 0x65, 0x74,
    0x20, 0x70, 0x6C, 0x61, 0x63, 0x65, 0x64, 0x20, 0x3D, 0x20, 0x73, 0x74, 0x61, 0x72, 0x74, 0x20, 0x2B, 0x20, 0x6D,
    0x6F, 0x76, 0x65, 0x64, 0x41, 0x74, 0x28, 0x70, 0x61, 0x72, 0x74, 0x69, 0x63, 0x6C, 0x65, 0x2C, 0x20, 0x61, 0x67,
    0x65, 0x29, 0x20, 0x2B, 0x20, 0x28, 0x76, 0x69, 0x65, 0x77, 0x2E, 0x72, 0x69, 0x67, 0x68, 0x74, 0x2E, 0x78, 0x79,
    0x7A, 0x20, 0x2A, 0x20, 0x28, 0x61, 0x74, 0x2E, 0x78, 0x20, 0x2D, 0x20, 0x30, 0x2E, 0x35, 0x29, 0x20, 0x2B, 0x20,
    0x76, 0x69, 0x65, 0x77, 0x2E, 0x75, 0x70, 0x2E, 0x78, 0x79, 0x7A, 0x20, 0x2A, 0x20, 0x28, 0x61, 0x74, 0x2E, 0x79,
    0x20, 0x2D, 0x20, 0x30, 0x2E, 0x35, 0x29, 0x29, 0x20, 0x2A, 0x20, 0x73, 0x69, 0x7A, 0x65, 0x3B, 0x0A, 0x20, 0x20,
    0x20, 0x20, 0x6C, 0x65, 0x74, 0x20, 0x63, 0x65, 0x6C, 0x6C, 0x73, 0x20, 0x3D, 0x20, 0x76, 0x65, 0x63, 0x32, 0x75,
    0x28, 0x65, 0x6D, 0x69, 0x74, 0x74, 0x65, 0x72, 0x2E, 0x6D, 0x6F, 0x72, 0x65, 0x2E, 0x77, 0x20, 0x26, 0x20, 0x30,
    0x78, 0x46, 0x46, 0x46, 0x46, 0x75, 0x2C, 0x20, 0x65, 0x6D, 0x69, 0x74, 0x74, 0x65, 0x72, 0x2E, 0x6D, 0x6F, 0x72,
    0x65, 0x2E, 0x77, 0x20, 0x3E, 0x3E, 0x20, 0x31, 0x36, 0x75, 0x29, 0x3B, 0x0A, 0x20, 0x20, 0x20, 0x20, 0x6C, 0x65,
    0x74, 0x20, 0x66, 0x72, 0x61, 0x6D, 0x65, 0x73, 0x20, 0x3D, 0x20, 0x6D, 0x61, 0x78, 0x28, 0x63, 0x65, 0x6C, 0x6C,
    0x73, 0x2E, 0x78, 0x20, 0x2A, 0x20, 0x63, 0x65, 0x6C, 0x6C, 0x73, 0x2E, 0x79, 0x2C, 0x20, 0x31, 0x75, 0x29, 0x3B,
    0x0A, 0x20, 0x20, 0x20, 0x20, 0x6C, 0x65, 0x74, 0x20, 0x66, 0x72, 0x61, 0x6D, 0x65, 0x20, 0x3D, 0x20, 0x6D, 0x69,
    0x6E, 0x28, 0x75, 0x33, 0x32, 0x28, 0x74, 0x68, 0x72, 0x6F, 0x75, 0x67, 0x68, 0x20, 0x2A, 0x20, 0x66, 0x33, 0x32,
    0x28, 0x66, 0x72, 0x61, 0x6D, 0x65, 0x73, 0x29, 0x29, 0x2C, 0x20, 0x66, 0x72, 0x61, 0x6D, 0x65, 0x73, 0x20, 0x2D,
    0x20, 0x31, 0x75, 0x29, 0x3B, 0x0A, 0x20, 0x20, 0x20, 0x20, 0x6C, 0x65, 0x74, 0x20, 0x63, 0x6F, 0x6C, 0x75, 0x6D,
    0x6E, 0x73, 0x20, 0x3D, 0x20, 0x6D, 0x61, 0x78, 0x28, 0x63, 0x65, 0x6C, 0x6C, 0x73, 0x2E, 0x78, 0x2C, 0x20, 0x31,
    0x75, 0x29, 0x3B, 0x0A, 0x20, 0x20, 0x20, 0x20, 0x6C, 0x65, 0x74, 0x20, 0x63, 0x65, 0x6C, 0x6C, 0x20, 0x3D, 0x20,
    0x76, 0x65, 0x63, 0x32, 0x66, 0x28, 0x66, 0x33, 0x32, 0x28, 0x66, 0x72, 0x61, 0x6D, 0x65, 0x20, 0x25, 0x20, 0x63,
    0x6F, 0x6C, 0x75, 0x6D, 0x6E, 0x73, 0x29, 0x2C, 0x20, 0x66, 0x33, 0x32, 0x28, 0x66, 0x72, 0x61, 0x6D, 0x65, 0x20,
    0x2F, 0x20, 0x63, 0x6F, 0x6C, 0x75, 0x6D, 0x6E, 0x73, 0x29, 0x29, 0x3B, 0x0A, 0x20, 0x20, 0x20, 0x20, 0x6D, 0x61,
    0x64, 0x65, 0x2E, 0x75, 0x76, 0x20, 0x3D, 0x20, 0x28, 0x63, 0x65, 0x6C, 0x6C, 0x20, 0x2B, 0x20, 0x76, 0x65, 0x63,
    0x32, 0x66, 0x28, 0x61, 0x74, 0x2E, 0x78, 0x2C, 0x20, 0x31, 0x2E, 0x30, 0x20, 0x2D, 0x20, 0x61, 0x74, 0x2E, 0x79,
    0x29, 0x29, 0x20, 0x2F, 0x20, 0x76, 0x65, 0x63, 0x32, 0x66, 0x28, 0x6D, 0x61, 0x78, 0x28, 0x63, 0x65, 0x6C, 0x6C,
    0x73, 0x2C, 0x20, 0x76, 0x65, 0x63, 0x32, 0x75, 0x28, 0x31, 0x75, 0x29, 0x29, 0x29, 0x3B, 0x0A, 0x20, 0x20, 0x20,
    0x20, 0x6D, 0x61, 0x64, 0x65, 0x2E, 0x73, 0x68, 0x61, 0x70, 0x65, 0x20, 0x3D, 0x20, 0x61, 0x74, 0x20, 0x2A, 0x20,
    0x32, 0x2E, 0x30, 0x20, 0x2D, 0x20, 0x31, 0x2E, 0x30, 0x3B, 0x0A, 0x20, 0x20, 0x20, 0x20, 0x6D, 0x61, 0x64, 0x65,
    0x2E, 0x70, 0x6F, 0x73, 0x69, 0x74, 0x69, 0x6F, 0x6E, 0x20, 0x3D, 0x20, 0x76, 0x69, 0x65, 0x77, 0x2E, 0x76, 0x69,
    0x65, 0x77, 0x50, 0x72, 0x6F, 0x6A, 0x65, 0x63, 0x74, 0x69, 0x6F, 0x6E, 0x20, 0x2A, 0x20, 0x76, 0x65, 0x63, 0x34,
    0x66, 0x28, 0x70, 0x6C, 0x61, 0x63, 0x65, 0x64, 0x2C, 0x20, 0x31, 0x2E, 0x30, 0x29, 0x3B, 0x0A, 0x20, 0x20, 0x20,
    0x20, 0x72, 0x65, 0x74, 0x75, 0x72, 0x6E, 0x20, 0x6D, 0x61, 0x64, 0x65, 0x3B, 0x0A, 0x7D, 0x0A, 0x0A, 0x40, 0x76,
    0x65, 0x72, 0x74, 0x65, 0x78, 0x0A, 0x66, 0x6E, 0x20, 0x72, 0x69, 0x62, 0x62, 0x6F, 0x6E, 0x28, 0x40, 0x62, 0x75,
    0x69, 0x6C, 0x74, 0x69, 0x6E, 0x28, 0x76, 0x65, 0x72, 0x74, 0x65, 0x78, 0x5F, 0x69, 0x6E, 0x64, 0x65, 0x78, 0x29,
    0x20, 0x69, 0x6E, 0x64, 0x65, 0x78, 0x3A, 0x20, 0x75, 0x33, 0x32, 0x29, 0x20, 0x2D, 0x3E, 0x20, 0x43, 0x6F, 0x72,
    0x6E, 0x65, 0x72, 0x20, 0x7B, 0x0A, 0x20, 0x20, 0x20, 0x20, 0x76, 0x61, 0x72, 0x20, 0x63, 0x6F, 0x72, 0x6E, 0x65,
    0x72, 0x73, 0x20, 0x3D, 0x20, 0x61, 0x72, 0x72, 0x61, 0x79, 0x3C, 0x75, 0x33, 0x32, 0x2C, 0x20, 0x36, 0x3E, 0x28,
    0x30, 0x75, 0x2C, 0x20, 0x31, 0x75, 0x2C, 0x20, 0x32, 0x75, 0x2C, 0x20, 0x32, 0x75, 0x2C, 0x20, 0x31, 0x75, 0x2C,
    0x20, 0x33, 0x75, 0x29, 0x3B, 0x0A, 0x20, 0x20, 0x20, 0x20, 0x6C, 0x65, 0x74, 0x20, 0x63, 0x6F, 0x72, 0x6E, 0x65,
    0x72, 0x20, 0x3D, 0x20, 0x63, 0x6F, 0x72, 0x6E, 0x65, 0x72, 0x73, 0x5B, 0x69, 0x6E, 0x64, 0x65, 0x78, 0x20, 0x25,
    0x20, 0x36, 0x75, 0x5D, 0x3B, 0x0A, 0x20, 0x20, 0x20, 0x20, 0x6C, 0x65, 0x74, 0x20, 0x66, 0x69, 0x72, 0x73, 0x74,
    0x20, 0x3D, 0x20, 0x64, 0x72, 0x61, 0x77, 0x6E, 0x52, 0x69, 0x62, 0x62, 0x6F, 0x6E, 0x2E, 0x72, 0x61, 0x6E, 0x67,
    0x65, 0x2E, 0x78, 0x3B, 0x0A, 0x20, 0x20, 0x20, 0x20, 0x6C, 0x65, 0x74, 0x20, 0x6C, 0x61, 0x73, 0x74, 0x20, 0x3D,
    0x20, 0x64, 0x72, 0x61, 0x77, 0x6E, 0x52, 0x69, 0x62, 0x62, 0x6F, 0x6E, 0x2E, 0x72, 0x61, 0x6E, 0x67, 0x65, 0x2E,
    0x78, 0x20, 0x2B, 0x20, 0x64, 0x72, 0x61, 0x77, 0x6E, 0x52, 0x69, 0x62, 0x62, 0x6F, 0x6E, 0x2E, 0x72, 0x61, 0x6E,
    0x67, 0x65, 0x2E, 0x79, 0x20, 0x2D, 0x20, 0x31, 0x75, 0x3B, 0x0A, 0x20, 0x20, 0x20, 0x20, 0x6C, 0x65, 0x74, 0x20,
    0x61, 0x74, 0x20, 0x3D, 0x20, 0x66, 0x69, 0x72, 0x73, 0x74, 0x20, 0x2B, 0x20, 0x69, 0x6E, 0x64, 0x65, 0x78, 0x20,
    0x2F, 0x20, 0x36, 0x75, 0x20, 0x2B, 0x20, 0x28, 0x63, 0x6F, 0x72, 0x6E, 0x65, 0x72, 0x20, 0x3E, 0x3E, 0x20, 0x31,
    0x75, 0x29, 0x3B, 0x0A, 0x20, 0x20, 0x20, 0x20, 0x6C, 0x65, 0x74, 0x20, 0x70, 0x6F, 0x69, 0x6E, 0x74, 0x20, 0x3D,
    0x20, 0x72, 0x69, 0x62, 0x62, 0x6F, 0x6E, 0x50, 0x6F, 0x69, 0x6E, 0x74, 0x73, 0x5B, 0x61, 0x74, 0x5D, 0x3B, 0x0A,
    0x20, 0x20, 0x20, 0x20, 0x6C, 0x65, 0x74, 0x20, 0x72, 0x75, 0x6E, 0x73, 0x20, 0x3D, 0x20, 0x72, 0x69, 0x62, 0x62,
    0x6F, 0x6E, 0x50, 0x6F, 0x69, 0x6E, 0x74, 0x73, 0x5B, 0x6D, 0x69, 0x6E, 0x28, 0x61, 0x74, 0x20, 0x2B, 0x20, 0x31,
    0x75, 0x2C, 0x20, 0x6C, 0x61, 0x73, 0x74, 0x29, 0x5D, 0x2E, 0x70, 0x6C, 0x61, 0x63, 0x65, 0x57, 0x69, 0x64, 0x74,
    0x68, 0x2E, 0x78, 0x79, 0x7A, 0x20, 0x2D, 0x20, 0x72, 0x69, 0x62, 0x62, 0x6F, 0x6E, 0x50, 0x6F, 0x69, 0x6E, 0x74,
    0x73, 0x5B, 0x6D, 0x61, 0x78, 0x28, 0x61, 0x74, 0x2C, 0x20, 0x66, 0x69, 0x72, 0x73, 0x74, 0x20, 0x2B, 0x20, 0x31,
    0x75, 0x29, 0x20, 0x2D, 0x20, 0x31, 0x75, 0x5D, 0x2E, 0x70, 0x6C, 0x61, 0x63, 0x65, 0x57, 0x69, 0x64, 0x74, 0x68,
    0x2E, 0x78, 0x79, 0x7A, 0x3B, 0x0A, 0x20, 0x20, 0x20, 0x20, 0x76, 0x61, 0x72, 0x20, 0x74, 0x6F, 0x45, 0x79, 0x65,
    0x20, 0x3D, 0x20, 0x2D, 0x70, 0x6F, 0x69, 0x6E, 0x74, 0x2E, 0x70, 0x6C, 0x61, 0x63, 0x65, 0x57, 0x69, 0x64, 0x74,
    0x68, 0x2E, 0x78, 0x79, 0x7A, 0x3B, 0x0A, 0x20, 0x20, 0x20, 0x20, 0x69, 0x66, 0x20, 0x28, 0x76, 0x69, 0x65, 0x77,
    0x2E, 0x6C, 0x65, 0x6E, 0x73, 0x2E, 0x79, 0x20, 0x3E, 0x20, 0x30, 0x2E, 0x35, 0x29, 0x20, 0x7B, 0x0A, 0x20, 0x20,
    0x20, 0x20, 0x20, 0x20, 0x20, 0x20, 0x74, 0x6F, 0x45, 0x79, 0x65, 0x20, 0x3D, 0x20, 0x63, 0x72, 0x6F, 0x73, 0x73,
    0x28, 0x76, 0x69, 0x65, 0x77, 0x2E, 0x72, 0x69, 0x67, 0x68, 0x74, 0x2E, 0x78, 0x79, 0x7A, 0x2C, 0x20, 0x76, 0x69,
    0x65, 0x77, 0x2E, 0x75, 0x70, 0x2E, 0x78, 0x79, 0x7A, 0x29, 0x3B, 0x0A, 0x20, 0x20, 0x20, 0x20, 0x7D, 0x0A, 0x20,
    0x20, 0x20, 0x20, 0x76, 0x61, 0x72, 0x20, 0x61, 0x63, 0x72, 0x6F, 0x73, 0x73, 0x20, 0x3D, 0x20, 0x63, 0x72, 0x6F,
    0x73, 0x73, 0x28, 0x72, 0x75, 0x6E, 0x73, 0x2C, 0x20, 0x74, 0x6F, 0x45, 0x79, 0x65, 0x29, 0x3B, 0x0A, 0x20, 0x20,
    0x20, 0x20, 0x69, 0x66, 0x20, 0x28, 0x64, 0x6F, 0x74, 0x28, 0x61, 0x63, 0x72, 0x6F, 0x73, 0x73, 0x2C, 0x20, 0x61,
    0x63, 0x72, 0x6F, 0x73, 0x73, 0x29, 0x20, 0x3E, 0x20, 0x31, 0x65, 0x2D, 0x31, 0x32, 0x29, 0x20, 0x7B, 0x0A, 0x20,
    0x20, 0x20, 0x20, 0x20, 0x20, 0x20, 0x20, 0x61, 0x63, 0x72, 0x6F, 0x73, 0x73, 0x20, 0x3D, 0x20, 0x6E, 0x6F, 0x72,
    0x6D, 0x61, 0x6C, 0x69, 0x7A, 0x65, 0x28, 0x61, 0x63, 0x72, 0x6F, 0x73, 0x73, 0x29, 0x3B, 0x0A, 0x20, 0x20, 0x20,
    0x20, 0x7D, 0x20, 0x65, 0x6C, 0x73, 0x65, 0x20, 0x7B, 0x0A, 0x20, 0x20, 0x20, 0x20, 0x20, 0x20, 0x20, 0x20, 0x61,
    0x63, 0x72, 0x6F, 0x73, 0x73, 0x20, 0x3D, 0x20, 0x76, 0x69, 0x65, 0x77, 0x2E, 0x72, 0x69, 0x67, 0x68, 0x74, 0x2E,
    0x78, 0x79, 0x7A, 0x3B, 0x0A, 0x20, 0x20, 0x20, 0x20, 0x7D, 0x0A, 0x20, 0x20, 0x20, 0x20, 0x6C, 0x65, 0x74, 0x20,
    0x73, 0x69, 0x64, 0x65, 0x20, 0x3D, 0x20, 0x66, 0x33, 0x32, 0x28, 0x63, 0x6F, 0x72, 0x6E, 0x65, 0x72, 0x20, 0x26,
    0x20, 0x31, 0x75, 0x29, 0x20, 0x2D, 0x20, 0x30, 0x2E, 0x35, 0x3B, 0x0A, 0x20, 0x20, 0x20, 0x20, 0x76, 0x61, 0x72,
    0x20, 0x6D, 0x61, 0x64, 0x65, 0x3A, 0x20, 0x43, 0x6F, 0x72, 0x6E, 0x65, 0x72, 0x3B, 0x0A, 0x20, 0x20, 0x20, 0x20,
    0x6D, 0x61, 0x64, 0x65, 0x2E, 0x75, 0x76, 0x20, 0x3D, 0x20, 0x76, 0x65, 0x63, 0x32, 0x66, 0x28, 0x70, 0x6F, 0x69,
    0x6E, 0x74, 0x2E, 0x61, 0x6C, 0x6F, 0x6E, 0x67, 0x2E, 0x78, 0x2C, 0x20, 0x66, 0x33, 0x32, 0x28, 0x63, 0x6F, 0x72,
    0x6E, 0x65, 0x72, 0x20, 0x26, 0x20, 0x31, 0x75, 0x29, 0x29, 0x3B, 0x0A, 0x20, 0x20, 0x20, 0x20, 0x6D, 0x61, 0x64,
    0x65, 0x2E, 0x63, 0x6F, 0x6C, 0x6F, 0x72, 0x20, 0x3D, 0x20, 0x70, 0x6F, 0x69, 0x6E, 0x74, 0x2E, 0x63, 0x6F, 0x6C,
    0x6F, 0x72, 0x3B, 0x0A, 0x20, 0x20, 0x20, 0x20, 0x6D, 0x61, 0x64, 0x65, 0x2E, 0x73, 0x6F, 0x66, 0x74, 0x20, 0x3D,
    0x20, 0x6D, 0x61, 0x78, 0x28, 0x30, 0x2E, 0x35, 0x20, 0x2A, 0x20, 0x70, 0x6F, 0x69, 0x6E, 0x74, 0x2E, 0x70, 0x6C,
    0x61, 0x63, 0x65, 0x57, 0x69, 0x64, 0x74, 0x68, 0x2E, 0x77, 0x2C, 0x20, 0x31, 0x65, 0x2D, 0x34, 0x29, 0x3B, 0x0A,
    0x20, 0x20, 0x20, 0x20, 0x6D, 0x61, 0x64, 0x65, 0x2E, 0x73, 0x68, 0x61, 0x70, 0x65, 0x20, 0x3D, 0x20, 0x76, 0x65,
    0x63, 0x32, 0x66, 0x28, 0x30, 0x2E, 0x30, 0x2C, 0x20, 0x73, 0x69, 0x64, 0x65, 0x20, 0x2A, 0x20, 0x32, 0x2E, 0x30,
    0x29, 0x3B, 0x0A, 0x20, 0x20, 0x20, 0x20, 0x6D, 0x61, 0x64, 0x65, 0x2E, 0x70, 0x6F, 0x73, 0x69, 0x74, 0x69, 0x6F,
    0x6E, 0x20, 0x3D, 0x20, 0x76, 0x69, 0x65, 0x77, 0x2E, 0x76, 0x69, 0x65, 0x77, 0x50, 0x72, 0x6F, 0x6A, 0x65, 0x63,
    0x74, 0x69, 0x6F, 0x6E, 0x20, 0x2A, 0x20, 0x76, 0x65, 0x63, 0x34, 0x66, 0x28, 0x70, 0x6F, 0x69, 0x6E, 0x74, 0x2E,
    0x70, 0x6C, 0x61, 0x63, 0x65, 0x57, 0x69, 0x64, 0x74, 0x68, 0x2E, 0x78, 0x79, 0x7A, 0x20, 0x2B, 0x20, 0x61, 0x63,
    0x72, 0x6F, 0x73, 0x73, 0x20, 0x2A, 0x20, 0x28, 0x73, 0x69, 0x64, 0x65, 0x20, 0x2A, 0x20, 0x70, 0x6F, 0x69, 0x6E,
    0x74, 0x2E, 0x70, 0x6C, 0x61, 0x63, 0x65, 0x57, 0x69, 0x64, 0x74, 0x68, 0x2E, 0x77, 0x29, 0x2C, 0x20, 0x31, 0x2E,
    0x30, 0x29, 0x3B, 0x0A, 0x20, 0x20, 0x20, 0x20, 0x72, 0x65, 0x74, 0x75, 0x72, 0x6E, 0x20, 0x6D, 0x61, 0x64, 0x65,
    0x3B, 0x0A, 0x7D, 0x0A, 0x0A, 0x40, 0x66, 0x72, 0x61, 0x67, 0x6D, 0x65, 0x6E, 0x74, 0x0A, 0x66, 0x6E, 0x20, 0x66,
    0x73, 0x28, 0x40, 0x62, 0x75, 0x69, 0x6C, 0x74, 0x69, 0x6E, 0x28, 0x70, 0x6F, 0x73, 0x69, 0x74, 0x69, 0x6F, 0x6E,
    0x29, 0x20, 0x70, 0x6F, 0x73, 0x69, 0x74, 0x69, 0x6F, 0x6E, 0x3A, 0x20, 0x76, 0x65, 0x63, 0x34, 0x66, 0x2C, 0x0A,
    0x20, 0x20, 0x20, 0x20, 0x20, 0x20, 0x40, 0x6C, 0x6F, 0x63, 0x61, 0x74, 0x69, 0x6F, 0x6E, 0x28, 0x30, 0x29, 0x20,
    0x75, 0x76, 0x3A, 0x20, 0x76, 0x65, 0x63, 0x32, 0x66, 0x2C, 0x0A, 0x20, 0x20, 0x20, 0x20, 0x20, 0x20, 0x40, 0x6C,
    0x6F, 0x63, 0x61, 0x74, 0x69, 0x6F, 0x6E, 0x28, 0x31, 0x29, 0x20, 0x63, 0x6F, 0x6C, 0x6F, 0x72, 0x3A, 0x20, 0x76,
    0x65, 0x63, 0x34, 0x66, 0x2C, 0x0A, 0x20, 0x20, 0x20, 0x20, 0x20, 0x20, 0x40, 0x6C, 0x6F, 0x63, 0x61, 0x74, 0x69,
    0x6F, 0x6E, 0x28, 0x32, 0x29, 0x20, 0x73, 0x6F, 0x66, 0x74, 0x3A, 0x20, 0x66, 0x33, 0x32, 0x2C, 0x0A, 0x20, 0x20,
    0x20, 0x20, 0x20, 0x20, 0x40, 0x6C, 0x6F, 0x63, 0x61, 0x74, 0x69, 0x6F, 0x6E, 0x28, 0x33, 0x29, 0x20, 0x73, 0x68,
    0x61, 0x70, 0x65, 0x3A, 0x20, 0x76, 0x65, 0x63, 0x32, 0x66, 0x29, 0x20, 0x2D, 0x3E, 0x20, 0x40, 0x6C, 0x6F, 0x63,
    0x61, 0x74, 0x69, 0x6F, 0x6E, 0x28, 0x30, 0x29, 0x20, 0x76, 0x65, 0x63, 0x34, 0x66, 0x20, 0x7B, 0x0A, 0x20, 0x20,
    0x20, 0x20, 0x2F, 0x2F, 0x20, 0x53, 0x61, 0x6D, 0x70, 0x6C, 0x65, 0x64, 0x20, 0x62, 0x65, 0x66, 0x6F, 0x72, 0x65,
    0x20, 0x61, 0x6E, 0x79, 0x74, 0x68, 0x69, 0x6E, 0x67, 0x20, 0x62, 0x72, 0x61, 0x6E, 0x63, 0x68, 0x65, 0x73, 0x2C,
    0x20, 0x61, 0x73, 0x20, 0x57, 0x47, 0x53, 0x4C, 0x27, 0x73, 0x20, 0x75, 0x6E, 0x69, 0x66, 0x6F, 0x72, 0x6D, 0x69,
    0x74, 0x79, 0x20, 0x61, 0x73, 0x6B, 0x73, 0x2E, 0x0A, 0x20, 0x20, 0x20, 0x20, 0x6C, 0x65, 0x74, 0x20, 0x73, 0x61,
    0x6D, 0x70, 0x6C, 0x65, 0x64, 0x20, 0x3D, 0x20, 0x74, 0x65, 0x78, 0x74, 0x75, 0x72, 0x65, 0x53, 0x61, 0x6D, 0x70,
    0x6C, 0x65, 0x28, 0x62, 0x61, 0x73, 0x65, 0x54, 0x65, 0x78, 0x74, 0x75, 0x72, 0x65, 0x2C, 0x20, 0x62, 0x61, 0x73,
    0x65, 0x53, 0x61, 0x6D, 0x70, 0x6C, 0x65, 0x72, 0x2C, 0x20, 0x75, 0x76, 0x20, 0x2A, 0x20, 0x6D, 0x61, 0x74, 0x65,
    0x72, 0x69, 0x61, 0x6C, 0x2E, 0x62, 0x61, 0x73, 0x65, 0x4D, 0x61, 0x70, 0x2E, 0x78, 0x79, 0x20, 0x2B, 0x20, 0x6D,
    0x61, 0x74, 0x65, 0x72, 0x69, 0x61, 0x6C, 0x2E, 0x62, 0x61, 0x73, 0x65, 0x4D, 0x61, 0x70, 0x2E, 0x7A, 0x77, 0x29,
    0x3B, 0x0A, 0x20, 0x20, 0x20, 0x20, 0x6C, 0x65, 0x74, 0x20, 0x67, 0x6C, 0x6F, 0x77, 0x69, 0x6E, 0x67, 0x20, 0x3D,
    0x20, 0x74, 0x65, 0x78, 0x74, 0x75, 0x72, 0x65, 0x53, 0x61, 0x6D, 0x70, 0x6C, 0x65, 0x28, 0x65, 0x6D, 0x69, 0x73,
    0x73, 0x69, 0x6F, 0x6E, 0x54, 0x65, 0x78, 0x74, 0x75, 0x72, 0x65, 0x2C, 0x20, 0x65, 0x6D, 0x69, 0x73, 0x73, 0x69,
    0x6F, 0x6E, 0x53, 0x61, 0x6D, 0x70, 0x6C, 0x65, 0x72, 0x2C, 0x20, 0x75, 0x76, 0x20, 0x2A, 0x20, 0x6D, 0x61, 0x74,
    0x65, 0x72, 0x69, 0x61, 0x6C, 0x2E, 0x65, 0x6D, 0x69, 0x73, 0x73, 0x69, 0x6F, 0x6E, 0x4D, 0x61, 0x70, 0x2E, 0x78,
    0x79, 0x20, 0x2B, 0x20, 0x6D, 0x61, 0x74, 0x65, 0x72, 0x69, 0x61, 0x6C, 0x2E, 0x65, 0x6D, 0x69, 0x73, 0x73, 0x69,
    0x6F, 0x6E, 0x4D, 0x61, 0x70, 0x2E, 0x7A, 0x77, 0x29, 0x2E, 0x72, 0x67, 0x62, 0x3B, 0x0A, 0x20, 0x20, 0x20, 0x20,
    0x6C, 0x65, 0x74, 0x20, 0x62, 0x65, 0x68, 0x69, 0x6E, 0x64, 0x20, 0x3D, 0x20, 0x74, 0x65, 0x78, 0x74, 0x75, 0x72,
    0x65, 0x4C, 0x6F, 0x61, 0x64, 0x28, 0x64, 0x65, 0x70, 0x74, 0x68, 0x2C, 0x20, 0x6D, 0x69, 0x6E, 0x28, 0x76, 0x65,
    0x63, 0x32, 0x69, 0x28, 0x70, 0x6F, 0x73, 0x69, 0x74, 0x69, 0x6F, 0x6E, 0x2E, 0x78, 0x79, 0x29, 0x2C, 0x20, 0x76,
    0x65, 0x63, 0x32, 0x69, 0x28, 0x74, 0x65, 0x78, 0x74, 0x75, 0x72, 0x65, 0x44, 0x69, 0x6D, 0x65, 0x6E, 0x73, 0x69,
    0x6F, 0x6E, 0x73, 0x28, 0x64, 0x65, 0x70, 0x74, 0x68, 0x29, 0x29, 0x20, 0x2D, 0x20, 0x31, 0x29, 0x2C, 0x20, 0x30,
    0x29, 0x3B, 0x0A, 0x20, 0x20, 0x20, 0x20, 0x69, 0x66, 0x20, 0x28, 0x70, 0x6F, 0x73, 0x69, 0x74, 0x69, 0x6F, 0x6E,
    0x2E, 0x7A, 0x20, 0x3C, 0x20, 0x62, 0x65, 0x68, 0x69, 0x6E, 0x64, 0x29, 0x20, 0x7B, 0x0A, 0x20, 0x20, 0x20, 0x20,
    0x20, 0x20, 0x20, 0x20, 0x64, 0x69, 0x73, 0x63, 0x61, 0x72, 0x64, 0x3B, 0x0A, 0x20, 0x20, 0x20, 0x20, 0x7D, 0x0A,
    0x20, 0x20, 0x20, 0x20, 0x76, 0x61, 0x72, 0x20, 0x66, 0x61, 0x64, 0x65, 0x20, 0x3D, 0x20, 0x31, 0x2E, 0x30, 0x3B,
    0x0A, 0x20, 0x20, 0x20, 0x20, 0x69, 0x66, 0x20, 0x28, 0x62, 0x65, 0x68, 0x69, 0x6E, 0x64, 0x20, 0x3E, 0x20, 0x30,
    0x2E, 0x30, 0x29, 0x20, 0x7B, 0x0A, 0x20, 0x20, 0x20, 0x20, 0x20, 0x20, 0x20, 0x20, 0x66, 0x61, 0x64, 0x65, 0x20,
    0x3D, 0x20, 0x63, 0x6C, 0x61, 0x6D, 0x70, 0x28, 0x28, 0x76, 0x69, 0x65, 0x77, 0x2E, 0x6C, 0x65, 0x6E, 0x73, 0x2E,
    0x78, 0x20, 0x2F, 0x20, 0x62, 0x65, 0x68, 0x69, 0x6E, 0x64, 0x20, 0x2D, 0x20, 0x76, 0x69, 0x65, 0x77, 0x2E, 0x6C,
    0x65, 0x6E, 0x73, 0x2E, 0x78, 0x20, 0x2F, 0x20, 0x70, 0x6F, 0x73, 0x69, 0x74, 0x69, 0x6F, 0x6E, 0x2E, 0x7A, 0x29,
    0x20, 0x2F, 0x20, 0x73, 0x6F, 0x66, 0x74, 0x2C, 0x20, 0x30, 0x2E, 0x30, 0x2C, 0x20, 0x31, 0x2E, 0x30, 0x29, 0x3B,
    0x0A, 0x20, 0x20, 0x20, 0x20, 0x7D, 0x0A, 0x20, 0x20, 0x20, 0x20, 0x6C, 0x65, 0x74, 0x20, 0x73, 0x68, 0x61, 0x70,
    0x65, 0x64, 0x20, 0x3D, 0x20, 0x28, 0x6D, 0x61, 0x74, 0x65, 0x72, 0x69, 0x61, 0x6C, 0x2E, 0x66, 0x6C, 0x61, 0x67,
    0x73, 0x2E, 0x78, 0x20, 0x26, 0x20, 0x31, 0x75, 0x29, 0x20, 0x21, 0x3D, 0x20, 0x30, 0x75, 0x3B, 0x0A, 0x20, 0x20,
    0x20, 0x20, 0x6C, 0x65, 0x74, 0x20, 0x74, 0x69, 0x6E, 0x74, 0x65, 0x64, 0x20, 0x3D, 0x20, 0x6D, 0x61, 0x74, 0x65,
    0x72, 0x69, 0x61, 0x6C, 0x2E, 0x63, 0x6F, 0x6C, 0x6F, 0x72, 0x20, 0x2B, 0x20, 0x6D, 0x61, 0x74, 0x65, 0x72, 0x69,
    0x61, 0x6C, 0x2E, 0x63, 0x6F, 0x6C, 0x6F, 0x72, 0x54, 0x65, 0x78, 0x74, 0x75, 0x72, 0x65, 0x20, 0x2A, 0x20, 0x73,
    0x61, 0x6D, 0x70, 0x6C, 0x65, 0x64, 0x3B, 0x0A, 0x20, 0x20, 0x20, 0x20, 0x76, 0x61, 0x72, 0x20, 0x64, 0x69, 0x73,
    0x63, 0x20, 0x3D, 0x20, 0x31, 0x2E, 0x30, 0x20, 0x2D, 0x20, 0x73, 0x6D, 0x6F, 0x6F, 0x74, 0x68, 0x73, 0x74, 0x65,
    0x70, 0x28, 0x30, 0x2E, 0x35, 0x2C, 0x20, 0x31, 0x2E, 0x30, 0x2C, 0x20, 0x6C, 0x65, 0x6E, 0x67, 0x74, 0x68, 0x28,
    0x73, 0x68, 0x61, 0x70, 0x65, 0x29, 0x29, 0x3B, 0x0A, 0x20, 0x20, 0x20, 0x20, 0x76, 0x61, 0x72, 0x20, 0x6F, 0x75,
    0x74, 0x6C, 0x69, 0x6E, 0x65, 0x20, 0x3D, 0x20, 0x64, 0x69, 0x73, 0x63, 0x3B, 0x0A, 0x20, 0x20, 0x20, 0x20, 0x69,
    0x66, 0x20, 0x28, 0x73, 0x68, 0x61, 0x70, 0x65, 0x64, 0x29, 0x20, 0x7B, 0x0A, 0x20, 0x20, 0x20, 0x20, 0x20, 0x20,
    0x20, 0x20, 0x64, 0x69, 0x73, 0x63, 0x20, 0x3D, 0x20, 0x73, 0x61, 0x6D, 0x70, 0x6C, 0x65, 0x64, 0x2E, 0x61, 0x3B,
    0x0A, 0x20, 0x20, 0x20, 0x20, 0x20, 0x20, 0x20, 0x20, 0x6F, 0x75, 0x74, 0x6C, 0x69, 0x6E, 0x65, 0x20, 0x3D, 0x20,
    0x31, 0x2E, 0x30, 0x3B, 0x0A, 0x20, 0x20, 0x20, 0x20, 0x7D, 0x0A, 0x20, 0x20, 0x20, 0x20, 0x6C, 0x65, 0x74, 0x20,
    0x73, 0x68, 0x61, 0x64, 0x65, 0x20, 0x3D, 0x20, 0x63, 0x6F, 0x6C, 0x6F, 0x72, 0x2E, 0x72, 0x67, 0x62, 0x20, 0x2A,
    0x20, 0x74, 0x69, 0x6E, 0x74, 0x65, 0x64, 0x2E, 0x72, 0x67, 0x62, 0x3B, 0x0A, 0x20, 0x20, 0x20, 0x20, 0x6C, 0x65,
    0x74, 0x20, 0x6F, 0x70, 0x61, 0x63, 0x69, 0x74, 0x79, 0x20, 0x3D, 0x20, 0x63, 0x6C, 0x61, 0x6D, 0x70, 0x28, 0x74,
    0x69, 0x6E, 0x74, 0x65, 0x64, 0x2E, 0x61, 0x20, 0x2A, 0x20, 0x63, 0x6F, 0x6C, 0x6F, 0x72, 0x2E, 0x61, 0x20, 0x2A,
    0x20, 0x6F, 0x75, 0x74, 0x6C, 0x69, 0x6E, 0x65, 0x20, 0x2A, 0x20, 0x66, 0x61, 0x64, 0x65, 0x2C, 0x20, 0x30, 0x2E,
    0x30, 0x2C, 0x20, 0x31, 0x2E, 0x30, 0x29, 0x3B, 0x0A, 0x20, 0x20, 0x20, 0x20, 0x69, 0x66, 0x20, 0x28, 0x28, 0x6D,
    0x61, 0x74, 0x65, 0x72, 0x69, 0x61, 0x6C, 0x2E, 0x66, 0x6C, 0x61, 0x67, 0x73, 0x2E, 0x78, 0x20, 0x26, 0x20, 0x32,
    0x75, 0x29, 0x20, 0x21, 0x3D, 0x20, 0x30, 0x75, 0x29, 0x20, 0x7B, 0x0A, 0x20, 0x20, 0x20, 0x20, 0x20, 0x20, 0x20,
    0x20, 0x72, 0x65, 0x74, 0x75, 0x72, 0x6E, 0x20, 0x76, 0x65, 0x63, 0x34, 0x66, 0x28, 0x73, 0x68, 0x61, 0x64, 0x65,
    0x20, 0x2A, 0x20, 0x6F, 0x70, 0x61, 0x63, 0x69, 0x74, 0x79, 0x20, 0x2B, 0x20, 0x76, 0x65, 0x63, 0x33, 0x66, 0x28,
    0x31, 0x2E, 0x30, 0x20, 0x2D, 0x20, 0x6F, 0x70, 0x61, 0x63, 0x69, 0x74, 0x79, 0x29, 0x2C, 0x20, 0x6F, 0x70, 0x61,
    0x63, 0x69, 0x74, 0x79, 0x29, 0x3B, 0x0A, 0x20, 0x20, 0x20, 0x20, 0x7D, 0x0A, 0x20, 0x20, 0x20, 0x20, 0x6C, 0x65,
    0x74, 0x20, 0x73, 0x68, 0x69, 0x6E, 0x65, 0x20, 0x3D, 0x20, 0x28, 0x6D, 0x61, 0x74, 0x65, 0x72, 0x69, 0x61, 0x6C,
    0x2E, 0x65, 0x6D, 0x69, 0x73, 0x73, 0x69, 0x6F, 0x6E, 0x2E, 0x72, 0x67, 0x62, 0x20, 0x2B, 0x20, 0x6D, 0x61, 0x74,
    0x65, 0x72, 0x69, 0x61, 0x6C, 0x2E, 0x65, 0x6D, 0x69, 0x73, 0x73, 0x69, 0x6F, 0x6E, 0x54, 0x65, 0x78, 0x74, 0x75,
    0x72, 0x65, 0x2E, 0x72, 0x67, 0x62, 0x20, 0x2A, 0x20, 0x67, 0x6C, 0x6F, 0x77, 0x69, 0x6E, 0x67, 0x29, 0x20, 0x2A,
    0x20, 0x63, 0x6F, 0x6C, 0x6F, 0x72, 0x2E, 0x61, 0x20, 0x2A, 0x20, 0x64, 0x69, 0x73, 0x63, 0x20, 0x2A, 0x20, 0x66,
    0x61, 0x64, 0x65, 0x20, 0x2A, 0x20, 0x65, 0x78, 0x70, 0x6F, 0x73, 0x75, 0x72, 0x65, 0x2E, 0x79, 0x3B, 0x0A, 0x20,
    0x20, 0x20, 0x20, 0x72, 0x65, 0x74, 0x75, 0x72, 0x6E, 0x20, 0x76, 0x65, 0x63, 0x34, 0x66, 0x28, 0x73, 0x68, 0x61,
    0x64, 0x65, 0x20, 0x2A, 0x20, 0x6F, 0x70, 0x61, 0x63, 0x69, 0x74, 0x79, 0x20, 0x2B, 0x20, 0x73, 0x68, 0x69, 0x6E,
    0x65, 0x2C, 0x20, 0x6F, 0x70, 0x61, 0x63, 0x69, 0x74, 0x79, 0x29, 0x3B, 0x0A, 0x7D, 0x0A, 0x00, 0x00, 0x00, 0x00,
    0x00, 0x00, 0x00, 0x00, 0x00, 0x00, 0x00, 0x01, 0x02, 0x01, 0x01, 0x01, 0x00, 0x00, 0x00, 0x01, 0x04, 0x01, 0x01,
    0x02, 0x00, 0x00, 0x00, 0x01, 0x01, 0x01, 0x01, 0x03, 0x00, 0x00, 0x00, 0x01, 0x02, 0x01, 0x01, 0x00, 0x00, 0x00,
    0x00, 0x01, 0x02, 0x01, 0x01, 0x01, 0x00, 0x00, 0x00, 0x01, 0x04, 0x01, 0x01, 0x02, 0x00, 0x00, 0x00, 0x01, 0x01,
    0x01, 0x01, 0x03, 0x00, 0x00, 0x00, 0x01, 0x02, 0x01, 0x01, 0x00, 0x00, 0x00, 0x00, 0x01, 0x02, 0x01, 0x01, 0x01,
    0x00, 0x00, 0x00, 0x01, 0x04, 0x01, 0x01, 0x02, 0x00, 0x00, 0x00, 0x01, 0x01, 0x01, 0x01, 0x03, 0x00, 0x00, 0x00,
    0x01, 0x02, 0x01, 0x01, 0xFF, 0x00, 0x00, 0x00, 0x00, 0x00, 0x00, 0x00, 0x00, 0x00, 0x00, 0x00, 0x57, 0x18, 0x00,
    0x00, 0xFF, 0x00, 0x00, 0x00, 0x00, 0x00, 0x00, 0x00, 0x57, 0x18, 0x00, 0x00, 0x0F, 0x0F, 0x00, 0x00, 0xFF, 0x00,
    0x00, 0x00, 0x00, 0x00, 0x00, 0x00, 0x66, 0x27, 0x00, 0x00, 0x0D, 0x10, 0x00, 0x00, 0xFF, 0x00, 0x00, 0x00, 0x00,
    0x00, 0x00, 0x00, 0x01, 0x02, 0x03, 0x04, 0x05, 0x00, 0x01, 0x00, 0x02, 0x01, 0x00, 0x00, 0x00, 0x00, 0x00, 0x00,
    0x23, 0x70, 0x72, 0x61, 0x67, 0x6D, 0x61, 0x20, 0x63, 0x6C, 0x61, 0x6E, 0x67, 0x20, 0x64, 0x69, 0x61, 0x67, 0x6E,
    0x6F, 0x73, 0x74, 0x69, 0x63, 0x20, 0x69, 0x67, 0x6E, 0x6F, 0x72, 0x65, 0x64, 0x20, 0x22, 0x2D, 0x57, 0x6D, 0x69,
    0x73, 0x73, 0x69, 0x6E, 0x67, 0x2D, 0x70, 0x72, 0x6F, 0x74, 0x6F, 0x74, 0x79, 0x70, 0x65, 0x73, 0x22, 0x0A, 0x23,
    0x70, 0x72, 0x61, 0x67, 0x6D, 0x61, 0x20, 0x63, 0x6C, 0x61, 0x6E, 0x67, 0x20, 0x64, 0x69, 0x61, 0x67, 0x6E, 0x6F,
    0x73, 0x74, 0x69, 0x63, 0x20, 0x69, 0x67, 0x6E, 0x6F, 0x72, 0x65, 0x64, 0x20, 0x22, 0x2D, 0x57, 0x6D, 0x69, 0x73,
    0x73, 0x69, 0x6E, 0x67, 0x2D, 0x62, 0x72, 0x61, 0x63, 0x65, 0x73, 0x22, 0x0A, 0x0A, 0x23, 0x69, 0x6E, 0x63, 0x6C,
    0x75, 0x64, 0x65, 0x20, 0x3C, 0x6D, 0x65, 0x74, 0x61, 0x6C, 0x5F, 0x73, 0x74, 0x64, 0x6C, 0x69, 0x62, 0x3E, 0x0A,
    0x23, 0x69, 0x6E, 0x63, 0x6C, 0x75, 0x64, 0x65, 0x20, 0x3C, 0x73, 0x69, 0x6D, 0x64, 0x2F, 0x73, 0x69, 0x6D, 0x64,
    0x2E, 0x68, 0x3E, 0x0A, 0x0A, 0x75, 0x73, 0x69, 0x6E, 0x67, 0x20, 0x6E, 0x61, 0x6D, 0x65, 0x73, 0x70, 0x61, 0x63,
    0x65, 0x20, 0x6D, 0x65, 0x74, 0x61, 0x6C, 0x3B, 0x0A, 0x0A, 0x74, 0x65, 0x6D, 0x70, 0x6C, 0x61, 0x74, 0x65, 0x3C,
    0x74, 0x79, 0x70, 0x65, 0x6E, 0x61, 0x6D, 0x65, 0x20, 0x54, 0x2C, 0x20, 0x73, 0x69, 0x7A, 0x65, 0x5F, 0x74, 0x20,
    0x4E, 0x75, 0x6D, 0x3E, 0x0A, 0x73, 0x74, 0x72, 0x75, 0x63, 0x74, 0x20, 0x73, 0x70, 0x76, 0x55, 0x6E, 0x73, 0x61,
    0x66, 0x65, 0x41, 0x72, 0x72, 0x61, 0x79, 0x0A, 0x7B, 0x0A, 0x20, 0x20, 0x20, 0x20, 0x54, 0x20, 0x65, 0x6C, 0x65,
    0x6D, 0x65, 0x6E, 0x74, 0x73, 0x5B, 0x4E, 0x75, 0x6D, 0x20, 0x3F, 0x20, 0x4E, 0x75, 0x6D, 0x20, 0x3A, 0x20, 0x31,
    0x5D, 0x3B, 0x0A, 0x20, 0x20, 0x20, 0x20, 0x0A, 0x20, 0x20, 0x20, 0x20, 0x74, 0x68, 0x72, 0x65, 0x61, 0x64, 0x20,
    0x54, 0x26, 0x20, 0x6F, 0x70, 0x65, 0x72, 0x61, 0x74, 0x6F, 0x72, 0x20, 0x5B, 0x5D, 0x20, 0x28, 0x73, 0x69, 0x7A,
    0x65, 0x5F, 0x74, 0x20, 0x70, 0x6F, 0x73, 0x29, 0x20, 0x74, 0x68, 0x72, 0x65, 0x61, 0x64, 0x0A, 0x20, 0x20, 0x20,
    0x20, 0x7B, 0x0A, 0x20, 0x20, 0x20, 0x20, 0x20, 0x20, 0x20, 0x20, 0x72, 0x65, 0x74, 0x75, 0x72, 0x6E, 0x20, 0x65,
    0x6C, 0x65, 0x6D, 0x65, 0x6E, 0x74, 0x73, 0x5B, 0x70, 0x6F, 0x73, 0x5D, 0x3B, 0x0A, 0x20, 0x20, 0x20, 0x20, 0x7D,
    0x0A, 0x20, 0x20, 0x20, 0x20, 0x63, 0x6F, 0x6E, 0x73, 0x74, 0x65, 0x78, 0x70, 0x72, 0x20, 0x63, 0x6F, 0x6E, 0x73,
    0x74, 0x20, 0x74, 0x68, 0x72, 0x65, 0x61, 0x64, 0x20, 0x54, 0x26, 0x20, 0x6F, 0x70, 0x65, 0x72, 0x61, 0x74, 0x6F,
    0x72, 0x20, 0x5B, 0x5D, 0x20, 0x28, 0x73, 0x69, 0x7A, 0x65, 0x5F, 0x74, 0x20, 0x70, 0x6F, 0x73, 0x29, 0x20, 0x63,
    0x6F, 0x6E, 0x73, 0x74, 0x20, 0x74, 0x68, 0x72, 0x65, 0x61, 0x64, 0x0A, 0x20, 0x20, 0x20, 0x20, 0x7B, 0x0A, 0x20,
    0x20, 0x20, 0x20, 0x20, 0x20, 0x20, 0x20, 0x72, 0x65, 0x74, 0x75, 0x72, 0x6E, 0x20, 0x65, 0x6C, 0x65, 0x6D, 0x65,
    0x6E, 0x74, 0x73, 0x5B, 0x70, 0x6F, 0x73, 0x5D, 0x3B, 0x0A, 0x20, 0x20, 0x20, 0x20, 0x7D, 0x0A, 0x20, 0x20, 0x20,
    0x20, 0x0A, 0x20, 0x20, 0x20, 0x20, 0x64, 0x65, 0x76, 0x69, 0x63, 0x65, 0x20, 0x54, 0x26, 0x20, 0x6F, 0x70, 0x65,
    0x72, 0x61, 0x74, 0x6F, 0x72, 0x20, 0x5B, 0x5D, 0x20, 0x28, 0x73, 0x69, 0x7A, 0x65, 0x5F, 0x74, 0x20, 0x70, 0x6F,
    0x73, 0x29, 0x20, 0x64, 0x65, 0x76, 0x69, 0x63, 0x65, 0x0A, 0x20, 0x20, 0x20, 0x20, 0x7B, 0x0A, 0x20, 0x20, 0x20,
    0x20, 0x20, 0x20, 0x20, 0x20, 0x72, 0x65, 0x74, 0x75, 0x72, 0x6E, 0x20, 0x65, 0x6C, 0x65, 0x6D, 0x65, 0x6E, 0x74,
    0x73, 0x5B, 0x70, 0x6F, 0x73, 0x5D, 0x3B, 0x0A, 0x20, 0x20, 0x20, 0x20, 0x7D, 0x0A, 0x20, 0x20, 0x20, 0x20, 0x63,
    0x6F, 0x6E, 0x73, 0x74, 0x65, 0x78, 0x70, 0x72, 0x20, 0x63, 0x6F, 0x6E, 0x73, 0x74, 0x20, 0x64, 0x65, 0x76, 0x69,
    0x63, 0x65, 0x20, 0x54, 0x26, 0x20, 0x6F, 0x70, 0x65, 0x72, 0x61, 0x74, 0x6F, 0x72, 0x20, 0x5B, 0x5D, 0x20, 0x28,
    0x73, 0x69, 0x7A, 0x65, 0x5F, 0x74, 0x20, 0x70, 0x6F, 0x73, 0x29, 0x20, 0x63, 0x6F, 0x6E, 0x73, 0x74, 0x20, 0x64,
    0x65, 0x76, 0x69, 0x63, 0x65, 0x0A, 0x20, 0x20, 0x20, 0x20, 0x7B, 0x0A, 0x20, 0x20, 0x20, 0x20, 0x20, 0x20, 0x20,
    0x20, 0x72, 0x65, 0x74, 0x75, 0x72, 0x6E, 0x20, 0x65, 0x6C, 0x65, 0x6D, 0x65, 0x6E, 0x74, 0x73, 0x5B, 0x70, 0x6F,
    0x73, 0x5D, 0x3B, 0x0A, 0x20, 0x20, 0x20, 0x20, 0x7D, 0x0A, 0x20, 0x20, 0x20, 0x20, 0x0A, 0x20, 0x20, 0x20, 0x20,
    0x63, 0x6F, 0x6E, 0x73, 0x74, 0x65, 0x78, 0x70, 0x72, 0x20, 0x63, 0x6F, 0x6E, 0x73, 0x74, 0x20, 0x63, 0x6F, 0x6E,
    0x73, 0x74, 0x61, 0x6E, 0x74, 0x20, 0x54, 0x26, 0x20, 0x6F, 0x70, 0x65, 0x72, 0x61, 0x74, 0x6F, 0x72, 0x20, 0x5B,
    0x5D, 0x20, 0x28, 0x73, 0x69, 0x7A, 0x65, 0x5F, 0x74, 0x20, 0x70, 0x6F, 0x73, 0x29, 0x20, 0x63, 0x6F, 0x6E, 0x73,
    0x74, 0x20, 0x63, 0x6F, 0x6E, 0x73, 0x74, 0x61, 0x6E, 0x74, 0x0A, 0x20, 0x20, 0x20, 0x20, 0x7B, 0x0A, 0x20, 0x20,
    0x20, 0x20, 0x20, 0x20, 0x20, 0x20, 0x72, 0x65, 0x74, 0x75, 0x72, 0x6E, 0x20, 0x65, 0x6C, 0x65, 0x6D, 0x65, 0x6E,
    0x74, 0x73, 0x5B, 0x70, 0x6F, 0x73, 0x5D, 0x3B, 0x0A, 0x20, 0x20, 0x20, 0x20, 0x7D, 0x0A, 0x20, 0x20, 0x20, 0x20,
    0x0A, 0x20, 0x20, 0x20, 0x20, 0x74, 0x68, 0x72, 0x65, 0x61, 0x64, 0x67, 0x72, 0x6F, 0x75, 0x70, 0x20, 0x54, 0x26,
    0x20, 0x6F, 0x70, 0x65, 0x72, 0x61, 0x74, 0x6F, 0x72, 0x20, 0x5B, 0x5D, 0x20, 0x28, 0x73, 0x69, 0x7A, 0x65, 0x5F,
    0x74, 0x20, 0x70, 0x6F, 0x73, 0x29, 0x20, 0x74, 0x68, 0x72, 0x65, 0x61, 0x64, 0x67, 0x72, 0x6F, 0x75, 0x70, 0x0A,
    0x20, 0x20, 0x20, 0x20, 0x7B, 0x0A, 0x20, 0x20, 0x20, 0x20, 0x20, 0x20, 0x20, 0x20, 0x72, 0x65, 0x74, 0x75, 0x72,
    0x6E, 0x20, 0x65, 0x6C, 0x65, 0x6D, 0x65, 0x6E, 0x74, 0x73, 0x5B, 0x70, 0x6F, 0x73, 0x5D, 0x3B, 0x0A, 0x20, 0x20,
    0x20, 0x20, 0x7D, 0x0A, 0x20, 0x20, 0x20, 0x20, 0x63, 0x6F, 0x6E, 0x73, 0x74, 0x65, 0x78, 0x70, 0x72, 0x20, 0x63,
    0x6F, 0x6E, 0x73, 0x74, 0x20, 0x74, 0x68, 0x72, 0x65, 0x61, 0x64, 0x67, 0x72, 0x6F, 0x75, 0x70, 0x20, 0x54, 0x26,
    0x20, 0x6F, 0x70, 0x65, 0x72, 0x61, 0x74, 0x6F, 0x72, 0x20, 0x5B, 0x5D, 0x20, 0x28, 0x73, 0x69, 0x7A, 0x65, 0x5F,
    0x74, 0x20, 0x70, 0x6F, 0x73, 0x29, 0x20, 0x63, 0x6F, 0x6E, 0x73, 0x74, 0x20, 0x74, 0x68, 0x72, 0x65, 0x61, 0x64,
    0x67, 0x72, 0x6F, 0x75, 0x70, 0x0A, 0x20, 0x20, 0x20, 0x20, 0x7B, 0x0A, 0x20, 0x20, 0x20, 0x20, 0x20, 0x20, 0x20,
    0x20, 0x72, 0x65, 0x74, 0x75, 0x72, 0x6E, 0x20, 0x65, 0x6C, 0x65, 0x6D, 0x65, 0x6E, 0x74, 0x73, 0x5B, 0x70, 0x6F,
    0x73, 0x5D, 0x3B, 0x0A, 0x20, 0x20, 0x20, 0x20, 0x7D, 0x0A, 0x7D, 0x3B, 0x0A, 0x0A, 0x2F, 0x2F, 0x20, 0x49, 0x6D,
    0x70, 0x6C, 0x65, 0x6D, 0x65, 0x6E, 0x74, 0x61, 0x74, 0x69, 0x6F, 0x6E, 0x20, 0x6F, 0x66, 0x20, 0x74, 0x68, 0x65,
    0x20, 0x47, 0x4C, 0x53, 0x4C, 0x20, 0x6D, 0x6F, 0x64, 0x28, 0x29, 0x20, 0x66, 0x75, 0x6E, 0x63, 0x74, 0x69, 0x6F,
    0x6E, 0x2C, 0x20, 0x77, 0x68, 0x69, 0x63, 0x68, 0x20, 0x69, 0x73, 0x20, 0x73, 0x6C, 0x69, 0x67, 0x68, 0x74, 0x6C,
    0x79, 0x20, 0x64, 0x69, 0x66, 0x66, 0x65, 0x72, 0x65, 0x6E, 0x74, 0x20, 0x74, 0x68, 0x61, 0x6E, 0x20, 0x4D, 0x65,
    0x74, 0x61, 0x6C, 0x20, 0x66, 0x6D, 0x6F, 0x64, 0x28, 0x29, 0x0A, 0x74, 0x65, 0x6D, 0x70, 0x6C, 0x61, 0x74, 0x65,
    0x3C, 0x74, 0x79, 0x70, 0x65, 0x6E, 0x61, 0x6D, 0x65, 0x20, 0x54, 0x78, 0x2C, 0x20, 0x74, 0x79, 0x70, 0x65, 0x6E,
    0x61, 0x6D, 0x65, 0x20, 0x54, 0x79, 0x3E, 0x0A, 0x69, 0x6E, 0x6C, 0x69, 0x6E, 0x65, 0x20, 0x54, 0x78, 0x20, 0x6D,
    0x6F, 0x64, 0x28, 0x54, 0x78, 0x20, 0x78, 0x2C, 0x20, 0x54, 0x79, 0x20, 0x79, 0x29, 0x0A, 0x7B, 0x0A, 0x20, 0x20,
    0x20, 0x20, 0x72, 0x65, 0x74, 0x75, 0x72, 0x6E, 0x20, 0x78, 0x20, 0x2D, 0x20, 0x79, 0x20, 0x2A, 0x20, 0x66, 0x6C,
    0x6F, 0x6F, 0x72, 0x28, 0x78, 0x20, 0x2F, 0x20, 0x79, 0x29, 0x3B, 0x0A, 0x7D, 0x0A, 0x0A, 0x73, 0x74, 0x72, 0x75,
    0x63, 0x74, 0x20, 0x50, 0x61, 0x72, 0x74, 0x69, 0x63, 0x6C, 0x65, 0x0A, 0x7B, 0x0A, 0x20, 0x20, 0x20, 0x20, 0x66,
    0x6C, 0x6F, 0x61, 0x74, 0x34, 0x20, 0x73, 0x74, 0x61, 0x72, 0x74, 0x3B, 0x0A, 0x20, 0x20, 0x20, 0x20, 0x66, 0x6C,
    0x6F, 0x61, 0x74, 0x34, 0x20, 0x76, 0x65, 0x6C, 0x6F, 0x63, 0x69, 0x74, 0x79, 0x3B, 0x0A, 0x20, 0x20, 0x20, 0x20,
    0x66, 0x6C, 0x6F, 0x61, 0x74, 0x34, 0x20, 0x65, 0x78, 0x74, 0x72, 0x61, 0x3B, 0x0A, 0x7D, 0x3B, 0x0A, 0x0A, 0x73,
    0x74, 0x72, 0x75, 0x63, 0x74, 0x20, 0x45, 0x6D, 0x69, 0x74, 0x74, 0x65, 0x72, 0x0A, 0x7B, 0x0A, 0x20, 0x20, 0x20,
    0x20, 0x66, 0x6C, 0x6F, 0x61, 0x74, 0x34, 0x20, 0x61, 0x6E, 0x63, 0x68, 0x6F, 0x72, 0x3B, 0x0A, 0x20, 0x20, 0x20,
    0x20, 0x66, 0x6C, 0x6F, 0x61, 0x74, 0x34, 0x20, 0x6F, 0x72, 0x69, 0x67, 0x69, 0x6E, 0x3B, 0x0A, 0x20, 0x20, 0x20,
    0x20, 0x66, 0x6C, 0x6F, 0x61, 0x74, 0x34, 0x20, 0x64, 0x69, 0x72, 0x65, 0x63, 0x74, 0x69, 0x6F, 0x6E, 0x3B, 0x0A,
    0x20, 0x20, 0x20, 0x20, 0x66, 0x6C, 0x6F, 0x61, 0x74, 0x34, 0x20, 0x6D, 0x6F, 0x74, 0x69, 0x6F, 0x6E, 0x3B, 0x0A,
    0x20, 0x20, 0x20, 0x20, 0x66, 0x6C, 0x6F, 0x61, 0x74, 0x34, 0x20, 0x61, 0x63, 0x63, 0x65, 0x6C, 0x65, 0x72, 0x61,
    0x74, 0x69, 0x6F, 0x6E, 0x3B, 0x0A, 0x20, 0x20, 0x20, 0x20, 0x66, 0x6C, 0x6F, 0x61, 0x74, 0x34, 0x20, 0x73, 0x69,
    0x7A, 0x65, 0x73, 0x3B, 0x0A, 0x20, 0x20, 0x20, 0x20, 0x66, 0x6C, 0x6F, 0x61, 0x74, 0x34, 0x20, 0x63, 0x6F, 0x6C,
    0x6F, 0x72, 0x53, 0x74, 0x61, 0x72, 0x74, 0x3B, 0x0A, 0x20, 0x20, 0x20, 0x20, 0x66, 0x6C, 0x6F, 0x61, 0x74, 0x34,
    0x20, 0x63, 0x6F, 0x6C, 0x6F, 0x72, 0x45, 0x6E, 0x64, 0x3B, 0x0A, 0x20, 0x20, 0x20, 0x20, 0x75, 0x69, 0x6E, 0x74,
    0x34, 0x20, 0x72, 0x69, 0x6E, 0x67, 0x3B, 0x0A, 0x20, 0x20, 0x20, 0x20, 0x75, 0x69, 0x6E, 0x74, 0x34, 0x20, 0x6D,
    0x6F, 0x72, 0x65, 0x3B, 0x0A, 0x20, 0x20, 0x20, 0x20, 0x66, 0x6C, 0x6F, 0x61, 0x74, 0x34, 0x20, 0x69, 0x6E, 0x68,
    0x65, 0x72, 0x69, 0x74, 0x65, 0x64, 0x3B, 0x0A, 0x7D, 0x3B, 0x0A, 0x0A, 0x73, 0x74, 0x72, 0x75, 0x63, 0x74, 0x20,
    0x50, 0x61, 0x72, 0x74, 0x69, 0x63, 0x6C, 0x65, 0x5F, 0x31, 0x0A, 0x7B, 0x0A, 0x20, 0x20, 0x20, 0x20, 0x66, 0x6C,
    0x6F, 0x61, 0x74, 0x34, 0x20, 0x73, 0x74, 0x61, 0x72, 0x74, 0x3B, 0x0A, 0x20, 0x20, 0x20, 0x20, 0x66, 0x6C, 0x6F,
    0x61, 0x74, 0x34, 0x20, 0x76, 0x65, 0x6C, 0x6F, 0x63, 0x69, 0x74, 0x79, 0x3B, 0x0A, 0x20, 0x20, 0x20, 0x20, 0x66,
    0x6C, 0x6F, 0x61, 0x74, 0x34, 0x20, 0x65, 0x78, 0x74, 0x72, 0x61, 0x3B, 0x0A, 0x7D, 0x3B, 0x0A, 0x0A, 0x73, 0x74,
    0x72, 0x75, 0x63, 0x74, 0x20, 0x50, 0x6F, 0x6F, 0x6C, 0x0A, 0x7B, 0x0A, 0x20, 0x20, 0x20, 0x20, 0x50, 0x61, 0x72,
    0x74, 0x69, 0x63, 0x6C, 0x65, 0x5F, 0x31, 0x20, 0x70, 0x61, 0x72, 0x74, 0x69, 0x63, 0x6C, 0x65, 0x73, 0x5B, 0x31,
    0x5D, 0x3B, 0x0A, 0x7D, 0x3B, 0x0A, 0x0A, 0x73, 0x74, 0x72, 0x75, 0x63, 0x74, 0x20, 0x56, 0x69, 0x65, 0x77, 0x0A,
    0x7B, 0x0A, 0x20, 0x20, 0x20, 0x20, 0x66, 0x6C, 0x6F, 0x61, 0x74, 0x34, 0x78, 0x34, 0x20, 0x76, 0x69, 0x65, 0x77,
    0x50, 0x72, 0x6F, 0x6A, 0x65, 0x63, 0x74, 0x69, 0x6F, 0x6E, 0x3B, 0x0A, 0x20, 0x20, 0x20, 0x20, 0x66, 0x6C, 0x6F,
    0x61, 0x74, 0x34, 0x20, 0x72, 0x69, 0x67, 0x68, 0x74, 0x3B, 0x0A, 0x20, 0x20, 0x20, 0x20, 0x66, 0x6C, 0x6F, 0x61,
    0x74, 0x34, 0x20, 0x75, 0x70, 0x3B, 0x0A, 0x20, 0x20, 0x20, 0x20, 0x66, 0x6C, 0x6F, 0x61, 0x74, 0x34, 0x20, 0x6C,
    0x65, 0x6E, 0x73, 0x3B, 0x0A, 0x7D, 0x3B, 0x0A, 0x0A, 0x73, 0x74, 0x72, 0x75, 0x63, 0x74, 0x20, 0x52, 0x69, 0x62,
    0x62, 0x6F, 0x6E, 0x0A, 0x7B, 0x0A, 0x20, 0x20, 0x20, 0x20, 0x75, 0x69, 0x6E, 0x74, 0x34, 0x20, 0x72, 0x61, 0x6E,
    0x67, 0x65, 0x3B, 0x0A, 0x7D, 0x3B, 0x0A, 0x0A, 0x73, 0x74, 0x72, 0x75, 0x63, 0x74, 0x20, 0x4D, 0x61, 0x74, 0x65,
    0x72, 0x69, 0x61, 0x6C, 0x0A, 0x7B, 0x0A, 0x20, 0x20, 0x20, 0x20, 0x66, 0x6C, 0x6F, 0x61, 0x74, 0x34, 0x20, 0x63,
    0x6F, 0x6C, 0x6F, 0x72, 0x3B, 0x0A, 0x20, 0x20, 0x20, 0x20, 0x66, 0x6C, 0x6F, 0x61, 0x74, 0x34, 0x20, 0x63, 0x6F,
    0x6C, 0x6F, 0x72, 0x54, 0x65, 0x78, 0x74, 0x75, 0x72, 0x65, 0x3B, 0x0A, 0x20, 0x20, 0x20, 0x20, 0x66, 0x6C, 0x6F,
    0x61, 0x74, 0x34, 0x20, 0x65, 0x6D, 0x69, 0x73, 0x73, 0x69, 0x6F, 0x6E, 0x3B, 0x0A, 0x20, 0x20, 0x20, 0x20, 0x66,
    0x6C, 0x6F, 0x61, 0x74, 0x34, 0x20, 0x65, 0x6D, 0x69, 0x73, 0x73, 0x69, 0x6F, 0x6E, 0x54, 0x65, 0x78, 0x74, 0x75,
    0x72, 0x65, 0x3B, 0x0A, 0x20, 0x20, 0x20, 0x20, 0x66, 0x6C, 0x6F, 0x61, 0x74, 0x34, 0x20, 0x62, 0x61, 0x73, 0x65,
    0x4D, 0x61, 0x70, 0x3B, 0x0A, 0x20, 0x20, 0x20, 0x20, 0x66, 0x6C, 0x6F, 0x61, 0x74, 0x34, 0x20, 0x65, 0x6D, 0x69,
    0x73, 0x73, 0x69, 0x6F, 0x6E, 0x4D, 0x61, 0x70, 0x3B, 0x0A, 0x20, 0x20, 0x20, 0x20, 0x75, 0x69, 0x6E, 0x74, 0x34,
    0x20, 0x66, 0x6C, 0x61, 0x67, 0x73, 0x3B, 0x0A, 0x7D, 0x3B, 0x0A, 0x0A, 0x73, 0x74, 0x72, 0x75, 0x63, 0x74, 0x20,
    0x45, 0x78, 0x70, 0x6F, 0x73, 0x75, 0x72, 0x65, 0x0A, 0x7B, 0x0A, 0x20, 0x20, 0x20, 0x20, 0x66, 0x6C, 0x6F, 0x61,
    0x74, 0x34, 0x20, 0x76, 0x61, 0x6C, 0x75, 0x65, 0x3B, 0x0A, 0x7D, 0x3B, 0x0A, 0x0A, 0x63, 0x6F, 0x6E, 0x73, 0x74,
    0x61, 0x6E, 0x74, 0x20, 0x73, 0x70, 0x76, 0x55, 0x6E, 0x73, 0x61, 0x66, 0x65, 0x41, 0x72, 0x72, 0x61, 0x79, 0x3C,
    0x75, 0x69, 0x6E, 0x74, 0x2C, 0x20, 0x36, 0x3E, 0x20, 0x5F, 0x31, 0x34, 0x38, 0x20, 0x3D, 0x20, 0x73, 0x70, 0x76,
    0x55, 0x6E, 0x73, 0x61, 0x66, 0x65, 0x41, 0x72, 0x72, 0x61, 0x79, 0x3C, 0x75, 0x69, 0x6E, 0x74, 0x2C, 0x20, 0x36,
    0x3E, 0x28, 0x7B, 0x20, 0x30, 0x75, 0x2C, 0x20, 0x31, 0x75, 0x2C, 0x20, 0x32, 0x75, 0x2C, 0x20, 0x32, 0x75, 0x2C,
    0x20, 0x31, 0x75, 0x2C, 0x20, 0x33, 0x75, 0x20, 0x7D, 0x29, 0x3B, 0x0A, 0x63, 0x6F, 0x6E, 0x73, 0x74, 0x61, 0x6E,
    0x74, 0x20, 0x73, 0x70, 0x76, 0x55, 0x6E, 0x73, 0x61, 0x66, 0x65, 0x41, 0x72, 0x72, 0x61, 0x79, 0x3C, 0x75, 0x69,
    0x6E, 0x74, 0x2C, 0x20, 0x36, 0x3E, 0x20, 0x5F, 0x31, 0x37, 0x30, 0x20, 0x3D, 0x20, 0x73, 0x70, 0x76, 0x55, 0x6E,
    0x73, 0x61, 0x66, 0x65, 0x41, 0x72, 0x72, 0x61, 0x79, 0x3C, 0x75, 0x69, 0x6E, 0x74, 0x2C, 0x20, 0x36, 0x3E, 0x28,
    0x7B, 0x20, 0x30, 0x75, 0x2C, 0x20, 0x31, 0x75, 0x2C, 0x20, 0x32, 0x75, 0x2C, 0x20, 0x32, 0x75, 0x2C, 0x20, 0x31,
    0x75, 0x2C, 0x20, 0x33, 0x75, 0x20, 0x7D, 0x29, 0x3B, 0x0A, 0x0A, 0x73, 0x74, 0x72, 0x75, 0x63, 0x74, 0x20, 0x76,
    0x73, 0x5F, 0x6F, 0x75, 0x74, 0x0A, 0x7B, 0x0A, 0x20, 0x20, 0x20, 0x20, 0x66, 0x6C, 0x6F, 0x61, 0x74, 0x32, 0x20,
    0x6F, 0x75, 0x74, 0x55, 0x76, 0x20, 0x5B, 0x5B, 0x75, 0x73, 0x65, 0x72, 0x28, 0x6C, 0x6F, 0x63, 0x6E, 0x30, 0x29,
    0x5D, 0x5D, 0x3B, 0x0A, 0x20, 0x20, 0x20, 0x20, 0x66, 0x6C, 0x6F, 0x61, 0x74, 0x34, 0x20, 0x6F, 0x75, 0x74, 0x43,
    0x6F, 0x6C, 0x6F, 0x72, 0x20, 0x5B, 0x5B, 0x75, 0x73, 0x65, 0x72, 0x28, 0x6C, 0x6F, 0x63, 0x6E, 0x31, 0x29, 0x5D,
    0x5D, 0x3B, 0x0A, 0x20, 0x20, 0x20, 0x20, 0x66, 0x6C, 0x6F, 0x61, 0x74, 0x20, 0x6F, 0x75, 0x74, 0x53, 0x6F, 0x66,
    0x74, 0x20, 0x5B, 0x5B, 0x75, 0x73, 0x65, 0x72, 0x28, 0x6C, 0x6F, 0x63, 0x6E, 0x32, 0x29, 0x5D, 0x5D, 0x3B, 0x0A,
    0x20, 0x20, 0x20, 0x20, 0x66, 0x6C, 0x6F, 0x61, 0x74, 0x32, 0x20, 0x6F, 0x75, 0x74, 0x53, 0x68, 0x61, 0x70, 0x65,
    0x20, 0x5B, 0x5B, 0x75, 0x73, 0x65, 0x72, 0x28, 0x6C, 0x6F, 0x63, 0x6E, 0x33, 0x29, 0x5D, 0x5D, 0x3B, 0x0A, 0x20,
    0x20, 0x20, 0x20, 0x66, 0x6C, 0x6F, 0x61, 0x74, 0x34, 0x20, 0x67, 0x6C, 0x5F, 0x50, 0x6F, 0x73, 0x69, 0x74, 0x69,
    0x6F, 0x6E, 0x20, 0x5B, 0x5B, 0x70, 0x6F, 0x73, 0x69, 0x74, 0x69, 0x6F, 0x6E, 0x5D, 0x5D, 0x3B, 0x0A, 0x7D, 0x3B,
    0x0A, 0x0A, 0x73, 0x74, 0x61, 0x74, 0x69, 0x63, 0x20, 0x69, 0x6E, 0x6C, 0x69, 0x6E, 0x65, 0x20, 0x5F, 0x5F, 0x61,
    0x74, 0x74, 0x72, 0x69, 0x62, 0x75, 0x74, 0x65, 0x5F, 0x5F, 0x28, 0x28, 0x61, 0x6C, 0x77, 0x61, 0x79, 0x73, 0x5F,
    0x69, 0x6E, 0x6C, 0x69, 0x6E, 0x65, 0x29, 0x29, 0x0A, 0x66, 0x6C, 0x6F, 0x61, 0x74, 0x33, 0x20, 0x6D, 0x6F, 0x76,
    0x65, 0x64, 0x41, 0x74, 0x28, 0x50, 0x61, 0x72, 0x74, 0x69, 0x63, 0x6C, 0x65, 0x20, 0x70, 0x61, 0x72, 0x74, 0x69,
    0x63, 0x6C, 0x65, 0x2C, 0x20, 0x66, 0x6C, 0x6F, 0x61, 0x74, 0x20, 0x61, 0x67, 0x65, 0x2C, 0x20, 0x63, 0x6F, 0x6E,
    0x73, 0x74, 0x61, 0x6E, 0x74, 0x20, 0x45, 0x6D, 0x69, 0x74, 0x74, 0x65, 0x72, 0x26, 0x20, 0x65, 0x6D, 0x69, 0x74,
    0x74, 0x65, 0x72, 0x29, 0x0A, 0x7B, 0x0A, 0x20, 0x20, 0x20, 0x20, 0x66, 0x6C, 0x6F, 0x61, 0x74, 0x20, 0x6B, 0x44,
    0x72, 0x61, 0x67, 0x20, 0x3D, 0x20, 0x65, 0x6D, 0x69, 0x74, 0x74, 0x65, 0x72, 0x2E, 0x6D, 0x6F, 0x74, 0x69, 0x6F,
    0x6E, 0x2E, 0x7A, 0x3B, 0x0A, 0x20, 0x20, 0x20, 0x20, 0x66, 0x6C, 0x6F, 0x61, 0x74, 0x33, 0x20, 0x6B, 0x41, 0x63,
    0x63, 0x65, 0x6C, 0x65, 0x72, 0x61, 0x74, 0x69, 0x6F, 0x6E, 0x20, 0x3D, 0x20, 0x65, 0x6D, 0x69, 0x74, 0x74, 0x65,
    0x72, 0x2E, 0x61, 0x63, 0x63, 0x65, 0x6C, 0x65, 0x72, 0x61, 0x74, 0x69, 0x6F, 0x6E, 0x2E, 0x78, 0x79, 0x7A, 0x3B,
    0x0A, 0x20, 0x20, 0x20, 0x20, 0x69, 0x66, 0x20, 0x28, 0x6B, 0x44, 0x72, 0x61, 0x67, 0x20, 0x3E, 0x20, 0x39, 0x2E,
    0x39, 0x39, 0x39, 0x39, 0x39, 0x39, 0x37, 0x34, 0x37, 0x33, 0x37, 0x38, 0x37, 0x35, 0x31, 0x36, 0x33, 0x35, 0x35,
    0x35, 0x31, 0x34, 0x35, 0x32, 0x36, 0x33, 0x36, 0x37, 0x31, 0x38, 0x38, 0x65, 0x2D, 0x30, 0x35, 0x29, 0x0A, 0x20,
    0x20, 0x20, 0x20, 0x7B, 0x0A, 0x20, 0x20, 0x20, 0x20, 0x20, 0x20, 0x20, 0x20, 0x66, 0x6C, 0x6F, 0x61, 0x74, 0x20,
    0x6B, 0x53, 0x6C, 0x6F, 0x77, 0x65, 0x64, 0x20, 0x3D, 0x20, 0x28, 0x31, 0x2E, 0x30, 0x20, 0x2D, 0x20, 0x65, 0x78,
    0x70, 0x28, 0x28, 0x2D, 0x6B, 0x44, 0x72, 0x61, 0x67, 0x29, 0x20, 0x2A, 0x20, 0x61, 0x67, 0x65, 0x29, 0x29, 0x20,
    0x2F, 0x20, 0x6B, 0x44, 0x72, 0x61, 0x67, 0x3B, 0x0A, 0x20, 0x20, 0x20, 0x20, 0x20, 0x20, 0x20, 0x20, 0x72, 0x65,
    0x74, 0x75, 0x72, 0x6E, 0x20, 0x28, 0x70, 0x61, 0x72, 0x74, 0x69, 0x63, 0x6C, 0x65, 0x2E, 0x76, 0x65, 0x6C, 0x6F,
    0x63, 0x69, 0x74, 0x79, 0x2E, 0x78, 0x79, 0x7A, 0x20, 0x2A, 0x20, 0x6B, 0x53, 0x6C, 0x6F, 0x77, 0x65, 0x64, 0x29,
    0x20, 0x2B, 0x20, 0x28, 0x28, 0x6B, 0x41, 0x63, 0x63, 0x65, 0x6C, 0x65, 0x72, 0x61, 0x74, 0x69, 0x6F, 0x6E, 0x20,
    0x2A, 0x20, 0x28, 0x61, 0x67, 0x65, 0x20, 0x2D, 0x20, 0x6B, 0x53, 0x6C, 0x6F, 0x77, 0x65, 0x64, 0x29, 0x29, 0x20,
    0x2F, 0x20, 0x66, 0x6C, 0x6F, 0x61, 0x74, 0x33, 0x28, 0x6B, 0x44, 0x72, 0x61, 0x67, 0x29, 0x29, 0x3B, 0x0A, 0x20,
    0x20, 0x20, 0x20, 0x7D, 0x0A, 0x20, 0x20, 0x20, 0x20, 0x72, 0x65, 0x74, 0x75, 0x72, 0x6E, 0x20, 0x28, 0x70, 0x61,
    0x72, 0x74, 0x69, 0x63, 0x6C, 0x65, 0x2E, 0x76, 0x65, 0x6C, 0x6F, 0x63, 0x69, 0x74, 0x79, 0x2E, 0x78, 0x79, 0x7A,
    0x20, 0x2A, 0x20, 0x61, 0x67, 0x65, 0x29, 0x20, 0x2B, 0x20, 0x28, 0x28, 0x28, 0x6B, 0x41, 0x63, 0x63, 0x65, 0x6C,
    0x65, 0x72, 0x61, 0x74, 0x69, 0x6F, 0x6E, 0x20, 0x2A, 0x20, 0x30, 0x2E, 0x35, 0x29, 0x20, 0x2A, 0x20, 0x61, 0x67,
    0x65, 0x29, 0x20, 0x2A, 0x20, 0x61, 0x67, 0x65, 0x29, 0x3B, 0x0A, 0x7D, 0x0A, 0x0A, 0x76, 0x65, 0x72, 0x74, 0x65,
    0x78, 0x20, 0x76, 0x73, 0x5F, 0x6F, 0x75, 0x74, 0x20, 0x76, 0x73, 0x28, 0x63, 0x6F, 0x6E, 0x73, 0x74, 0x61, 0x6E,
    0x74, 0x20, 0x56, 0x69, 0x65, 0x77, 0x26, 0x20, 0x76, 0x69, 0x65, 0x77, 0x20, 0x5B, 0x5B, 0x62, 0x75, 0x66, 0x66,
    0x65, 0x72, 0x28, 0x31, 0x29, 0x5D, 0x5D, 0x2C, 0x20, 0x63, 0x6F, 0x6E, 0x73, 0x74, 0x61, 0x6E, 0x74, 0x20, 0x45,
    0x6D, 0x69, 0x74, 0x74, 0x65, 0x72, 0x26, 0x20, 0x65, 0x6D, 0x69, 0x74, 0x74, 0x65, 0x72, 0x20, 0x5B, 0x5B, 0x62,
    0x75, 0x66, 0x66, 0x65, 0x72, 0x28, 0x32, 0x29, 0x5D, 0x5D, 0x2C, 0x20, 0x63, 0x6F, 0x6E, 0x73, 0x74, 0x20, 0x64,
    0x65, 0x76, 0x69, 0x63, 0x65, 0x20, 0x50, 0x6F, 0x6F, 0x6C, 0x26, 0x20, 0x70, 0x6F, 0x6F, 0x6C, 0x20, 0x5B, 0x5B,
    0x62, 0x75, 0x66, 0x66, 0x65, 0x72, 0x28, 0x33, 0x29, 0x5D, 0x5D, 0x2C, 0x20, 0x75, 0x69, 0x6E, 0x74, 0x20, 0x67,
    0x6C, 0x5F, 0x49, 0x6E, 0x73, 0x74, 0x61, 0x6E, 0x63, 0x65, 0x49, 0x6E, 0x64, 0x65, 0x78, 0x20, 0x5B, 0x5B, 0x69,
    0x6E, 0x73, 0x74, 0x61, 0x6E, 0x63, 0x65, 0x5F, 0x69, 0x64, 0x5D, 0x5D, 0x2C, 0x20, 0x75, 0x69, 0x6E, 0x74, 0x20,
    0x67, 0x6C, 0x5F, 0x56, 0x65, 0x72, 0x74, 0x65, 0x78, 0x49, 0x6E, 0x64, 0x65, 0x78, 0x20, 0x5B, 0x5B, 0x76, 0x65,
    0x72, 0x74, 0x65, 0x78, 0x5F, 0x69, 0x64, 0x5D, 0x5D, 0x29, 0x0A, 0x7B, 0x0A, 0x20, 0x20, 0x20, 0x20, 0x76, 0x73,
    0x5F, 0x6F, 0x75, 0x74, 0x20, 0x6F, 0x75, 0x74, 0x20, 0x3D, 0x20, 0x7B, 0x7D, 0x3B, 0x0A, 0x20, 0x20, 0x20, 0x20,
    0x50, 0x61, 0x72, 0x74, 0x69, 0x63, 0x6C, 0x65, 0x20, 0x5F, 0x32, 0x31, 0x37, 0x3B, 0x0A, 0x20, 0x20, 0x20, 0x20,
    0x5F, 0x32, 0x31, 0x37, 0x2E, 0x73, 0x74, 0x61, 0x72, 0x74, 0x20, 0x3D, 0x20, 0x70, 0x6F, 0x6F, 0x6C, 0x2E, 0x70,
    0x61, 0x72, 0x74, 0x69, 0x63, 0x6C, 0x65, 0x73, 0x5B, 0x69, 0x6E, 0x74, 0x28, 0x67, 0x6C, 0x5F, 0x49, 0x6E, 0x73,
    0x74, 0x61, 0x6E, 0x63, 0x65, 0x49, 0x6E, 0x64, 0x65, 0x78, 0x29, 0x5D, 0x2E, 0x73, 0x74, 0x61, 0x72, 0x74, 0x3B,
    0x0A, 0x20, 0x20, 0x20, 0x20, 0x5F, 0x32, 0x31, 0x37, 0x2E, 0x76, 0x65, 0x6C, 0x6F, 0x63, 0x69, 0x74, 0x79, 0x20,
    0x3D, 0x20, 0x70, 0x6F, 0x6F, 0x6C, 0x2E, 0x70, 0x61, 0x72, 0x74, 0x69, 0x63, 0x6C, 0x65, 0x73, 0x5B, 0x69, 0x6E,
    0x74, 0x28, 0x67, 0x6C, 0x5F, 0x49, 0x6E, 0x73, 0x74, 0x61, 0x6E, 0x63, 0x65, 0x49, 0x6E, 0x64, 0x65, 0x78, 0x29,
    0x5D, 0x2E, 0x76, 0x65, 0x6C, 0x6F, 0x63, 0x69, 0x74, 0x79, 0x3B, 0x0A, 0x20, 0x20, 0x20, 0x20, 0x5F, 0x32, 0x31,
    0x37, 0x2E, 0x65, 0x78, 0x74, 0x72, 0x61, 0x20, 0x3D, 0x20, 0x70, 0x6F, 0x6F, 0x6C, 0x2E, 0x70, 0x61, 0x72, 0x74,
    0x69, 0x63, 0x6C, 0x65, 0x73, 0x5B, 0x69, 0x6E, 0x74, 0x28, 0x67, 0x6C, 0x5F, 0x49, 0x6E, 0x73, 0x74, 0x61, 0x6E,
    0x63, 0x65, 0x49, 0x6E, 0x64, 0x65, 0x78, 0x29, 0x5D, 0x2E, 0x65, 0x78, 0x74, 0x72, 0x61, 0x3B, 0x0A, 0x20, 0x20,
    0x20, 0x20, 0x50, 0x61, 0x72, 0x74, 0x69, 0x63, 0x6C, 0x65, 0x20, 0x6B, 0x50, 0x61, 0x72, 0x74, 0x69, 0x63, 0x6C,
    0x65, 0x20, 0x3D, 0x20, 0x5F, 0x32, 0x31, 0x37, 0x3B, 0x0A, 0x20, 0x20, 0x20, 0x20, 0x66, 0x6C, 0x6F, 0x61, 0x74,
    0x20, 0x6B, 0x41, 0x67, 0x65, 0x20, 0x3D, 0x20, 0x6D, 0x6F, 0x64, 0x28, 0x28, 0x76, 0x69, 0x65, 0x77, 0x2E, 0x72,
    0x69, 0x67, 0x68, 0x74, 0x2E, 0x77, 0x20, 0x2D, 0x20, 0x6B, 0x50, 0x61, 0x72, 0x74, 0x69, 0x63, 0x6C, 0x65, 0x2E,
    0x73, 0x74, 0x61, 0x72, 0x74, 0x2E, 0x77, 0x29, 0x20, 0x2B, 0x20, 0x34, 0x30, 0x39, 0x36, 0x2E, 0x30, 0x2C, 0x20,
    0x34, 0x30, 0x39, 0x36, 0x2E, 0x30, 0x29, 0x3B, 0x0A, 0x20, 0x20, 0x20, 0x20, 0x66, 0x6C, 0x6F, 0x61, 0x74, 0x20,
    0x6B, 0x4C, 0x69, 0x66, 0x65, 0x20, 0x3D, 0x20, 0x6B, 0x50, 0x61, 0x72, 0x74, 0x69, 0x63, 0x6C, 0x65, 0x2E, 0x76,
    0x65, 0x6C, 0x6F, 0x63, 0x69, 0x74, 0x79, 0x2E, 0x77, 0x3B, 0x0A, 0x20, 0x20, 0x20, 0x20, 0x69, 0x66, 0x20, 0x28,
    0x28, 0x6B, 0x4C, 0x69, 0x66, 0x65, 0x20, 0x3C, 0x3D, 0x20, 0x30, 0x2E, 0x30, 0x29, 0x20, 0x7C, 0x7C, 0x20, 0x28,
    0x6B, 0x41, 0x67, 0x65, 0x20, 0x3E, 0x3D, 0x20, 0x6B, 0x4C, 0x69, 0x66, 0x65, 0x29, 0x29, 0x0A, 0x20, 0x20, 0x20,
    0x20, 0x7B, 0x0A, 0x20, 0x20, 0x20, 0x20, 0x20, 0x20, 0x20, 0x20, 0x6F, 0x75, 0x74, 0x2E, 0x6F, 0x75, 0x74, 0x55,
    0x76, 0x20, 0x3D, 0x20, 0x66, 0x6C, 0x6F, 0x61, 0x74, 0x32, 0x28, 0x30, 0x2E, 0x30, 0x29, 0x3B, 0x0A, 0x20, 0x20,
    0x20, 0x20, 0x20, 0x20, 0x20, 0x20, 0x6F, 0x75, 0x74, 0x2E, 0x6F, 0x75, 0x74, 0x43, 0x6F, 0x6C, 0x6F, 0x72, 0x20,
    0x3D, 0x20, 0x66, 0x6C, 0x6F, 0x61, 0x74, 0x34, 0x28, 0x30, 0x2E, 0x30, 0x29, 0x3B, 0x0A, 0x20, 0x20, 0x20, 0x20,
    0x20, 0x20, 0x20, 0x20, 0x6F, 0x75, 0x74, 0x2E, 0x6F, 0x75, 0x74, 0x53, 0x6F, 0x66, 0x74, 0x20, 0x3D, 0x20, 0x31,
    0x2E, 0x30, 0x3B, 0x0A, 0x20, 0x20, 0x20, 0x20, 0x20, 0x20, 0x20, 0x20, 0x6F, 0x75, 0x74, 0x2E, 0x6F, 0x75, 0x74,
    0x53, 0x68, 0x61, 0x70, 0x65, 0x20, 0x3D, 0x20, 0x66, 0x6C, 0x6F, 0x61, 0x74, 0x32, 0x28, 0x30, 0x2E, 0x30, 0x29,
    0x3B, 0x0A, 0x20, 0x20, 0x20, 0x20, 0x20, 0x20, 0x20, 0x20, 0x6F, 0x75, 0x74, 0x2E, 0x67, 0x6C, 0x5F, 0x50, 0x6F,
    0x73, 0x69, 0x74, 0x69, 0x6F, 0x6E, 0x20, 0x3D, 0x20, 0x66, 0x6C, 0x6F, 0x61, 0x74, 0x34, 0x28, 0x32, 0x2E, 0x30,
    0x2C, 0x20, 0x32, 0x2E, 0x30, 0x2C, 0x20, 0x32, 0x2E, 0x30, 0x2C, 0x20, 0x31, 0x2E, 0x30, 0x29, 0x3B, 0x0A, 0x20,
    0x20, 0x20, 0x20, 0x20, 0x20, 0x20, 0x20, 0x72, 0x65, 0x74, 0x75, 0x72, 0x6E, 0x20, 0x6F, 0x75, 0x74, 0x3B, 0x0A,
    0x20, 0x20, 0x20, 0x20, 0x7D, 0x0A, 0x20, 0x20, 0x20, 0x20, 0x66, 0x6C, 0x6F, 0x61, 0x74, 0x20, 0x6B, 0x54, 0x68,
    0x72, 0x6F, 0x75, 0x67, 0x68, 0x20, 0x3D, 0x20, 0x6B, 0x41, 0x67, 0x65, 0x20, 0x2F, 0x20, 0x6B, 0x4C, 0x69, 0x66,
    0x65, 0x3B, 0x0A, 0x20, 0x20, 0x20, 0x20, 0x66, 0x6C, 0x6F, 0x61, 0x74, 0x20, 0x6B, 0x53, 0x69, 0x7A, 0x65, 0x20,
    0x3D, 0x20, 0x6D, 0x69, 0x78, 0x28, 0x65, 0x6D, 0x69, 0x74, 0x74, 0x65, 0x72, 0x2E, 0x73, 0x69, 0x7A, 0x65, 0x73,
    0x2E, 0x78, 0x2C, 0x20, 0x65, 0x6D, 0x69, 0x74, 0x74, 0x65, 0x72, 0x2E, 0x73, 0x69, 0x7A, 0x65, 0x73, 0x2E, 0x79,
    0x2C, 0x20, 0x6B, 0x54, 0x68, 0x72, 0x6F, 0x75, 0x67, 0x68, 0x29, 0x20, 0x2A, 0x20, 0x6B, 0x50, 0x61, 0x72, 0x74,
    0x69, 0x63, 0x6C, 0x65, 0x2E, 0x65, 0x78, 0x74, 0x72, 0x61, 0x2E, 0x78, 0x3B, 0x0A, 0x20, 0x20, 0x20, 0x20, 0x66,
    0x6C, 0x6F, 0x61, 0x74, 0x33, 0x20, 0x6B, 0x53, 0x74, 0x61, 0x72, 0x74, 0x20, 0x3D, 0x20, 0x65, 0x6D, 0x69, 0x74,
    0x74, 0x65, 0x72, 0x2E, 0x61, 0x6E, 0x63, 0x68, 0x6F, 0x72, 0x2E, 0x78, 0x79, 0x7A, 0x20, 0x2B, 0x20, 0x6B, 0x50,
    0x61, 0x72, 0x74, 0x69, 0x63, 0x6C, 0x65, 0x2E, 0x73, 0x74, 0x61, 0x72, 0x74, 0x2E, 0x78, 0x79, 0x7A, 0x3B, 0x0A,
    0x20, 0x20, 0x20, 0x20, 0x75, 0x69, 0x6E, 0x74, 0x20, 0x6B, 0x43, 0x6F, 0x72, 0x6E, 0x65, 0x72, 0x20, 0x3D, 0x20,
    0x5F, 0x31, 0x34, 0x38, 0x5B, 0x69, 0x6E, 0x74, 0x28, 0x67, 0x6C, 0x5F, 0x56, 0x65, 0x72, 0x74, 0x65, 0x78, 0x49,
    0x6E, 0x64, 0x65, 0x78, 0x29, 0x20, 0x25, 0x20, 0x36, 0x5D, 0x3B, 0x0A, 0x20, 0x20, 0x20, 0x20, 0x6F, 0x75, 0x74,
    0x2E, 0x6F, 0x75, 0x74, 0x43, 0x6F, 0x6C, 0x6F, 0x72, 0x20, 0x3D, 0x20, 0x6D, 0x69, 0x78, 0x28, 0x65, 0x6D, 0x69,
    0x74, 0x74, 0x65, 0x72, 0x2E, 0x63, 0x6F, 0x6C, 0x6F, 0x72, 0x53, 0x74, 0x61, 0x72, 0x74, 0x2C, 0x20, 0x65, 0x6D,
    0x69, 0x74, 0x74, 0x65, 0x72, 0x2E, 0x63, 0x6F, 0x6C, 0x6F, 0x72, 0x45, 0x6E, 0x64, 0x2C, 0x20, 0x66, 0x6C, 0x6F,
    0x61, 0x74, 0x34, 0x28, 0x6B, 0x54, 0x68, 0x72, 0x6F, 0x75, 0x67, 0x68, 0x29, 0x29, 0x3B, 0x0A, 0x20, 0x20, 0x20,
    0x20, 0x6F, 0x75, 0x74, 0x2E, 0x6F, 0x75, 0x74, 0x53, 0x6F, 0x66, 0x74, 0x20, 0x3D, 0x20, 0x66, 0x61, 0x73, 0x74,
    0x3A, 0x3A, 0x6D, 0x61, 0x78, 0x28, 0x30, 0x2E, 0x35, 0x20, 0x2A, 0x20, 0x6B, 0x53, 0x69, 0x7A, 0x65, 0x2C, 0x20,
    0x39, 0x2E, 0x39, 0x39, 0x39, 0x39, 0x39, 0x39, 0x37, 0x34, 0x37, 0x33, 0x37, 0x38, 0x37, 0x35, 0x31, 0x36, 0x33,
    0x35, 0x35, 0x35, 0x31, 0x34, 0x35, 0x32, 0x36, 0x33, 0x36, 0x37, 0x31, 0x38, 0x38, 0x65, 0x2D, 0x30, 0x35, 0x29,
    0x3B, 0x0A, 0x20, 0x20, 0x20, 0x20, 0x66, 0x6C, 0x6F, 0x61, 0x74, 0x20, 0x6B, 0x53, 0x74, 0x72, 0x65, 0x61, 0x6B,
    0x20, 0x3D, 0x20, 0x65, 0x6D, 0x69, 0x74, 0x74, 0x65, 0x72, 0x2E, 0x69, 0x6E, 0x68, 0x65, 0x72, 0x69, 0x74, 0x65,
    0x64, 0x2E, 0x77, 0x3B, 0x0A, 0x20, 0x20, 0x20, 0x20, 0x69, 0x66, 0x20, 0x28, 0x6B, 0x53, 0x74, 0x72, 0x65, 0x61,
    0x6B, 0x20, 0x3E, 0x20, 0x30, 0x2E, 0x30, 0x29, 0x0A, 0x20, 0x20, 0x20, 0x20, 0x7B, 0x0A, 0x20, 0x20, 0x20, 0x20,
    0x20, 0x20, 0x20, 0x20, 0x75, 0x69, 0x6E, 0x74, 0x20, 0x6B, 0x50, 0x6F, 0x69, 0x6E, 0x74, 0x20, 0x3D, 0x20, 0x28,
    0x75, 0x69, 0x6E, 0x74, 0x28, 0x69, 0x6E, 0x74, 0x28, 0x67, 0x6C, 0x5F, 0x56, 0x65, 0x72, 0x74, 0x65, 0x78, 0x49,
    0x6E, 0x64, 0x65, 0x78, 0x29, 0x29, 0x20, 0x2F, 0x20, 0x36, 0x75, 0x29, 0x20, 0x2B, 0x20, 0x28, 0x6B, 0x43, 0x6F,
    0x72, 0x6E, 0x65, 0x72, 0x20, 0x3E, 0x3E, 0x20, 0x31, 0x75, 0x29, 0x3B, 0x0A, 0x20, 0x20, 0x20, 0x20, 0x20, 0x20,
    0x20, 0x20, 0x66, 0x6C, 0x6F, 0x61, 0x74, 0x20, 0x6B, 0x53, 0x74, 0x65, 0x70, 0x20, 0x3D, 0x20, 0x6B, 0x53, 0x74,
    0x72, 0x65, 0x61, 0x6B, 0x20, 0x2F, 0x20, 0x38, 0x2E, 0x30, 0x3B, 0x0A, 0x20, 0x20, 0x20, 0x20, 0x20, 0x20, 0x20,
    0x20, 0x66, 0x6C, 0x6F, 0x61, 0x74, 0x20, 0x6B, 0x42, 0x61, 0x63, 0x6B, 0x20, 0x3D, 0x20, 0x6B, 0x53, 0x74, 0x65,
    0x70, 0x20, 0x2A, 0x20, 0x66, 0x6C, 0x6F, 0x61, 0x74, 0x28, 0x6B, 0x50, 0x6F, 0x69, 0x6E, 0x74, 0x29, 0x3B, 0x0A,
    0x20, 0x20, 0x20, 0x20, 0x20, 0x20, 0x20, 0x20, 0x66, 0x6C, 0x6F, 0x61, 0x74, 0x33, 0x20, 0x6B, 0x48, 0x65, 0x72,
    0x65, 0x20, 0x3D, 0x20, 0x6B, 0x53, 0x74, 0x61, 0x72, 0x74, 0x20, 0x2B, 0x20, 0x6D, 0x6F, 0x76, 0x65, 0x64, 0x41,
    0x74, 0x28, 0x6B, 0x50, 0x61, 0x72, 0x74, 0x69, 0x63, 0x6C, 0x65, 0x2C, 0x20, 0x66, 0x61, 0x73, 0x74, 0x3A, 0x3A,
    0x6D, 0x61, 0x78, 0x28, 0x6B, 0x41, 0x67, 0x65, 0x20, 0x2D, 0x20, 0x6B, 0x42, 0x61, 0x63, 0x6B, 0x2C, 0x20, 0x30,
    0x2E, 0x30, 0x29, 0x2C, 0x20, 0x65, 0x6D, 0x69, 0x74, 0x74, 0x65, 0x72, 0x29, 0x3B, 0x0A, 0x20, 0x20, 0x20, 0x20,
    0x20, 0x20, 0x20, 0x20, 0x66, 0x6C, 0x6F, 0x61, 0x74, 0x33, 0x20, 0x6B, 0x52, 0x75, 0x6E, 0x73, 0x20, 0x3D, 0x20,
    0x6D, 0x6F, 0x76, 0x65, 0x64, 0x41, 0x74, 0x28, 0x6B, 0x50, 0x61, 0x72, 0x74, 0x69, 0x63, 0x6C, 0x65, 0x2C, 0x20,
    0x66, 0x61, 0x73, 0x74, 0x3A, 0x3A, 0x6D, 0x61, 0x78, 0x28, 0x28, 0x6B, 0x41, 0x67, 0x65, 0x20, 0x2D, 0x20, 0x6B,
    0x42, 0x61, 0x63, 0x6B, 0x29, 0x20, 0x2B, 0x20, 0x6B, 0x53, 0x74, 0x65, 0x70, 0x2C, 0x20, 0x30, 0x2E, 0x30, 0x29,
    0x2C, 0x20, 0x65, 0x6D, 0x69, 0x74, 0x74, 0x65, 0x72, 0x29, 0x20, 0x2D, 0x20, 0x6D, 0x6F, 0x76, 0x65, 0x64, 0x41,
    0x74, 0x28, 0x6B, 0x50, 0x61, 0x72, 0x74, 0x69, 0x63, 0x6C, 0x65, 0x2C, 0x20, 0x66, 0x61, 0x73, 0x74, 0x3A, 0x3A,
    0x6D, 0x61, 0x78, 0x28, 0x28, 0x6B, 0x41, 0x67, 0x65, 0x20, 0x2D, 0x20, 0x6B, 0x42, 0x61, 0x63, 0x6B, 0x29, 0x20,
    0x2D, 0x20, 0x6B, 0x53, 0x74, 0x65, 0x70, 0x2C, 0x20, 0x30, 0x2E, 0x30, 0x29, 0x2C, 0x20, 0x65, 0x6D, 0x69, 0x74,
    0x74, 0x65, 0x72, 0x29, 0x3B, 0x0A, 0x20, 0x20, 0x20, 0x20, 0x20, 0x20, 0x20, 0x20, 0x66, 0x6C, 0x6F, 0x61, 0x74,
    0x33, 0x20, 0x5F, 0x32, 0x31, 0x32, 0x3B, 0x0A, 0x20, 0x20, 0x20, 0x20, 0x20, 0x20, 0x20, 0x20, 0x69, 0x66, 0x20,
    0x28, 0x76, 0x69, 0x65, 0x77, 0x2E, 0x6C, 0x65, 0x6E, 0x73, 0x2E, 0x79, 0x20, 0x3E, 0x20, 0x30, 0x2E, 0x35, 0x29,
    0x0A, 0x20, 0x20, 0x20, 0x20, 0x20, 0x20, 0x20, 0x20, 0x7B, 0x0A, 0x20, 0x20, 0x20, 0x20, 0x20, 0x20, 0x20, 0x20,
    0x20, 0x20, 0x20, 0x20, 0x5F, 0x32, 0x31, 0x32, 0x20, 0x3D, 0x20, 0x63, 0x72, 0x6F, 0x73, 0x73, 0x28, 0x76, 0x69,
    0x65, 0x77, 0x2E, 0x72, 0x69, 0x67, 0x68, 0x74, 0x2E, 0x78, 0x79, 0x7A, 0x2C, 0x20, 0x76, 0x69, 0x65, 0x77, 0x2E,
    0x75, 0x70, 0x2E, 0x78, 0x79, 0x7A, 0x29, 0x3B, 0x0A, 0x20, 0x20, 0x20, 0x20, 0x20, 0x20, 0x20, 0x20, 0x7D, 0x0A,
    0x20, 0x20, 0x20, 0x20, 0x20, 0x20, 0x20, 0x20, 0x65, 0x6C, 0x73, 0x65, 0x0A, 0x20, 0x20, 0x20, 0x20, 0x20, 0x20,
    0x20, 0x20, 0x7B, 0x0A, 0x20, 0x20, 0x20, 0x20, 0x20, 0x20, 0x20, 0x20, 0x20, 0x20, 0x20, 0x20, 0x5F, 0x32, 0x31,
    0x32, 0x20, 0x3D, 0x20, 0x2D, 0x6B, 0x48, 0x65, 0x72, 0x65, 0x3B, 0x0A, 0x20, 0x20, 0x20, 0x20, 0x20, 0x20, 0x20,
    0x20, 0x7D, 0x0A, 0x20, 0x20, 0x20, 0x20, 0x20, 0x20, 0x20, 0x20, 0x66, 0x6C, 0x6F, 0x61, 0x74, 0x33, 0x20, 0x6B,
    0x54, 0x6F, 0x45, 0x79, 0x65, 0x20, 0x3D, 0x20, 0x5F, 0x32, 0x31, 0x32, 0x3B, 0x0A, 0x20, 0x20, 0x20, 0x20, 0x20,
    0x20, 0x20, 0x20, 0x66, 0x6C, 0x6F, 0x61, 0x74, 0x33, 0x20, 0x61, 0x63, 0x72, 0x6F, 0x73, 0x73, 0x20, 0x3D, 0x20,
    0x63, 0x72, 0x6F, 0x73, 0x73, 0x28, 0x6B, 0x52, 0x75, 0x6E, 0x73, 0x2C, 0x20, 0x6B, 0x54, 0x6F, 0x45, 0x79, 0x65,
    0x29, 0x3B, 0x0A, 0x20, 0x20, 0x20, 0x20, 0x20, 0x20, 0x20, 0x20, 0x66, 0x6C, 0x6F, 0x61, 0x74, 0x33, 0x20, 0x5F,
    0x32, 0x31, 0x33, 0x3B, 0x0A, 0x20, 0x20, 0x20, 0x20, 0x20, 0x20, 0x20, 0x20, 0x69, 0x66, 0x20, 0x28, 0x64, 0x6F,
    0x74, 0x28, 0x61, 0x63, 0x72, 0x6F, 0x73, 0x73, 0x2C, 0x20, 0x61, 0x63, 0x72, 0x6F, 0x73, 0x73, 0x29, 0x20, 0x3E,
    0x20, 0x39, 0x2E, 0x39, 0x39, 0x39, 0x39, 0x39, 0x39, 0x39, 0x36, 0x30, 0x30, 0x34, 0x31, 0x39, 0x37, 0x32, 0x30,
    0x30, 0x32, 0x35, 0x30, 0x30, 0x31, 0x38, 0x37, 0x39, 0x35, 0x34, 0x38, 0x36, 0x35, 0x34, 0x65, 0x2D, 0x31, 0x33,
    0x29, 0x0A, 0x20, 0x20, 0x20, 0x20, 0x20, 0x20, 0x20, 0x20, 0x7B, 0x0A, 0x20, 0x20, 0x20, 0x20, 0x20, 0x20, 0x20,
    0x20, 0x20, 0x20, 0x20, 0x20, 0x5F, 0x32, 0x31, 0x33, 0x20, 0x3D, 0x20, 0x66, 0x61, 0x73, 0x74, 0x3A, 0x3A, 0x6E,
    0x6F, 0x72, 0x6D, 0x61, 0x6C, 0x69, 0x7A, 0x65, 0x28, 0x61, 0x63, 0x72, 0x6F, 0x73, 0x73, 0x29, 0x3B, 0x0A, 0x20,
    0x20, 0x20, 0x20, 0x20, 0x20, 0x20, 0x20, 0x7D, 0x0A, 0x20, 0x20, 0x20, 0x20, 0x20, 0x20, 0x20, 0x20, 0x65, 0x6C,
    0x73, 0x65, 0x0A, 0x20, 0x20, 0x20, 0x20, 0x20, 0x20, 0x20, 0x20, 0x7B, 0x0A, 0x20, 0x20, 0x20, 0x20, 0x20, 0x20,
    0x20, 0x20, 0x20, 0x20, 0x20, 0x20, 0x5F, 0x32, 0x31, 0x33, 0x20, 0x3D, 0x20, 0x76, 0x69, 0x65, 0x77, 0x2E, 0x75,
    0x70, 0x2E, 0x78, 0x79, 0x7A, 0x3B, 0x0A, 0x20, 0x20, 0x20, 0x20, 0x20, 0x20, 0x20, 0x20, 0x7D, 0x0A, 0x20, 0x20,
    0x20, 0x20, 0x20, 0x20, 0x20, 0x20, 0x61, 0x63, 0x72, 0x6F, 0x73, 0x73, 0x20, 0x3D, 0x20, 0x5F, 0x32, 0x31, 0x33,
    0x3B, 0x0A, 0x20, 0x20, 0x20, 0x20, 0x20, 0x20, 0x20, 0x20, 0x66, 0x6C, 0x6F, 0x61, 0x74, 0x20, 0x6B, 0x53, 0x69,
    0x64, 0x65, 0x20, 0x3D, 0x20, 0x66, 0x6C, 0x6F, 0x61, 0x74, 0x28, 0x6B, 0x43, 0x6F, 0x72, 0x6E, 0x65, 0x72, 0x20,
    0x26, 0x20, 0x31, 0x75, 0x29, 0x20, 0x2D, 0x20, 0x30, 0x2E, 0x35, 0x3B, 0x0A, 0x20, 0x20, 0x20, 0x20, 0x20, 0x20,
    0x20, 0x20, 0x66, 0x6C, 0x6F, 0x61, 0x74, 0x20, 0x6B, 0x57, 0x69, 0x64, 0x74, 0x68, 0x20, 0x3D, 0x20, 0x6B, 0x53,
    0x69, 0x7A, 0x65, 0x20, 0x2A, 0x20, 0x28, 0x31, 0x2E, 0x30, 0x20, 0x2D, 0x20, 0x28, 0x66, 0x6C, 0x6F, 0x61, 0x74,
    0x28, 0x6B, 0x50, 0x6F, 0x69, 0x6E, 0x74, 0x29, 0x20, 0x2F, 0x20, 0x38, 0x2E, 0x30, 0x29, 0x29, 0x3B, 0x0A, 0x20,
    0x20, 0x20, 0x20, 0x20, 0x20, 0x20, 0x20, 0x6F, 0x75, 0x74, 0x2E, 0x6F, 0x75, 0x74, 0x55, 0x76, 0x20, 0x3D, 0x20,
    0x66, 0x6C, 0x6F, 0x61, 0x74, 0x32, 0x28, 0x66, 0x6C, 0x6F, 0x61, 0x74, 0x28, 0x6B, 0x50, 0x6F, 0x69, 0x6E, 0x74,
    0x29, 0x20, 0x2F, 0x20, 0x38, 0x2E, 0x30, 0x2C, 0x20, 0x66, 0x6C, 0x6F, 0x61, 0x74, 0x28, 0x6B, 0x43, 0x6F, 0x72,
    0x6E, 0x65, 0x72, 0x20, 0x26, 0x20, 0x31, 0x75, 0x29, 0x29, 0x3B, 0x0A, 0x20, 0x20, 0x20, 0x20, 0x20, 0x20, 0x20,
    0x20, 0x6F, 0x75, 0x74, 0x2E, 0x6F, 0x75, 0x74, 0x53, 0x68, 0x61, 0x70, 0x65, 0x20, 0x3D, 0x20, 0x66, 0x6C, 0x6F,
    0x61, 0x74, 0x32, 0x28, 0x30, 0x2E, 0x30, 0x2C, 0x20, 0x6B, 0x53, 0x69, 0x64, 0x65, 0x20, 0x2A, 0x20, 0x32, 0x2E,
    0x30, 0x29, 0x3B, 0x0A, 0x20, 0x20, 0x20, 0x20, 0x20, 0x20, 0x20, 0x20, 0x6F, 0x75, 0x74, 0x2E, 0x67, 0x6C, 0x5F,
    0x50, 0x6F, 0x73, 0x69, 0x74, 0x69, 0x6F, 0x6E, 0x20, 0x3D, 0x20, 0x76, 0x69, 0x65, 0x77, 0x2E, 0x76, 0x69, 0x65,
    0x77, 0x50, 0x72, 0x6F, 0x6A, 0x65, 0x63, 0x74, 0x69, 0x6F, 0x6E, 0x20, 0x2A, 0x20, 0x66, 0x6C, 0x6F, 0x61, 0x74,
    0x34, 0x28, 0x6B, 0x48, 0x65, 0x72, 0x65, 0x20, 0x2B, 0x20, 0x28, 0x61, 0x63, 0x72, 0x6F, 0x73, 0x73, 0x20, 0x2A,
    0x20, 0x28, 0x6B, 0x53, 0x69, 0x64, 0x65, 0x20, 0x2A, 0x20, 0x6B, 0x57, 0x69, 0x64, 0x74, 0x68, 0x29, 0x29, 0x2C,
    0x20, 0x31, 0x2E, 0x30, 0x29, 0x3B, 0x0A, 0x20, 0x20, 0x20, 0x20, 0x20, 0x20, 0x20, 0x20, 0x72, 0x65, 0x74, 0x75,
    0x72, 0x6E, 0x20, 0x6F, 0x75, 0x74, 0x3B, 0x0A, 0x20, 0x20, 0x20, 0x20, 0x7D, 0x0A, 0x20, 0x20, 0x20, 0x20, 0x66,
    0x6C, 0x6F, 0x61, 0x74, 0x32, 0x20, 0x6B, 0x41, 0x74, 0x20, 0x3D, 0x20, 0x66, 0x6C, 0x6F, 0x61, 0x74, 0x32, 0x28,
    0x66, 0x6C, 0x6F, 0x61, 0x74, 0x28, 0x6B, 0x43, 0x6F, 0x72, 0x6E, 0x65, 0x72, 0x20, 0x26, 0x20, 0x31, 0x75, 0x29,
    0x2C, 0x20, 0x66, 0x6C, 0x6F, 0x61, 0x74, 0x28, 0x6B, 0x43, 0x6F, 0x72, 0x6E, 0x65, 0x72, 0x20, 0x3E, 0x3E, 0x20,
    0x31, 0x75, 0x29, 0x29, 0x3B, 0x0A, 0x20, 0x20, 0x20, 0x20, 0x66, 0x6C, 0x6F, 0x61, 0x74, 0x33, 0x20, 0x6B, 0x50,
    0x6C, 0x61, 0x63, 0x65, 0x64, 0x20, 0x3D, 0x20, 0x28, 0x6B, 0x53, 0x74, 0x61, 0x72, 0x74, 0x20, 0x2B, 0x20, 0x6D,
    0x6F, 0x76, 0x65, 0x64, 0x41, 0x74, 0x28, 0x6B, 0x50, 0x61, 0x72, 0x74, 0x69, 0x63, 0x6C, 0x65, 0x2C, 0x20, 0x6B,
    0x41, 0x67, 0x65, 0x2C, 0x20, 0x65, 0x6D, 0x69, 0x74, 0x74, 0x65, 0x72, 0x29, 0x29, 0x20, 0x2B, 0x20, 0x28, 0x28,
    0x28, 0x76, 0x69, 0x65, 0x77, 0x2E, 0x72, 0x69, 0x67, 0x68, 0x74, 0x2E, 0x78, 0x79, 0x7A, 0x20, 0x2A, 0x20, 0x28,
    0x6B, 0x41, 0x74, 0x2E, 0x78, 0x20, 0x2D, 0x20, 0x30, 0x2E, 0x35, 0x29, 0x29, 0x20, 0x2B, 0x20, 0x28, 0x76, 0x69,
    0x65, 0x77, 0x2E, 0x75, 0x70, 0x2E, 0x78, 0x79, 0x7A, 0x20, 0x2A, 0x20, 0x28, 0x6B, 0x41, 0x74, 0x2E, 0x79, 0x20,
    0x2D, 0x20, 0x30, 0x2E, 0x35, 0x29, 0x29, 0x29, 0x20, 0x2A, 0x20, 0x6B, 0x53, 0x69, 0x7A, 0x65, 0x29, 0x3B, 0x0A,
    0x20, 0x20, 0x20, 0x20, 0x75, 0x69, 0x6E, 0x74, 0x32, 0x20, 0x6B, 0x43, 0x65, 0x6C, 0x6C, 0x73, 0x20, 0x3D, 0x20,
    0x75, 0x69, 0x6E, 0x74, 0x32, 0x28, 0x65, 0x6D, 0x69, 0x74, 0x74, 0x65, 0x72, 0x2E, 0x6D, 0x6F, 0x72, 0x65, 0x2E,
    0x77, 0x20, 0x26, 0x20, 0x36, 0x35, 0x35, 0x33, 0x35, 0x75, 0x2C, 0x20, 0x65, 0x6D, 0x69, 0x74, 0x74, 0x65, 0x72,
    0x2E, 0x6D, 0x6F, 0x72, 0x65, 0x2E, 0x77, 0x20, 0x3E, 0x3E, 0x20, 0x31, 0x36, 0x75, 0x29, 0x3B, 0x0A, 0x20, 0x20,
    0x20, 0x20, 0x75, 0x69, 0x6E, 0x74, 0x20, 0x6B, 0x46, 0x72, 0x61, 0x6D, 0x65, 0x73, 0x20, 0x3D, 0x20, 0x6D, 0x61,
    0x78, 0x28, 0x28, 0x6B, 0x43, 0x65, 0x6C, 0x6C, 0x73, 0x2E, 0x78, 0x20, 0x2A, 0x20, 0x6B, 0x43, 0x65, 0x6C, 0x6C,
    0x73, 0x2E, 0x79, 0x29, 0x2C, 0x20, 0x31, 0x75, 0x29, 0x3B, 0x0A, 0x20, 0x20, 0x20, 0x20, 0x75, 0x69, 0x6E, 0x74,
    0x20, 0x6B, 0x46, 0x72, 0x61, 0x6D, 0x65, 0x20, 0x3D, 0x20, 0x6D, 0x69, 0x6E, 0x28, 0x75, 0x69, 0x6E, 0x74, 0x28,
    0x6B, 0x54, 0x68, 0x72, 0x6F, 0x75, 0x67, 0x68, 0x20, 0x2A, 0x20, 0x66, 0x6C, 0x6F, 0x61, 0x74, 0x28, 0x6B, 0x46,
    0x72, 0x61, 0x6D, 0x65, 0x73, 0x29, 0x29, 0x2C, 0x20, 0x28, 0x6B, 0x46, 0x72, 0x61, 0x6D, 0x65, 0x73, 0x20, 0x2D,
    0x20, 0x31, 0x75, 0x29, 0x29, 0x3B, 0x0A, 0x20, 0x20, 0x20, 0x20, 0x66, 0x6C, 0x6F, 0x61, 0x74, 0x32, 0x20, 0x6B,
    0x43, 0x65, 0x6C, 0x6C, 0x20, 0x3D, 0x20, 0x66, 0x6C, 0x6F, 0x61, 0x74, 0x32, 0x28, 0x66, 0x6C, 0x6F, 0x61, 0x74,
    0x28, 0x6B, 0x46, 0x72, 0x61, 0x6D, 0x65, 0x20, 0x25, 0x20, 0x6D, 0x61, 0x78, 0x28, 0x6B, 0x43, 0x65, 0x6C, 0x6C,
    0x73, 0x2E, 0x78, 0x2C, 0x20, 0x31, 0x75, 0x29, 0x29, 0x2C, 0x20, 0x66, 0x6C, 0x6F, 0x61, 0x74, 0x28, 0x6B, 0x46,
    0x72, 0x61, 0x6D, 0x65, 0x20, 0x2F, 0x20, 0x6D, 0x61, 0x78, 0x28, 0x6B, 0x43, 0x65, 0x6C, 0x6C, 0x73, 0x2E, 0x78,
    0x2C, 0x20, 0x31, 0x75, 0x29, 0x29, 0x29, 0x3B, 0x0A, 0x20, 0x20, 0x20, 0x20, 0x6F, 0x75, 0x74, 0x2E, 0x6F, 0x75,
    0x74, 0x55, 0x76, 0x20, 0x3D, 0x20, 0x28, 0x6B, 0x43, 0x65, 0x6C, 0x6C, 0x20, 0x2B, 0x20, 0x66, 0x6C, 0x6F, 0x61,
    0x74, 0x32, 0x28, 0x6B, 0x41, 0x74, 0x2E, 0x78, 0x2C, 0x20, 0x31, 0x2E, 0x30, 0x20, 0x2D, 0x20, 0x6B, 0x41, 0x74,
    0x2E, 0x79, 0x29, 0x29, 0x20, 0x2F, 0x20, 0x66, 0x6C, 0x6F, 0x61, 0x74, 0x32, 0x28, 0x6D, 0x61, 0x78, 0x28, 0x6B,
    0x43, 0x65, 0x6C, 0x6C, 0x73, 0x2C, 0x20, 0x75, 0x69, 0x6E, 0x74, 0x32, 0x28, 0x31, 0x75, 0x29, 0x29, 0x29, 0x3B,
    0x0A, 0x20, 0x20, 0x20, 0x20, 0x6F, 0x75, 0x74, 0x2E, 0x6F, 0x75, 0x74, 0x53, 0x68, 0x61, 0x70, 0x65, 0x20, 0x3D,
    0x20, 0x28, 0x6B, 0x41, 0x74, 0x20, 0x2A, 0x20, 0x32, 0x2E, 0x30, 0x29, 0x20, 0x2D, 0x20, 0x66, 0x6C, 0x6F, 0x61,
    0x74, 0x32, 0x28, 0x31, 0x2E, 0x30, 0x29, 0x3B, 0x0A, 0x20, 0x20, 0x20, 0x20, 0x6F, 0x75, 0x74, 0x2E, 0x67, 0x6C,
    0x5F, 0x50, 0x6F, 0x73, 0x69, 0x74, 0x69, 0x6F, 0x6E, 0x20, 0x3D, 0x20, 0x76, 0x69, 0x65, 0x77, 0x2E, 0x76, 0x69,
    0x65, 0x77, 0x50, 0x72, 0x6F, 0x6A, 0x65, 0x63, 0x74, 0x69, 0x6F, 0x6E, 0x20, 0x2A, 0x20, 0x66, 0x6C, 0x6F, 0x61,
    0x74, 0x34, 0x28, 0x6B, 0x50, 0x6C, 0x61, 0x63, 0x65, 0x64, 0x2C, 0x20, 0x31, 0x2E, 0x30, 0x29, 0x3B, 0x0A, 0x20,
    0x20, 0x20, 0x20, 0x72, 0x65, 0x74, 0x75, 0x72, 0x6E, 0x20, 0x6F, 0x75, 0x74, 0x3B, 0x0A, 0x7D, 0x0A, 0x0A, 0x23,
    0x70, 0x72, 0x61, 0x67, 0x6D, 0x61, 0x20, 0x63, 0x6C, 0x61, 0x6E, 0x67, 0x20, 0x64, 0x69, 0x61, 0x67, 0x6E, 0x6F,
    0x73, 0x74, 0x69, 0x63, 0x20, 0x69, 0x67, 0x6E, 0x6F, 0x72, 0x65, 0x64, 0x20, 0x22, 0x2D, 0x57, 0x6D, 0x69, 0x73,
    0x73, 0x69, 0x6E, 0x67, 0x2D, 0x70, 0x72, 0x6F, 0x74, 0x6F, 0x74, 0x79, 0x70, 0x65, 0x73, 0x22, 0x0A, 0x23, 0x70,
    0x72, 0x61, 0x67, 0x6D, 0x61, 0x20, 0x63, 0x6C, 0x61, 0x6E, 0x67, 0x20, 0x64, 0x69, 0x61, 0x67, 0x6E, 0x6F, 0x73,
    0x74, 0x69, 0x63, 0x20, 0x69, 0x67, 0x6E, 0x6F, 0x72, 0x65, 0x64, 0x20, 0x22, 0x2D, 0x57, 0x6D, 0x69, 0x73, 0x73,
    0x69, 0x6E, 0x67, 0x2D, 0x62, 0x72, 0x61, 0x63, 0x65, 0x73, 0x22, 0x0A, 0x0A, 0x23, 0x69, 0x6E, 0x63, 0x6C, 0x75,
    0x64, 0x65, 0x20, 0x3C, 0x6D, 0x65, 0x74, 0x61, 0x6C, 0x5F, 0x73, 0x74, 0x64, 0x6C, 0x69, 0x62, 0x3E, 0x0A, 0x23,
    0x69, 0x6E, 0x63, 0x6C, 0x75, 0x64, 0x65, 0x20, 0x3C, 0x73, 0x69, 0x6D, 0x64, 0x2F, 0x73, 0x69, 0x6D, 0x64, 0x2E,
    0x68, 0x3E, 0x0A, 0x0A, 0x75, 0x73, 0x69, 0x6E, 0x67, 0x20, 0x6E, 0x61, 0x6D, 0x65, 0x73, 0x70, 0x61, 0x63, 0x65,
    0x20, 0x6D, 0x65, 0x74, 0x61, 0x6C, 0x3B, 0x0A, 0x0A, 0x74, 0x65, 0x6D, 0x70, 0x6C, 0x61, 0x74, 0x65, 0x3C, 0x74,
    0x79, 0x70, 0x65, 0x6E, 0x61, 0x6D, 0x65, 0x20, 0x54, 0x2C, 0x20, 0x73, 0x69, 0x7A, 0x65, 0x5F, 0x74, 0x20, 0x4E,
    0x75, 0x6D, 0x3E, 0x0A, 0x73, 0x74, 0x72, 0x75, 0x63, 0x74, 0x20, 0x73, 0x70, 0x76, 0x55, 0x6E, 0x73, 0x61, 0x66,
    0x65, 0x41, 0x72, 0x72, 0x61, 0x79, 0x0A, 0x7B, 0x0A, 0x20, 0x20, 0x20, 0x20, 0x54, 0x20, 0x65, 0x6C, 0x65, 0x6D,
    0x65, 0x6E, 0x74, 0x73, 0x5B, 0x4E, 0x75, 0x6D, 0x20, 0x3F, 0x20, 0x4E, 0x75, 0x6D, 0x20, 0x3A, 0x20, 0x31, 0x5D,
    0x3B, 0x0A, 0x20, 0x20, 0x20, 0x20, 0x0A, 0x20, 0x20, 0x20, 0x20, 0x74, 0x68, 0x72, 0x65, 0x61, 0x64, 0x20, 0x54,
    0x26, 0x20, 0x6F, 0x70, 0x65, 0x72, 0x61, 0x74, 0x6F, 0x72, 0x20, 0x5B, 0x5D, 0x20, 0x28, 0x73, 0x69, 0x7A, 0x65,
    0x5F, 0x74, 0x20, 0x70, 0x6F, 0x73, 0x29, 0x20, 0x74, 0x68, 0x72, 0x65, 0x61, 0x64, 0x0A, 0x20, 0x20, 0x20, 0x20,
    0x7B, 0x0A, 0x20, 0x20, 0x20, 0x20, 0x20, 0x20, 0x20, 0x20, 0x72, 0x65, 0x74, 0x75, 0x72, 0x6E, 0x20, 0x65, 0x6C,
    0x65, 0x6D, 0x65, 0x6E, 0x74, 0x73, 0x5B, 0x70, 0x6F, 0x73, 0x5D, 0x3B, 0x0A, 0x20, 0x20, 0x20, 0x20, 0x7D, 0x0A,
    0x20, 0x20, 0x20, 0x20, 0x63, 0x6F, 0x6E, 0x73, 0x74, 0x65, 0x78, 0x70, 0x72, 0x20, 0x63, 0x6F, 0x6E, 0x73, 0x74,
    0x20, 0x74, 0x68, 0x72, 0x65, 0x61, 0x64, 0x20, 0x54, 0x26, 0x20, 0x6F, 0x70, 0x65, 0x72, 0x61, 0x74, 0x6F, 0x72,
    0x20, 0x5B, 0x5D, 0x20, 0x28, 0x73, 0x69, 0x7A, 0x65, 0x5F, 0x74, 0x20, 0x70, 0x6F, 0x73, 0x29, 0x20, 0x63, 0x6F,
    0x6E, 0x73, 0x74, 0x20, 0x74, 0x68, 0x72, 0x65, 0x61, 0x64, 0x0A, 0x20, 0x20, 0x20, 0x20, 0x7B, 0x0A, 0x20, 0x20,
    0x20, 0x20, 0x20, 0x20, 0x20, 0x20, 0x72, 0x65, 0x74, 0x75, 0x72, 0x6E, 0x20, 0x65, 0x6C, 0x65, 0x6D, 0x65, 0x6E,
    0x74, 0x73, 0x5B, 0x70, 0x6F, 0x73, 0x5D, 0x3B, 0x0A, 0x20, 0x20, 0x20, 0x20, 0x7D, 0x0A, 0x20, 0x20, 0x20, 0x20,
    0x0A, 0x20, 0x20, 0x20, 0x20, 0x64, 0x65, 0x76, 0x69, 0x63, 0x65, 0x20, 0x54, 0x26, 0x20, 0x6F, 0x70, 0x65, 0x72,
    0x61, 0x74, 0x6F, 0x72, 0x20, 0x5B, 0x5D, 0x20, 0x28, 0x73, 0x69, 0x7A, 0x65, 0x5F, 0x74, 0x20, 0x70, 0x6F, 0x73,
    0x29, 0x20, 0x64, 0x65, 0x76, 0x69, 0x63, 0x65, 0x0A, 0x20, 0x20, 0x20, 0x20, 0x7B, 0x0A, 0x20, 0x20, 0x20, 0x20,
    0x20, 0x20, 0x20, 0x20, 0x72, 0x65, 0x74, 0x75, 0x72, 0x6E, 0x20, 0x65, 0x6C, 0x65, 0x6D, 0x65, 0x6E, 0x74, 0x73,
    0x5B, 0x70, 0x6F, 0x73, 0x5D, 0x3B, 0x0A, 0x20, 0x20, 0x20, 0x20, 0x7D, 0x0A, 0x20, 0x20, 0x20, 0x20, 0x63, 0x6F,
    0x6E, 0x73, 0x74, 0x65, 0x78, 0x70, 0x72, 0x20, 0x63, 0x6F, 0x6E, 0x73, 0x74, 0x20, 0x64, 0x65, 0x76, 0x69, 0x63,
    0x65, 0x20, 0x54, 0x26, 0x20, 0x6F, 0x70, 0x65, 0x72, 0x61, 0x74, 0x6F, 0x72, 0x20, 0x5B, 0x5D, 0x20, 0x28, 0x73,
    0x69, 0x7A, 0x65, 0x5F, 0x74, 0x20, 0x70, 0x6F, 0x73, 0x29, 0x20, 0x63, 0x6F, 0x6E, 0x73, 0x74, 0x20, 0x64, 0x65,
    0x76, 0x69, 0x63, 0x65, 0x0A, 0x20, 0x20, 0x20, 0x20, 0x7B, 0x0A, 0x20, 0x20, 0x20, 0x20, 0x20, 0x20, 0x20, 0x20,
    0x72, 0x65, 0x74, 0x75, 0x72, 0x6E, 0x20, 0x65, 0x6C, 0x65, 0x6D, 0x65, 0x6E, 0x74, 0x73, 0x5B, 0x70, 0x6F, 0x73,
    0x5D, 0x3B, 0x0A, 0x20, 0x20, 0x20, 0x20, 0x7D, 0x0A, 0x20, 0x20, 0x20, 0x20, 0x0A, 0x20, 0x20, 0x20, 0x20, 0x63,
    0x6F, 0x6E, 0x73, 0x74, 0x65, 0x78, 0x70, 0x72, 0x20, 0x63, 0x6F, 0x6E, 0x73, 0x74, 0x20, 0x63, 0x6F, 0x6E, 0x73,
    0x74, 0x61, 0x6E, 0x74, 0x20, 0x54, 0x26, 0x20, 0x6F, 0x70, 0x65, 0x72, 0x61, 0x74, 0x6F, 0x72, 0x20, 0x5B, 0x5D,
    0x20, 0x28, 0x73, 0x69, 0x7A, 0x65, 0x5F, 0x74, 0x20, 0x70, 0x6F, 0x73, 0x29, 0x20, 0x63, 0x6F, 0x6E, 0x73, 0x74,
    0x20, 0x63, 0x6F, 0x6E, 0x73, 0x74, 0x61, 0x6E, 0x74, 0x0A, 0x20, 0x20, 0x20, 0x20, 0x7B, 0x0A, 0x20, 0x20, 0x20,
    0x20, 0x20, 0x20, 0x20, 0x20, 0x72, 0x65, 0x74, 0x75, 0x72, 0x6E, 0x20, 0x65, 0x6C, 0x65, 0x6D, 0x65, 0x6E, 0x74,
    0x73, 0x5B, 0x70, 0x6F, 0x73, 0x5D, 0x3B, 0x0A, 0x20, 0x20, 0x20, 0x20, 0x7D, 0x0A, 0x20, 0x20, 0x20, 0x20, 0x0A,
    0x20, 0x20, 0x20, 0x20, 0x74, 0x68, 0x72, 0x65, 0x61, 0x64, 0x67, 0x72, 0x6F, 0x75, 0x70, 0x20, 0x54, 0x26, 0x20,
    0x6F, 0x70, 0x65, 0x72, 0x61, 0x74, 0x6F, 0x72, 0x20, 0x5B, 0x5D, 0x20, 0x28, 0x73, 0x69, 0x7A, 0x65, 0x5F, 0x74,
    0x20, 0x70, 0x6F, 0x73, 0x29, 0x20, 0x74, 0x68, 0x72, 0x65, 0x61, 0x64, 0x67, 0x72, 0x6F, 0x75, 0x70, 0x0A, 0x20,
    0x20, 0x20, 0x20, 0x7B, 0x0A, 0x20, 0x20, 0x20, 0x20, 0x20, 0x20, 0x20, 0x20, 0x72, 0x65, 0x74, 0x75, 0x72, 0x6E,
    0x20, 0x65, 0x6C, 0x65, 0x6D, 0x65, 0x6E, 0x74, 0x73, 0x5B, 0x70, 0x6F, 0x73, 0x5D, 0x3B, 0x0A, 0x20, 0x20, 0x20,
    0x20, 0x7D, 0x0A, 0x20, 0x20, 0x20, 0x20, 0x63, 0x6F, 0x6E, 0x73, 0x74, 0x65, 0x78, 0x70, 0x72, 0x20, 0x63, 0x6F,
    0x6E, 0x73, 0x74, 0x20, 0x74, 0x68, 0x72, 0x65, 0x61, 0x64, 0x67, 0x72, 0x6F, 0x75, 0x70, 0x20, 0x54, 0x26, 0x20,
    0x6F, 0x70, 0x65, 0x72, 0x61, 0x74, 0x6F, 0x72, 0x20, 0x5B, 0x5D, 0x20, 0x28, 0x73, 0x69, 0x7A, 0x65, 0x5F, 0x74,
    0x20, 0x70, 0x6F, 0x73, 0x29, 0x20, 0x63, 0x6F, 0x6E, 0x73, 0x74, 0x20, 0x74, 0x68, 0x72, 0x65, 0x61, 0x64, 0x67,
    0x72, 0x6F, 0x75, 0x70, 0x0A, 0x20, 0x20, 0x20, 0x20, 0x7B, 0x0A, 0x20, 0x20, 0x20, 0x20, 0x20, 0x20, 0x20, 0x20,
    0x72, 0x65, 0x74, 0x75, 0x72, 0x6E, 0x20, 0x65, 0x6C, 0x65, 0x6D, 0x65, 0x6E, 0x74, 0x73, 0x5B, 0x70, 0x6F, 0x73,
    0x5D, 0x3B, 0x0A, 0x20, 0x20, 0x20, 0x20, 0x7D, 0x0A, 0x7D, 0x3B, 0x0A, 0x0A, 0x73, 0x74, 0x72, 0x75, 0x63, 0x74,
    0x20, 0x50, 0x61, 0x72, 0x74, 0x69, 0x63, 0x6C, 0x65, 0x0A, 0x7B, 0x0A, 0x20, 0x20, 0x20, 0x20, 0x66, 0x6C, 0x6F,
    0x61, 0x74, 0x34, 0x20, 0x73, 0x74, 0x61, 0x72, 0x74, 0x3B, 0x0A, 0x20, 0x20, 0x20, 0x20, 0x66, 0x6C, 0x6F, 0x61,
    0x74, 0x34, 0x20, 0x76, 0x65, 0x6C, 0x6F, 0x63, 0x69, 0x74, 0x79, 0x3B, 0x0A, 0x20, 0x20, 0x20, 0x20, 0x66, 0x6C,
    0x6F, 0x61, 0x74, 0x34, 0x20, 0x65, 0x78, 0x74, 0x72, 0x61, 0x3B, 0x0A, 0x7D, 0x3B, 0x0A, 0x0A, 0x73, 0x74, 0x72,
    0x75, 0x63, 0x74, 0x20, 0x45, 0x6D, 0x69, 0x74, 0x74, 0x65, 0x72, 0x0A, 0x7B, 0x0A, 0x20, 0x20, 0x20, 0x20, 0x66,
    0x6C, 0x6F, 0x61, 0x74, 0x34, 0x20, 0x61, 0x6E, 0x63, 0x68, 0x6F, 0x72, 0x3B, 0x0A, 0x20, 0x20, 0x20, 0x20, 0x66,
    0x6C, 0x6F, 0x61, 0x74, 0x34, 0x20, 0x6F, 0x72, 0x69, 0x67, 0x69, 0x6E, 0x3B, 0x0A, 0x20, 0x20, 0x20, 0x20, 0x66,
    0x6C, 0x6F, 0x61, 0x74, 0x34, 0x20, 0x64, 0x69, 0x72, 0x65, 0x63, 0x74, 0x69, 0x6F, 0x6E, 0x3B, 0x0A, 0x20, 0x20,
    0x20, 0x20, 0x66, 0x6C, 0x6F, 0x61, 0x74, 0x34, 0x20, 0x6D, 0x6F, 0x74, 0x69, 0x6F, 0x6E, 0x3B, 0x0A, 0x20, 0x20,
    0x20, 0x20, 0x66, 0x6C, 0x6F, 0x61, 0x74, 0x34, 0x20, 0x61, 0x63, 0x63, 0x65, 0x6C, 0x65, 0x72, 0x61, 0x74, 0x69,
    0x6F, 0x6E, 0x3B, 0x0A, 0x20, 0x20, 0x20, 0x20, 0x66, 0x6C, 0x6F, 0x61, 0x74, 0x34, 0x20, 0x73, 0x69, 0x7A, 0x65,
    0x73, 0x3B, 0x0A, 0x20, 0x20, 0x20, 0x20, 0x66, 0x6C, 0x6F, 0x61, 0x74, 0x34, 0x20, 0x63, 0x6F, 0x6C, 0x6F, 0x72,
    0x53, 0x74, 0x61, 0x72, 0x74, 0x3B, 0x0A, 0x20, 0x20, 0x20, 0x20, 0x66, 0x6C, 0x6F, 0x61, 0x74, 0x34, 0x20, 0x63,
    0x6F, 0x6C, 0x6F, 0x72, 0x45, 0x6E, 0x64, 0x3B, 0x0A, 0x20, 0x20, 0x20, 0x20, 0x75, 0x69, 0x6E, 0x74, 0x34, 0x20,
    0x72, 0x69, 0x6E, 0x67, 0x3B, 0x0A, 0x20, 0x20, 0x20, 0x20, 0x75, 0x69, 0x6E, 0x74, 0x34, 0x20, 0x6D, 0x6F, 0x72,
    0x65, 0x3B, 0x0A, 0x20, 0x20, 0x20, 0x20, 0x66, 0x6C, 0x6F, 0x61, 0x74, 0x34, 0x20, 0x69, 0x6E, 0x68, 0x65, 0x72,
    0x69, 0x74, 0x65, 0x64, 0x3B, 0x0A, 0x7D, 0x3B, 0x0A, 0x0A, 0x73, 0x74, 0x72, 0x75, 0x63, 0x74, 0x20, 0x50, 0x61,
    0x72, 0x74, 0x69, 0x63, 0x6C, 0x65, 0x5F, 0x31, 0x0A, 0x7B, 0x0A, 0x20, 0x20, 0x20, 0x20, 0x66, 0x6C, 0x6F, 0x61,
    0x74, 0x34, 0x20, 0x73, 0x74, 0x61, 0x72, 0x74, 0x3B, 0x0A, 0x20, 0x20, 0x20, 0x20, 0x66, 0x6C, 0x6F, 0x61, 0x74,
    0x34, 0x20, 0x76, 0x65, 0x6C, 0x6F, 0x63, 0x69, 0x74, 0x79, 0x3B, 0x0A, 0x20, 0x20, 0x20, 0x20, 0x66, 0x6C, 0x6F,
    0x61, 0x74, 0x34, 0x20, 0x65, 0x78, 0x74, 0x72, 0x61, 0x3B, 0x0A, 0x7D, 0x3B, 0x0A, 0x0A, 0x73, 0x74, 0x72, 0x75,
    0x63, 0x74, 0x20, 0x50, 0x6F, 0x6F, 0x6C, 0x0A, 0x7B, 0x0A, 0x20, 0x20, 0x20, 0x20, 0x50, 0x61, 0x72, 0x74, 0x69,
    0x63, 0x6C, 0x65, 0x5F, 0x31, 0x20, 0x70, 0x61, 0x72, 0x74, 0x69, 0x63, 0x6C, 0x65, 0x73, 0x5B, 0x31, 0x5D, 0x3B,
    0x0A, 0x7D, 0x3B, 0x0A, 0x0A, 0x73, 0x74, 0x72, 0x75, 0x63, 0x74, 0x20, 0x56, 0x69, 0x65, 0x77, 0x0A, 0x7B, 0x0A,
    0x20, 0x20, 0x20, 0x20, 0x66, 0x6C, 0x6F, 0x61, 0x74, 0x34, 0x78, 0x34, 0x20, 0x76, 0x69, 0x65, 0x77, 0x50, 0x72,
    0x6F, 0x6A, 0x65, 0x63, 0x74, 0x69, 0x6F, 0x6E, 0x3B, 0x0A, 0x20, 0x20, 0x20, 0x20, 0x66, 0x6C, 0x6F, 0x61, 0x74,
    0x34, 0x20, 0x72, 0x69, 0x67, 0x68, 0x74, 0x3B, 0x0A, 0x20, 0x20, 0x20, 0x20, 0x66, 0x6C, 0x6F, 0x61, 0x74, 0x34,
    0x20, 0x75, 0x70, 0x3B, 0x0A, 0x20, 0x20, 0x20, 0x20, 0x66, 0x6C, 0x6F, 0x61, 0x74, 0x34, 0x20, 0x6C, 0x65, 0x6E,
    0x73, 0x3B, 0x0A, 0x7D, 0x3B, 0x0A, 0x0A, 0x73, 0x74, 0x72, 0x75, 0x63, 0x74, 0x20, 0x52, 0x69, 0x62, 0x62, 0x6F,
    0x6E, 0x0A, 0x7B, 0x0A, 0x20, 0x20, 0x20, 0x20, 0x75, 0x69, 0x6E, 0x74, 0x34, 0x20, 0x72, 0x61, 0x6E, 0x67, 0x65,
    0x3B, 0x0A, 0x7D, 0x3B, 0x0A, 0x0A, 0x73, 0x74, 0x72, 0x75, 0x63, 0x74, 0x20, 0x4D, 0x61, 0x74, 0x65, 0x72, 0x69,
    0x61, 0x6C, 0x0A, 0x7B, 0x0A, 0x20, 0x20, 0x20, 0x20, 0x66, 0x6C, 0x6F, 0x61, 0x74, 0x34, 0x20, 0x63, 0x6F, 0x6C,
    0x6F, 0x72, 0x3B, 0x0A, 0x20, 0x20, 0x20, 0x20, 0x66, 0x6C, 0x6F, 0x61, 0x74, 0x34, 0x20, 0x63, 0x6F, 0x6C, 0x6F,
    0x72, 0x54, 0x65, 0x78, 0x74, 0x75, 0x72, 0x65, 0x3B, 0x0A, 0x20, 0x20, 0x20, 0x20, 0x66, 0x6C, 0x6F, 0x61, 0x74,
    0x34, 0x20, 0x65, 0x6D, 0x69, 0x73, 0x73, 0x69, 0x6F, 0x6E, 0x3B, 0x0A, 0x20, 0x20, 0x20, 0x20, 0x66, 0x6C, 0x6F,
    0x61, 0x74, 0x34, 0x20, 0x65, 0x6D, 0x69, 0x73, 0x73, 0x69, 0x6F, 0x6E, 0x54, 0x65, 0x78, 0x74, 0x75, 0x72, 0x65,
    0x3B, 0x0A, 0x20, 0x20, 0x20, 0x20, 0x66, 0x6C, 0x6F, 0x61, 0x74, 0x34, 0x20, 0x62, 0x61, 0x73, 0x65, 0x4D, 0x61,
    0x70, 0x3B, 0x0A, 0x20, 0x20, 0x20, 0x20, 0x66, 0x6C, 0x6F, 0x61, 0x74, 0x34, 0x20, 0x65, 0x6D, 0x69, 0x73, 0x73,
    0x69, 0x6F, 0x6E, 0x4D, 0x61, 0x70, 0x3B, 0x0A, 0x20, 0x20, 0x20, 0x20, 0x75, 0x69, 0x6E, 0x74, 0x34, 0x20, 0x66,
    0x6C, 0x61, 0x67, 0x73, 0x3B, 0x0A, 0x7D, 0x3B, 0x0A, 0x0A, 0x73, 0x74, 0x72, 0x75, 0x63, 0x74, 0x20, 0x45, 0x78,
    0x70, 0x6F, 0x73, 0x75, 0x72, 0x65, 0x0A, 0x7B, 0x0A, 0x20, 0x20, 0x20, 0x20, 0x66, 0x6C, 0x6F, 0x61, 0x74, 0x34,
    0x20, 0x76, 0x61, 0x6C, 0x75, 0x65, 0x3B, 0x0A, 0x7D, 0x3B, 0x0A, 0x0A, 0x63, 0x6F, 0x6E, 0x73, 0x74, 0x61, 0x6E,
    0x74, 0x20, 0x73, 0x70, 0x76, 0x55, 0x6E, 0x73, 0x61, 0x66, 0x65, 0x41, 0x72, 0x72, 0x61, 0x79, 0x3C, 0x75, 0x69,
    0x6E, 0x74, 0x2C, 0x20, 0x36, 0x3E, 0x20, 0x5F, 0x31, 0x34, 0x38, 0x20, 0x3D, 0x20, 0x73, 0x70, 0x76, 0x55, 0x6E,
    0x73, 0x61, 0x66, 0x65, 0x41, 0x72, 0x72, 0x61, 0x79, 0x3C, 0x75, 0x69, 0x6E, 0x74, 0x2C, 0x20, 0x36, 0x3E, 0x28,
    0x7B, 0x20, 0x30, 0x75, 0x2C, 0x20, 0x31, 0x75, 0x2C, 0x20, 0x32, 0x75, 0x2C, 0x20, 0x32, 0x75, 0x2C, 0x20, 0x31,
    0x75, 0x2C, 0x20, 0x33, 0x75, 0x20, 0x7D, 0x29, 0x3B, 0x0A, 0x63, 0x6F, 0x6E, 0x73, 0x74, 0x61, 0x6E, 0x74, 0x20,
    0x73, 0x70, 0x76, 0x55, 0x6E, 0x73, 0x61, 0x66, 0x65, 0x41, 0x72, 0x72, 0x61, 0x79, 0x3C, 0x75, 0x69, 0x6E, 0x74,
    0x2C, 0x20, 0x36, 0x3E, 0x20, 0x5F, 0x31, 0x37, 0x30, 0x20, 0x3D, 0x20, 0x73, 0x70, 0x76, 0x55, 0x6E, 0x73, 0x61,
    0x66, 0x65, 0x41, 0x72, 0x72, 0x61, 0x79, 0x3C, 0x75, 0x69, 0x6E, 0x74, 0x2C, 0x20, 0x36, 0x3E, 0x28, 0x7B, 0x20,
    0x30, 0x75, 0x2C, 0x20, 0x31, 0x75, 0x2C, 0x20, 0x32, 0x75, 0x2C, 0x20, 0x32, 0x75, 0x2C, 0x20, 0x31, 0x75, 0x2C,
    0x20, 0x33, 0x75, 0x20, 0x7D, 0x29, 0x3B, 0x0A, 0x0A, 0x73, 0x74, 0x72, 0x75, 0x63, 0x74, 0x20, 0x72, 0x69, 0x62,
    0x62, 0x6F, 0x6E, 0x5F, 0x6F, 0x75, 0x74, 0x0A, 0x7B, 0x0A, 0x20, 0x20, 0x20, 0x20, 0x66, 0x6C, 0x6F, 0x61, 0x74,
    0x32, 0x20, 0x6F, 0x75, 0x74, 0x55, 0x76, 0x20, 0x5B, 0x5B, 0x75, 0x73, 0x65, 0x72, 0x28, 0x6C, 0x6F, 0x63, 0x6E,
    0x30, 0x29, 0x5D, 0x5D, 0x3B, 0x0A, 0x20, 0x20, 0x20, 0x20, 0x66, 0x6C, 0x6F, 0x61, 0x74, 0x34, 0x20, 0x6F, 0x75,
    0x74, 0x43, 0x6F, 0x6C, 0x6F, 0x72, 0x20, 0x5B, 0x5B, 0x75, 0x73, 0x65, 0x72, 0x28, 0x6C, 0x6F, 0x63, 0x6E, 0x31,
    0x29, 0x5D, 0x5D, 0x3B, 0x0A, 0x20, 0x20, 0x20, 0x20, 0x66, 0x6C, 0x6F, 0x61, 0x74, 0x20, 0x6F, 0x75, 0x74, 0x53,
    0x6F, 0x66, 0x74, 0x20, 0x5B, 0x5B, 0x75, 0x73, 0x65, 0x72, 0x28, 0x6C, 0x6F, 0x63, 0x6E, 0x32, 0x29, 0x5D, 0x5D,
    0x3B, 0x0A, 0x20, 0x20, 0x20, 0x20, 0x66, 0x6C, 0x6F, 0x61, 0x74, 0x32, 0x20, 0x6F, 0x75, 0x74, 0x53, 0x68, 0x61,
    0x70, 0x65, 0x20, 0x5B, 0x5B, 0x75, 0x73, 0x65, 0x72, 0x28, 0x6C, 0x6F, 0x63, 0x6E, 0x33, 0x29, 0x5D, 0x5D, 0x3B,
    0x0A, 0x20, 0x20, 0x20, 0x20, 0x66, 0x6C, 0x6F, 0x61, 0x74, 0x34, 0x20, 0x67, 0x6C, 0x5F, 0x50, 0x6F, 0x73, 0x69,
    0x74, 0x69, 0x6F, 0x6E, 0x20, 0x5B, 0x5B, 0x70, 0x6F, 0x73, 0x69, 0x74, 0x69, 0x6F, 0x6E, 0x5D, 0x5D, 0x3B, 0x0A,
    0x7D, 0x3B, 0x0A, 0x0A, 0x76, 0x65, 0x72, 0x74, 0x65, 0x78, 0x20, 0x72, 0x69, 0x62, 0x62, 0x6F, 0x6E, 0x5F, 0x6F,
    0x75, 0x74, 0x20, 0x72, 0x69, 0x62, 0x62, 0x6F, 0x6E, 0x28, 0x63, 0x6F, 0x6E, 0x73, 0x74, 0x61, 0x6E, 0x74, 0x20,
    0x56, 0x69, 0x65, 0x77, 0x26, 0x20, 0x76, 0x69, 0x65, 0x77, 0x20, 0x5B, 0x5B, 0x62, 0x75, 0x66, 0x66, 0x65, 0x72,
    0x28, 0x31, 0x29, 0x5D, 0x5D, 0x2C, 0x20, 0x63, 0x6F, 0x6E, 0x73, 0x74, 0x61, 0x6E, 0x74, 0x20, 0x52, 0x69, 0x62,
    0x62, 0x6F, 0x6E, 0x26, 0x20, 0x64, 0x72, 0x61, 0x77, 0x6E, 0x52, 0x69, 0x62, 0x62, 0x6F, 0x6E, 0x20, 0x5B, 0x5B,
    0x62, 0x75, 0x66, 0x66, 0x65, 0x72, 0x28, 0x32, 0x29, 0x5D, 0x5D, 0x2C, 0x20, 0x63, 0x6F, 0x6E, 0x73, 0x74, 0x20,
    0x64, 0x65, 0x76, 0x69, 0x63, 0x65, 0x20, 0x50, 0x6F, 0x6F, 0x6C, 0x26, 0x20, 0x72, 0x69, 0x62, 0x62, 0x6F, 0x6E,
    0x50, 0x6F, 0x69, 0x6E, 0x74, 0x73, 0x20, 0x5B, 0x5B, 0x62, 0x75, 0x66, 0x66, 0x65, 0x72, 0x28, 0x33, 0x29, 0x5D,
    0x5D, 0x2C, 0x20, 0x75, 0x69, 0x6E, 0x74, 0x20, 0x67, 0x6C, 0x5F, 0x56, 0x65, 0x72, 0x74, 0x65, 0x78, 0x49, 0x6E,
    0x64, 0x65, 0x78, 0x20, 0x5B, 0x5B, 0x76, 0x65, 0x72, 0x74, 0x65, 0x78, 0x5F, 0x69, 0x64, 0x5D, 0x5D, 0x29, 0x0A,
    0x7B, 0x0A, 0x20, 0x20, 0x20, 0x20, 0x72, 0x69, 0x62, 0x62, 0x6F, 0x6E, 0x5F, 0x6F, 0x75, 0x74, 0x20, 0x6F, 0x75,
    0x74, 0x20, 0x3D, 0x20, 0x7B, 0x7D, 0x3B, 0x0A, 0x20, 0x20, 0x20, 0x20, 0x75, 0x69, 0x6E, 0x74, 0x20, 0x6B, 0x43,
    0x6F, 0x72, 0x6E, 0x65, 0x72, 0x20, 0x3D, 0x20, 0x5F, 0x31, 0x37, 0x30, 0x5B, 0x69, 0x6E, 0x74, 0x28, 0x67, 0x6C,
    0x5F, 0x56, 0x65, 0x72, 0x74, 0x65, 0x78, 0x49, 0x6E, 0x64, 0x65, 0x78, 0x29, 0x20, 0x25, 0x20, 0x36, 0x5D, 0x3B,
    0x0A, 0x20, 0x20, 0x20, 0x20, 0x75, 0x69, 0x6E, 0x74, 0x20, 0x6B, 0x46, 0x69, 0x72, 0x73, 0x74, 0x20, 0x3D, 0x20,
    0x64, 0x72, 0x61, 0x77, 0x6E, 0x52, 0x69, 0x62, 0x62, 0x6F, 0x6E, 0x2E, 0x72, 0x61, 0x6E, 0x67, 0x65, 0x2E, 0x78,
    0x3B, 0x0A, 0x20, 0x20, 0x20, 0x20, 0x75, 0x69, 0x6E, 0x74, 0x20, 0x6B, 0x4C, 0x61, 0x73, 0x74, 0x20, 0x3D, 0x20,
    0x28, 0x64, 0x72, 0x61, 0x77, 0x6E, 0x52, 0x69, 0x62, 0x62, 0x6F, 0x6E, 0x2E, 0x72, 0x61, 0x6E, 0x67, 0x65, 0x2E,
    0x78, 0x20, 0x2B, 0x20, 0x64, 0x72, 0x61, 0x77, 0x6E, 0x52, 0x69, 0x62, 0x62, 0x6F, 0x6E, 0x2E, 0x72, 0x61, 0x6E,
    0x67, 0x65, 0x2E, 0x79, 0x29, 0x20, 0x2D, 0x20, 0x31, 0x75, 0x3B, 0x0A, 0x20, 0x20, 0x20, 0x20, 0x75, 0x69, 0x6E,
    0x74, 0x20, 0x6B, 0x41, 0x74, 0x20, 0x3D, 0x20, 0x28, 0x6B, 0x46, 0x69, 0x72, 0x73, 0x74, 0x20, 0x2B, 0x20, 0x28,
    0x75, 0x69, 0x6E, 0x74, 0x28, 0x69, 0x6E, 0x74, 0x28, 0x67, 0x6C, 0x5F, 0x56, 0x65, 0x72, 0x74, 0x65, 0x78, 0x49,
    0x6E, 0x64, 0x65, 0x78, 0x29, 0x29, 0x20, 0x2F, 0x20, 0x36, 0x75, 0x29, 0x29, 0x20, 0x2B, 0x20, 0x28, 0x6B, 0x43,
    0x6F, 0x72, 0x6E, 0x65, 0x72, 0x20, 0x3E, 0x3E, 0x20, 0x31, 0x75, 0x29, 0x3B, 0x0A, 0x20, 0x20, 0x20, 0x20, 0x50,
    0x61, 0x72, 0x74, 0x69, 0x63, 0x6C, 0x65, 0x20, 0x5F, 0x35, 0x33, 0x31, 0x3B, 0x0A, 0x20, 0x20, 0x20, 0x20, 0x5F,
    0x35, 0x33, 0x31, 0x2E, 0x73, 0x74, 0x61, 0x72, 0x74, 0x20, 0x3D, 0x20, 0x72, 0x69, 0x62, 0x62, 0x6F, 0x6E, 0x50,
    0x6F, 0x69, 0x6E, 0x74, 0x73, 0x2E, 0x70, 0x61, 0x72, 0x74, 0x69, 0x63, 0x6C, 0x65, 0x73, 0x5B, 0x6B, 0x41, 0x74,
    0x5D, 0x2E, 0x73, 0x74, 0x61, 0x72, 0x74, 0x3B, 0x0A, 0x20, 0x20, 0x20, 0x20, 0x5F, 0x35, 0x33, 0x31, 0x2E, 0x76,
    0x65, 0x6C, 0x6F, 0x63, 0x69, 0x74, 0x79, 0x20, 0x3D, 0x20, 0x72, 0x69, 0x62, 0x62, 0x6F, 0x6E, 0x50, 0x6F, 0x69,
    0x6E, 0x74, 0x73, 0x2E, 0x70, 0x61, 0x72, 0x74, 0x69, 0x63, 0x6C, 0x65, 0x73, 0x5B, 0x6B, 0x41, 0x74, 0x5D, 0x2E,
    0x76, 0x65, 0x6C, 0x6F, 0x63, 0x69, 0x74, 0x79, 0x3B, 0x0A, 0x20, 0x20, 0x20, 0x20, 0x5F, 0x35, 0x33, 0x31, 0x2E,
    0x65, 0x78, 0x74, 0x72, 0x61, 0x20, 0x3D, 0x20, 0x72, 0x69, 0x62, 0x62, 0x6F, 0x6E, 0x50, 0x6F, 0x69, 0x6E, 0x74,
    0x73, 0x2E, 0x70, 0x61, 0x72, 0x74, 0x69, 0x63, 0x6C, 0x65, 0x73, 0x5B, 0x6B, 0x41, 0x74, 0x5D, 0x2E, 0x65, 0x78,
    0x74, 0x72, 0x61, 0x3B, 0x0A, 0x20, 0x20, 0x20, 0x20, 0x50, 0x61, 0x72, 0x74, 0x69, 0x63, 0x6C, 0x65, 0x20, 0x6B,
    0x50, 0x6F, 0x69, 0x6E, 0x74, 0x20, 0x3D, 0x20, 0x5F, 0x35, 0x33, 0x31, 0x3B, 0x0A, 0x20, 0x20, 0x20, 0x20, 0x66,
    0x6C, 0x6F, 0x61, 0x74, 0x33, 0x20, 0x6B, 0x52, 0x75, 0x6E, 0x73, 0x20, 0x3D, 0x20, 0x72, 0x69, 0x62, 0x62, 0x6F,
    0x6E, 0x50, 0x6F, 0x69, 0x6E, 0x74, 0x73, 0x2E, 0x70, 0x61, 0x72, 0x74, 0x69, 0x63, 0x6C, 0x65, 0x73, 0x5B, 0x6D,
    0x69, 0x6E, 0x28, 0x28, 0x6B, 0x41, 0x74, 0x20, 0x2B, 0x20, 0x31, 0x75, 0x29, 0x2C, 0x20, 0x6B, 0x4C, 0x61, 0x73,
    0x74, 0x29, 0x5D, 0x2E, 0x73, 0x74, 0x61, 0x72, 0x74, 0x2E, 0x78, 0x79, 0x7A, 0x20, 0x2D, 0x20, 0x72, 0x69, 0x62,
    0x62, 0x6F, 0x6E, 0x50, 0x6F, 0x69, 0x6E, 0x74, 0x73, 0x2E, 0x70, 0x61, 0x72, 0x74, 0x69, 0x63, 0x6C, 0x65, 0x73,
    0x5B, 0x6D, 0x61, 0x78, 0x28, 0x6B, 0x41, 0x74, 0x2C, 0x20, 0x28, 0x6B, 0x46, 0x69, 0x72, 0x73, 0x74, 0x20, 0x2B,
    0x20, 0x31, 0x75, 0x29, 0x29, 0x20, 0x2D, 0x20, 0x31, 0x75, 0x5D, 0x2E, 0x73, 0x74, 0x61, 0x72, 0x74, 0x2E, 0x78,
    0x79, 0x7A, 0x3B, 0x0A, 0x20, 0x20, 0x20, 0x20, 0x66, 0x6C, 0x6F, 0x61, 0x74, 0x33, 0x20, 0x5F, 0x35, 0x30, 0x36,
    0x3B, 0x0A, 0x20, 0x20, 0x20, 0x20, 0x69, 0x66, 0x20, 0x28, 0x76, 0x69, 0x65, 0x77, 0x2E, 0x6C, 0x65, 0x6E, 0x73,
    0x2E, 0x79, 0x20, 0x3E, 0x20, 0x30, 0x2E, 0x35, 0x29, 0x0A, 0x20, 0x20, 0x20, 0x20, 0x7B, 0x0A, 0x20, 0x20, 0x20,
    0x20, 0x20, 0x20, 0x20, 0x20, 0x5F, 0x35, 0x30, 0x36, 0x20, 0x3D, 0x20, 0x63, 0x72, 0x6F, 0x73, 0x73, 0x28, 0x76,
    0x69, 0x65, 0x77, 0x2E, 0x72, 0x69, 0x67, 0x68, 0x74, 0x2E, 0x78, 0x79, 0x7A, 0x2C, 0x20, 0x76, 0x69, 0x65, 0x77,
    0x2E, 0x75, 0x70, 0x2E, 0x78, 0x79, 0x7A, 0x29, 0x3B, 0x0A, 0x20, 0x20, 0x20, 0x20, 0x7D, 0x0A, 0x20, 0x20, 0x20,
    0x20, 0x65, 0x6C, 0x73, 0x65, 0x0A, 0x20, 0x20, 0x20, 0x20, 0x7B, 0x0A, 0x20, 0x20, 0x20, 0x20, 0x20, 0x20, 0x20,
    0x20, 0x5F, 0x35, 0x30, 0x36, 0x20, 0x3D, 0x20, 0x2D, 0x6B, 0x50, 0x6F, 0x69, 0x6E, 0x74, 0x2E, 0x73, 0x74, 0x61,
    0x72, 0x74, 0x2E, 0x78, 0x79, 0x7A, 0x3B, 0x0A, 0x20, 0x20, 0x20, 0x20, 0x7D, 0x0A, 0x20, 0x20, 0x20, 0x20, 0x66,
    0x6C, 0x6F, 0x61, 0x74, 0x33, 0x20, 0x6B, 0x54, 0x6F, 0x45, 0x79, 0x65, 0x20, 0x3D, 0x20, 0x5F, 0x35, 0x30, 0x36,
    0x3B, 0x0A, 0x20, 0x20, 0x20, 0x20, 0x66, 0x6C, 0x6F, 0x61, 0x74, 0x33, 0x20, 0x61, 0x63, 0x72, 0x6F, 0x73, 0x73,
    0x20, 0x3D, 0x20, 0x63, 0x72, 0x6F, 0x73, 0x73, 0x28, 0x6B, 0x52, 0x75, 0x6E, 0x73, 0x2C, 0x20, 0x6B, 0x54, 0x6F,
    0x45, 0x79, 0x65, 0x29, 0x3B, 0x0A, 0x20, 0x20, 0x20, 0x20, 0x66, 0x6C, 0x6F, 0x61, 0x74, 0x33, 0x20, 0x5F, 0x35,
    0x30, 0x37, 0x3B, 0x0A, 0x20, 0x20, 0x20, 0x20, 0x69, 0x66, 0x20, 0x28, 0x64, 0x6F, 0x74, 0x28, 0x61, 0x63, 0x72,
    0x6F, 0x73, 0x73, 0x2C, 0x20, 0x61, 0x63, 0x72, 0x6F, 0x73, 0x73, 0x29, 0x20, 0x3E, 0x20, 0x39, 0x2E, 0x39, 0x39,
    0x39, 0x39, 0x39, 0x39, 0x39, 0x36, 0x30, 0x30, 0x34, 0x31, 0x39, 0x37, 0x32, 0x30, 0x30, 0x32, 0x35, 0x30, 0x30,
    0x31, 0x38, 0x37, 0x39, 0x35, 0x34, 0x38, 0x36, 0x35, 0x34, 0x65, 0x2D, 0x31, 0x33, 0x29, 0x0A, 0x20, 0x20, 0x20,
    0x20, 0x7B, 0x0A, 0x20, 0x20, 0x20, 0x20, 0x20, 0x20, 0x20, 0x20, 0x5F, 0x35, 0x30, 0x37, 0x20, 0x3D, 0x20, 0x66,
    0x61, 0x73, 0x74, 0x3A, 0x3A, 0x6E, 0x6F, 0x72, 0x6D, 0x61, 0x6C, 0x69, 0x7A, 0x65, 0x28, 0x61, 0x63, 0x72, 0x6F,
    0x73, 0x73, 0x29, 0x3B, 0x0A, 0x20, 0x20, 0x20, 0x20, 0x7D, 0x0A, 0x20, 0x20, 0x20, 0x20, 0x65, 0x6C, 0x73, 0x65,
    0x0A, 0x20, 0x20, 0x20, 0x20, 0x7B, 0x0A, 0x20, 0x20, 0x20, 0x20, 0x20, 0x20, 0x20, 0x20, 0x5F, 0x35, 0x30, 0x37,
    0x20, 0x3D, 0x20, 0x76, 0x69, 0x65, 0x77, 0x2E, 0x72, 0x69, 0x67, 0x68, 0x74, 0x2E, 0x78, 0x79, 0x7A, 0x3B, 0x0A,
    0x20, 0x20, 0x20, 0x20, 0x7D, 0x0A, 0x20, 0x20, 0x20, 0x20, 0x61, 0x63, 0x72, 0x6F, 0x73, 0x73, 0x20, 0x3D, 0x20,
    0x5F, 0x35, 0x30, 0x37, 0x3B, 0x0A, 0x20, 0x20, 0x20, 0x20, 0x66, 0x6C, 0x6F, 0x61, 0x74, 0x20, 0x6B, 0x53, 0x69,
    0x64, 0x65, 0x20, 0x3D, 0x20, 0x66, 0x6C, 0x6F, 0x61, 0x74, 0x28, 0x6B, 0x43, 0x6F, 0x72, 0x6E, 0x65, 0x72, 0x20,
    0x26, 0x20, 0x31, 0x75, 0x29, 0x20, 0x2D, 0x20, 0x30, 0x2E, 0x35, 0x3B, 0x0A, 0x20, 0x20, 0x20, 0x20, 0x6F, 0x75,
    0x74, 0x2E, 0x6F, 0x75, 0x74, 0x55, 0x76, 0x20, 0x3D, 0x20, 0x66, 0x6C, 0x6F, 0x61, 0x74, 0x32, 0x28, 0x6B, 0x50,
    0x6F, 0x69, 0x6E, 0x74, 0x2E, 0x65, 0x78, 0x74, 0x72, 0x61, 0x2E, 0x78, 0x2C, 0x20, 0x66, 0x6C, 0x6F, 0x61, 0x74,
    0x28, 0x6B, 0x43, 0x6F, 0x72, 0x6E, 0x65, 0x72, 0x20, 0x26, 0x20, 0x31, 0x75, 0x29, 0x29, 0x3B, 0x0A, 0x20, 0x20,
    0x20, 0x20, 0x6F, 0x75, 0x74, 0x2E, 0x6F, 0x75, 0x74, 0x43, 0x6F, 0x6C, 0x6F, 0x72, 0x20, 0x3D, 0x20, 0x6B, 0x50,
    0x6F, 0x69, 0x6E, 0x74, 0x2E, 0x76, 0x65, 0x6C, 0x6F, 0x63, 0x69, 0x74, 0x79, 0x3B, 0x0A, 0x20, 0x20, 0x20, 0x20,
    0x6F, 0x75, 0x74, 0x2E, 0x6F, 0x75, 0x74, 0x53, 0x6F, 0x66, 0x74, 0x20, 0x3D, 0x20, 0x66, 0x61, 0x73, 0x74, 0x3A,
    0x3A, 0x6D, 0x61, 0x78, 0x28, 0x30, 0x2E, 0x35, 0x20, 0x2A, 0x20, 0x6B, 0x50, 0x6F, 0x69, 0x6E, 0x74, 0x2E, 0x73,
    0x74, 0x61, 0x72, 0x74, 0x2E, 0x77, 0x2C, 0x20, 0x39, 0x2E, 0x39, 0x39, 0x39, 0x39, 0x39, 0x39, 0x37, 0x34, 0x37,
    0x33, 0x37, 0x38, 0x37, 0x35, 0x31, 0x36, 0x33, 0x35, 0x35, 0x35, 0x31, 0x34, 0x35, 0x32, 0x36, 0x33, 0x36, 0x37,
    0x31, 0x38, 0x38, 0x65, 0x2D, 0x30, 0x35, 0x29, 0x3B, 0x0A, 0x20, 0x20, 0x20, 0x20, 0x6F, 0x75, 0x74, 0x2E, 0x6F,
    0x75, 0x74, 0x53, 0x68, 0x61, 0x70, 0x65, 0x20, 0x3D, 0x20, 0x66, 0x6C, 0x6F, 0x61, 0x74, 0x32, 0x28, 0x30, 0x2E,
    0x30, 0x2C, 0x20, 0x6B, 0x53, 0x69, 0x64, 0x65, 0x20, 0x2A, 0x20, 0x32, 0x2E, 0x30, 0x29, 0x3B, 0x0A, 0x20, 0x20,
    0x20, 0x20, 0x6F, 0x75, 0x74, 0x2E, 0x67, 0x6C, 0x5F, 0x50, 0x6F, 0x73, 0x69, 0x74, 0x69, 0x6F, 0x6E, 0x20, 0x3D,
    0x20, 0x76, 0x69, 0x65, 0x77, 0x2E, 0x76, 0x69, 0x65, 0x77, 0x50, 0x72, 0x6F, 0x6A, 0x65, 0x63, 0x74, 0x69, 0x6F,
    0x6E, 0x20, 0x2A, 0x20, 0x66, 0x6C, 0x6F, 0x61, 0x74, 0x34, 0x28, 0x6B, 0x50, 0x6F, 0x69, 0x6E, 0x74, 0x2E, 0x73,
    0x74, 0x61, 0x72, 0x74, 0x2E, 0x78, 0x79, 0x7A, 0x20, 0x2B, 0x20, 0x28, 0x61, 0x63, 0x72, 0x6F, 0x73, 0x73, 0x20,
    0x2A, 0x20, 0x28, 0x6B, 0x53, 0x69, 0x64, 0x65, 0x20, 0x2A, 0x20, 0x6B, 0x50, 0x6F, 0x69, 0x6E, 0x74, 0x2E, 0x73,
    0x74, 0x61, 0x72, 0x74, 0x2E, 0x77, 0x29, 0x29, 0x2C, 0x20, 0x31, 0x2E, 0x30, 0x29, 0x3B, 0x0A, 0x20, 0x20, 0x20,
    0x20, 0x72, 0x65, 0x74, 0x75, 0x72, 0x6E, 0x20, 0x6F, 0x75, 0x74, 0x3B, 0x0A, 0x7D, 0x0A, 0x0A, 0x23, 0x70, 0x72,
    0x61, 0x67, 0x6D, 0x61, 0x20, 0x63, 0x6C, 0x61, 0x6E, 0x67, 0x20, 0x64, 0x69, 0x61, 0x67, 0x6E, 0x6F, 0x73, 0x74,
    0x69, 0x63, 0x20, 0x69, 0x67, 0x6E, 0x6F, 0x72, 0x65, 0x64, 0x20, 0x22, 0x2D, 0x57, 0x6D, 0x69, 0x73, 0x73, 0x69,
    0x6E, 0x67, 0x2D, 0x70, 0x72, 0x6F, 0x74, 0x6F, 0x74, 0x79, 0x70, 0x65, 0x73, 0x22, 0x0A, 0x23, 0x70, 0x72, 0x61,
    0x67, 0x6D, 0x61, 0x20, 0x63, 0x6C, 0x61, 0x6E, 0x67, 0x20, 0x64, 0x69, 0x61, 0x67, 0x6E, 0x6F, 0x73, 0x74, 0x69,
    0x63, 0x20, 0x69, 0x67, 0x6E, 0x6F, 0x72, 0x65, 0x64, 0x20, 0x22, 0x2D, 0x57, 0x6D, 0x69, 0x73, 0x73, 0x69, 0x6E,
    0x67, 0x2D, 0x62, 0x72, 0x61, 0x63, 0x65, 0x73, 0x22, 0x0A, 0x0A, 0x23, 0x69, 0x6E, 0x63, 0x6C, 0x75, 0x64, 0x65,
    0x20, 0x3C, 0x6D, 0x65, 0x74, 0x61, 0x6C, 0x5F, 0x73, 0x74, 0x64, 0x6C, 0x69, 0x62, 0x3E, 0x0A, 0x23, 0x69, 0x6E,
    0x63, 0x6C, 0x75, 0x64, 0x65, 0x20, 0x3C, 0x73, 0x69, 0x6D, 0x64, 0x2F, 0x73, 0x69, 0x6D, 0x64, 0x2E, 0x68, 0x3E,
    0x0A, 0x0A, 0x75, 0x73, 0x69, 0x6E, 0x67, 0x20, 0x6E, 0x61, 0x6D, 0x65, 0x73, 0x70, 0x61, 0x63, 0x65, 0x20, 0x6D,
    0x65, 0x74, 0x61, 0x6C, 0x3B, 0x0A, 0x0A, 0x74, 0x65, 0x6D, 0x70, 0x6C, 0x61, 0x74, 0x65, 0x3C, 0x74, 0x79, 0x70,
    0x65, 0x6E, 0x61, 0x6D, 0x65, 0x20, 0x54, 0x2C, 0x20, 0x73, 0x69, 0x7A, 0x65, 0x5F, 0x74, 0x20, 0x4E, 0x75, 0x6D,
    0x3E, 0x0A, 0x73, 0x74, 0x72, 0x75, 0x63, 0x74, 0x20, 0x73, 0x70, 0x76, 0x55, 0x6E, 0x73, 0x61, 0x66, 0x65, 0x41,
    0x72, 0x72, 0x61, 0x79, 0x0A, 0x7B, 0x0A, 0x20, 0x20, 0x20, 0x20, 0x54, 0x20, 0x65, 0x6C, 0x65, 0x6D, 0x65, 0x6E,
    0x74, 0x73, 0x5B, 0x4E, 0x75, 0x6D, 0x20, 0x3F, 0x20, 0x4E, 0x75, 0x6D, 0x20, 0x3A, 0x20, 0x31, 0x5D, 0x3B, 0x0A,
    0x20, 0x20, 0x20, 0x20, 0x0A, 0x20, 0x20, 0x20, 0x20, 0x74, 0x68, 0x72, 0x65, 0x61, 0x64, 0x20, 0x54, 0x26, 0x20,
    0x6F, 0x70, 0x65, 0x72, 0x61, 0x74, 0x6F, 0x72, 0x20, 0x5B, 0x5D, 0x20, 0x28, 0x73, 0x69, 0x7A, 0x65, 0x5F, 0x74,
    0x20, 0x70, 0x6F, 0x73, 0x29, 0x20, 0x74, 0x68, 0x72, 0x65, 0x61, 0x64, 0x0A, 0x20, 0x20, 0x20, 0x20, 0x7B, 0x0A,
    0x20, 0x20, 0x20, 0x20, 0x20, 0x20, 0x20, 0x20, 0x72, 0x65, 0x74, 0x75, 0x72, 0x6E, 0x20, 0x65, 0x6C, 0x65, 0x6D,
    0x65, 0x6E, 0x74, 0x73, 0x5B, 0x70, 0x6F, 0x73, 0x5D, 0x3B, 0x0A, 0x20, 0x20, 0x20, 0x20, 0x7D, 0x0A, 0x20, 0x20,
    0x20, 0x20, 0x63, 0x6F, 0x6E, 0x73, 0x74, 0x65, 0x78, 0x70, 0x72, 0x20, 0x63, 0x6F, 0x6E, 0x73, 0x74, 0x20, 0x74,
    0x68, 0x72, 0x65, 0x61, 0x64, 0x20, 0x54, 0x26, 0x20, 0x6F, 0x70, 0x65, 0x72, 0x61, 0x74, 0x6F, 0x72, 0x20, 0x5B,
    0x5D, 0x20, 0x28, 0x73, 0x69, 0x7A, 0x65, 0x5F, 0x74, 0x20, 0x70, 0x6F, 0x73, 0x29, 0x20, 0x63, 0x6F, 0x6E, 0x73,
    0x74, 0x20, 0x74, 0x68, 0x72, 0x65, 0x61, 0x64, 0x0A, 0x20, 0x20, 0x20, 0x20, 0x7B, 0x0A, 0x20, 0x20, 0x20, 0x20,
    0x20, 0x20, 0x20, 0x20, 0x72, 0x65, 0x74, 0x75, 0x72, 0x6E, 0x20, 0x65, 0x6C, 0x65, 0x6D, 0x65, 0x6E, 0x74, 0x73,
    0x5B, 0x70, 0x6F, 0x73, 0x5D, 0x3B, 0x0A, 0x20, 0x20, 0x20, 0x20, 0x7D, 0x0A, 0x20, 0x20, 0x20, 0x20, 0x0A, 0x20,
    0x20, 0x20, 0x20, 0x64, 0x65, 0x76, 0x69, 0x63, 0x65, 0x20, 0x54, 0x26, 0x20, 0x6F, 0x70, 0x65, 0x72, 0x61, 0x74,
    0x6F, 0x72, 0x20, 0x5B, 0x5D, 0x20, 0x28, 0x73, 0x69, 0x7A, 0x65, 0x5F, 0x74, 0x20, 0x70, 0x6F, 0x73, 0x29, 0x20,
    0x64, 0x65, 0x76, 0x69, 0x63, 0x65, 0x0A, 0x20, 0x20, 0x20, 0x20, 0x7B, 0x0A, 0x20, 0x20, 0x20, 0x20, 0x20, 0x20,
    0x20, 0x20, 0x72, 0x65, 0x74, 0x75, 0x72, 0x6E, 0x20, 0x65, 0x6C, 0x65, 0x6D, 0x65, 0x6E, 0x74, 0x73, 0x5B, 0x70,
    0x6F, 0x73, 0x5D, 0x3B, 0x0A, 0x20, 0x20, 0x20, 0x20, 0x7D, 0x0A, 0x20, 0x20, 0x20, 0x20, 0x63, 0x6F, 0x6E, 0x73,
    0x74, 0x65, 0x78, 0x70, 0x72, 0x20, 0x63, 0x6F, 0x6E, 0x73, 0x74, 0x20, 0x64, 0x65, 0x76, 0x69, 0x63, 0x65, 0x20,
    0x54, 0x26, 0x20, 0x6F, 0x70, 0x65, 0x72, 0x61, 0x74, 0x6F, 0x72, 0x20, 0x5B, 0x5D, 0x20, 0x28, 0x73, 0x69, 0x7A,
    0x65, 0x5F, 0x74, 0x20, 0x70, 0x6F, 0x73, 0x29, 0x20, 0x63, 0x6F, 0x6E, 0x73, 0x74, 0x20, 0x64, 0x65, 0x76, 0x69,
    0x63, 0x65, 0x0A, 0x20, 0x20, 0x20, 0x20, 0x7B, 0x0A, 0x20, 0x20, 0x20, 0x20, 0x20, 0x20, 0x20, 0x20, 0x72, 0x65,
    0x74, 0x75, 0x72, 0x6E, 0x20, 0x65, 0x6C, 0x65, 0x6D, 0x65, 0x6E, 0x74, 0x73, 0x5B, 0x70, 0x6F, 0x73, 0x5D, 0x3B,
    0x0A, 0x20, 0x20, 0x20, 0x20, 0x7D, 0x0A, 0x20, 0x20, 0x20, 0x20, 0x0A, 0x20, 0x20, 0x20, 0x20, 0x63, 0x6F, 0x6E,
    0x73, 0x74, 0x65, 0x78, 0x70, 0x72, 0x20, 0x63, 0x6F, 0x6E, 0x73, 0x74, 0x20, 0x63, 0x6F, 0x6E, 0x73, 0x74, 0x61,
    0x6E, 0x74, 0x20, 0x54, 0x26, 0x20, 0x6F, 0x70, 0x65, 0x72, 0x61, 0x74, 0x6F, 0x72, 0x20, 0x5B, 0x5D, 0x20, 0x28,
    0x73, 0x69, 0x7A, 0x65, 0x5F, 0x74, 0x20, 0x70, 0x6F, 0x73, 0x29, 0x20, 0x63, 0x6F, 0x6E, 0x73, 0x74, 0x20, 0x63,
    0x6F, 0x6E, 0x73, 0x74, 0x61, 0x6E, 0x74, 0x0A, 0x20, 0x20, 0x20, 0x20, 0x7B, 0x0A, 0x20, 0x20, 0x20, 0x20, 0x20,
    0x20, 0x20, 0x20, 0x72, 0x65, 0x74, 0x75, 0x72, 0x6E, 0x20, 0x65, 0x6C, 0x65, 0x6D, 0x65, 0x6E, 0x74, 0x73, 0x5B,
    0x70, 0x6F, 0x73, 0x5D, 0x3B, 0x0A, 0x20, 0x20, 0x20, 0x20, 0x7D, 0x0A, 0x20, 0x20, 0x20, 0x20, 0x0A, 0x20, 0x20,
    0x20, 0x20, 0x74, 0x68, 0x72, 0x65, 0x61, 0x64, 0x67, 0x72, 0x6F, 0x75, 0x70, 0x20, 0x54, 0x26, 0x20, 0x6F, 0x70,
    0x65, 0x72, 0x61, 0x74, 0x6F, 0x72, 0x20, 0x5B, 0x5D, 0x20, 0x28, 0x73, 0x69, 0x7A, 0x65, 0x5F, 0x74, 0x20, 0x70,
    0x6F, 0x73, 0x29, 0x20, 0x74, 0x68, 0x72, 0x65, 0x61, 0x64, 0x67, 0x72, 0x6F, 0x75, 0x70, 0x0A, 0x20, 0x20, 0x20,
    0x20, 0x7B, 0x0A, 0x20, 0x20, 0x20, 0x20, 0x20, 0x20, 0x20, 0x20, 0x72, 0x65, 0x74, 0x75, 0x72, 0x6E, 0x20, 0x65,
    0x6C, 0x65, 0x6D, 0x65, 0x6E, 0x74, 0x73, 0x5B, 0x70, 0x6F, 0x73, 0x5D, 0x3B, 0x0A, 0x20, 0x20, 0x20, 0x20, 0x7D,
    0x0A, 0x20, 0x20, 0x20, 0x20, 0x63, 0x6F, 0x6E, 0x73, 0x74, 0x65, 0x78, 0x70, 0x72, 0x20, 0x63, 0x6F, 0x6E, 0x73,
    0x74, 0x20, 0x74, 0x68, 0x72, 0x65, 0x61, 0x64, 0x67, 0x72, 0x6F, 0x75, 0x70, 0x20, 0x54, 0x26, 0x20, 0x6F, 0x70,
    0x65, 0x72, 0x61, 0x74, 0x6F, 0x72, 0x20, 0x5B, 0x5D, 0x20, 0x28, 0x73, 0x69, 0x7A, 0x65, 0x5F, 0x74, 0x20, 0x70,
    0x6F, 0x73, 0x29, 0x20, 0x63, 0x6F, 0x6E, 0x73, 0x74, 0x20, 0x74, 0x68, 0x72, 0x65, 0x61, 0x64, 0x67, 0x72, 0x6F,
    0x75, 0x70, 0x0A, 0x20, 0x20, 0x20, 0x20, 0x7B, 0x0A, 0x20, 0x20, 0x20, 0x20, 0x20, 0x20, 0x20, 0x20, 0x72, 0x65,
    0x74, 0x75, 0x72, 0x6E, 0x20, 0x65, 0x6C, 0x65, 0x6D, 0x65, 0x6E, 0x74, 0x73, 0x5B, 0x70, 0x6F, 0x73, 0x5D, 0x3B,
    0x0A, 0x20, 0x20, 0x20, 0x20, 0x7D, 0x0A, 0x7D, 0x3B, 0x0A, 0x0A, 0x73, 0x74, 0x72, 0x75, 0x63, 0x74, 0x20, 0x50,
    0x61, 0x72, 0x74, 0x69, 0x63, 0x6C, 0x65, 0x0A, 0x7B, 0x0A, 0x20, 0x20, 0x20, 0x20, 0x66, 0x6C, 0x6F, 0x61, 0x74,
    0x34, 0x20, 0x73, 0x74, 0x61, 0x72, 0x74, 0x3B, 0x0A, 0x20, 0x20, 0x20, 0x20, 0x66, 0x6C, 0x6F, 0x61, 0x74, 0x34,
    0x20, 0x76, 0x65, 0x6C, 0x6F, 0x63, 0x69, 0x74, 0x79, 0x3B, 0x0A, 0x20, 0x20, 0x20, 0x20, 0x66, 0x6C, 0x6F, 0x61,
    0x74, 0x34, 0x20, 0x65, 0x78, 0x74, 0x72, 0x61, 0x3B, 0x0A, 0x7D, 0x3B, 0x0A, 0x0A, 0x73, 0x74, 0x72, 0x75, 0x63,
    0x74, 0x20, 0x45, 0x6D, 0x69, 0x74, 0x74, 0x65, 0x72, 0x0A, 0x7B, 0x0A, 0x20, 0x20, 0x20, 0x20, 0x66, 0x6C, 0x6F,
    0x61, 0x74, 0x34, 0x20, 0x61, 0x6E, 0x63, 0x68, 0x6F, 0x72, 0x3B, 0x0A, 0x20, 0x20, 0x20, 0x20, 0x66, 0x6C, 0x6F,
    0x61, 0x74, 0x34, 0x20, 0x6F, 0x72, 0x69, 0x67, 0x69, 0x6E, 0x3B, 0x0A, 0x20, 0x20, 0x20, 0x20, 0x66, 0x6C, 0x6F,
    0x61, 0x74, 0x34, 0x20, 0x64, 0x69, 0x72, 0x65, 0x63, 0x74, 0x69, 0x6F, 0x6E, 0x3B, 0x0A, 0x20, 0x20, 0x20, 0x20,
    0x66, 0x6C, 0x6F, 0x61, 0x74, 0x34, 0x20, 0x6D, 0x6F, 0x74, 0x69, 0x6F, 0x6E, 0x3B, 0x0A, 0x20, 0x20, 0x20, 0x20,
    0x66, 0x6C, 0x6F, 0x61, 0x74, 0x34, 0x20, 0x61, 0x63, 0x63, 0x65, 0x6C, 0x65, 0x72, 0x61, 0x74, 0x69, 0x6F, 0x6E,
    0x3B, 0x0A, 0x20, 0x20, 0x20, 0x20, 0x66, 0x6C, 0x6F, 0x61, 0x74, 0x34, 0x20, 0x73, 0x69, 0x7A, 0x65, 0x73, 0x3B,
    0x0A, 0x20, 0x20, 0x20, 0x20, 0x66, 0x6C, 0x6F, 0x61, 0x74, 0x34, 0x20, 0x63, 0x6F, 0x6C, 0x6F, 0x72, 0x53, 0x74,
    0x61, 0x72, 0x74, 0x3B, 0x0A, 0x20, 0x20, 0x20, 0x20, 0x66, 0x6C, 0x6F, 0x61, 0x74, 0x34, 0x20, 0x63, 0x6F, 0x6C,
    0x6F, 0x72, 0x45, 0x6E, 0x64, 0x3B, 0x0A, 0x20, 0x20, 0x20, 0x20, 0x75, 0x69, 0x6E, 0x74, 0x34, 0x20, 0x72, 0x69,
    0x6E, 0x67, 0x3B, 0x0A, 0x20, 0x20, 0x20, 0x20, 0x75, 0x69, 0x6E, 0x74, 0x34, 0x20, 0x6D, 0x6F, 0x72, 0x65, 0x3B,
    0x0A, 0x20, 0x20, 0x20, 0x20, 0x66, 0x6C, 0x6F, 0x61, 0x74, 0x34, 0x20, 0x69, 0x6E, 0x68, 0x65, 0x72, 0x69, 0x74,
    0x65, 0x64, 0x3B, 0x0A, 0x7D, 0x3B, 0x0A, 0x0A, 0x73, 0x74, 0x72, 0x75, 0x63, 0x74, 0x20, 0x50, 0x6F, 0x6F, 0x6C,
    0x0A, 0x7B, 0x0A, 0x20, 0x20, 0x20, 0x20, 0x50, 0x61, 0x72, 0x74, 0x69, 0x63, 0x6C, 0x65, 0x20, 0x70, 0x61, 0x72,
    0x74, 0x69, 0x63, 0x6C, 0x65, 0x73, 0x5B, 0x31, 0x5D, 0x3B, 0x0A, 0x7D, 0x3B, 0x0A, 0x0A, 0x73, 0x74, 0x72, 0x75,
    0x63, 0x74, 0x20, 0x56, 0x69, 0x65, 0x77, 0x0A, 0x7B, 0x0A, 0x20, 0x20, 0x20, 0x20, 0x66, 0x6C, 0x6F, 0x61, 0x74,
    0x34, 0x78, 0x34, 0x20, 0x76, 0x69, 0x65, 0x77, 0x50, 0x72, 0x6F, 0x6A, 0x65, 0x63, 0x74, 0x69, 0x6F, 0x6E, 0x3B,
    0x0A, 0x20, 0x20, 0x20, 0x20, 0x66, 0x6C, 0x6F, 0x61, 0x74, 0x34, 0x20, 0x72, 0x69, 0x67, 0x68, 0x74, 0x3B, 0x0A,
    0x20, 0x20, 0x20, 0x20, 0x66, 0x6C, 0x6F, 0x61, 0x74, 0x34, 0x20, 0x75, 0x70, 0x3B, 0x0A, 0x20, 0x20, 0x20, 0x20,
    0x66, 0x6C, 0x6F, 0x61, 0x74, 0x34, 0x20, 0x6C, 0x65, 0x6E, 0x73, 0x3B, 0x0A, 0x7D, 0x3B, 0x0A, 0x0A, 0x73, 0x74,
    0x72, 0x75, 0x63, 0x74, 0x20, 0x52, 0x69, 0x62, 0x62, 0x6F, 0x6E, 0x0A, 0x7B, 0x0A, 0x20, 0x20, 0x20, 0x20, 0x75,
    0x69, 0x6E, 0x74, 0x34, 0x20, 0x72, 0x61, 0x6E, 0x67, 0x65, 0x3B, 0x0A, 0x7D, 0x3B, 0x0A, 0x0A, 0x73, 0x74, 0x72,
    0x75, 0x63, 0x74, 0x20, 0x4D, 0x61, 0x74, 0x65, 0x72, 0x69, 0x61, 0x6C, 0x0A, 0x7B, 0x0A, 0x20, 0x20, 0x20, 0x20,
    0x66, 0x6C, 0x6F, 0x61, 0x74, 0x34, 0x20, 0x63, 0x6F, 0x6C, 0x6F, 0x72, 0x3B, 0x0A, 0x20, 0x20, 0x20, 0x20, 0x66,
    0x6C, 0x6F, 0x61, 0x74, 0x34, 0x20, 0x63, 0x6F, 0x6C, 0x6F, 0x72, 0x54, 0x65, 0x78, 0x74, 0x75, 0x72, 0x65, 0x3B,
    0x0A, 0x20, 0x20, 0x20, 0x20, 0x66, 0x6C, 0x6F, 0x61, 0x74, 0x34, 0x20, 0x65, 0x6D, 0x69, 0x73, 0x73, 0x69, 0x6F,
    0x6E, 0x3B, 0x0A, 0x20, 0x20, 0x20, 0x20, 0x66, 0x6C, 0x6F, 0x61, 0x74, 0x34, 0x20, 0x65, 0x6D, 0x69, 0x73, 0x73,
    0x69, 0x6F, 0x6E, 0x54, 0x65, 0x78, 0x74, 0x75, 0x72, 0x65, 0x3B, 0x0A, 0x20, 0x20, 0x20, 0x20, 0x66, 0x6C, 0x6F,
    0x61, 0x74, 0x34, 0x20, 0x62, 0x61, 0x73, 0x65, 0x4D, 0x61, 0x70, 0x3B, 0x0A, 0x20, 0x20, 0x20, 0x20, 0x66, 0x6C,
    0x6F, 0x61, 0x74, 0x34, 0x20, 0x65, 0x6D, 0x69, 0x73, 0x73, 0x69, 0x6F, 0x6E, 0x4D, 0x61, 0x70, 0x3B, 0x0A, 0x20,
    0x20, 0x20, 0x20, 0x75, 0x69, 0x6E, 0x74, 0x34, 0x20, 0x66, 0x6C, 0x61, 0x67, 0x73, 0x3B, 0x0A, 0x7D, 0x3B, 0x0A,
    0x0A, 0x73, 0x74, 0x72, 0x75, 0x63, 0x74, 0x20, 0x45, 0x78, 0x70, 0x6F, 0x73, 0x75, 0x72, 0x65, 0x0A, 0x7B, 0x0A,
    0x20, 0x20, 0x20, 0x20, 0x66, 0x6C, 0x6F, 0x61, 0x74, 0x34, 0x20, 0x76, 0x61, 0x6C, 0x75, 0x65, 0x3B, 0x0A, 0x7D,
    0x3B, 0x0A, 0x0A, 0x63, 0x6F, 0x6E, 0x73, 0x74, 0x61, 0x6E, 0x74, 0x20, 0x73, 0x70, 0x76, 0x55, 0x6E, 0x73, 0x61,
    0x66, 0x65, 0x41, 0x72, 0x72, 0x61, 0x79, 0x3C, 0x75, 0x69, 0x6E, 0x74, 0x2C, 0x20, 0x36, 0x3E, 0x20, 0x5F, 0x31,
    0x34, 0x38, 0x20, 0x3D, 0x20, 0x73, 0x70, 0x76, 0x55, 0x6E, 0x73, 0x61, 0x66, 0x65, 0x41, 0x72, 0x72, 0x61, 0x79,
    0x3C, 0x75, 0x69, 0x6E, 0x74, 0x2C, 0x20, 0x36, 0x3E, 0x28, 0x7B, 0x20, 0x30, 0x75, 0x2C, 0x20, 0x31, 0x75, 0x2C,
    0x20, 0x32, 0x75, 0x2C, 0x20, 0x32, 0x75, 0x2C, 0x20, 0x31, 0x75, 0x2C, 0x20, 0x33, 0x75, 0x20, 0x7D, 0x29, 0x3B,
    0x0A, 0x63, 0x6F, 0x6E, 0x73, 0x74, 0x61, 0x6E, 0x74, 0x20, 0x73, 0x70, 0x76, 0x55, 0x6E, 0x73, 0x61, 0x66, 0x65,
    0x41, 0x72, 0x72, 0x61, 0x79, 0x3C, 0x75, 0x69, 0x6E, 0x74, 0x2C, 0x20, 0x36, 0x3E, 0x20, 0x5F, 0x31, 0x37, 0x30,
    0x20, 0x3D, 0x20, 0x73, 0x70, 0x76, 0x55, 0x6E, 0x73, 0x61, 0x66, 0x65, 0x41, 0x72, 0x72, 0x61, 0x79, 0x3C, 0x75,
    0x69, 0x6E, 0x74, 0x2C, 0x20, 0x36, 0x3E, 0x28, 0x7B, 0x20, 0x30, 0x75, 0x2C, 0x20, 0x31, 0x75, 0x2C, 0x20, 0x32,
    0x75, 0x2C, 0x20, 0x32, 0x75, 0x2C, 0x20, 0x31, 0x75, 0x2C, 0x20, 0x33, 0x75, 0x20, 0x7D, 0x29, 0x3B, 0x0A, 0x0A,
    0x73, 0x74, 0x72, 0x75, 0x63, 0x74, 0x20, 0x66, 0x73, 0x5F, 0x6F, 0x75, 0x74, 0x0A, 0x7B, 0x0A, 0x20, 0x20, 0x20,
    0x20, 0x66, 0x6C, 0x6F, 0x61, 0x74, 0x34, 0x20, 0x6F, 0x75, 0x74, 0x43, 0x6F, 0x6C, 0x6F, 0x72, 0x20, 0x5B, 0x5B,
    0x63, 0x6F, 0x6C, 0x6F, 0x72, 0x28, 0x30, 0x29, 0x5D, 0x5D, 0x3B, 0x0A, 0x7D, 0x3B, 0x0A, 0x0A, 0x73, 0x74, 0x72,
    0x75, 0x63, 0x74, 0x20, 0x66, 0x73, 0x5F, 0x69, 0x6E, 0x0A, 0x7B, 0x0A, 0x20, 0x20, 0x20, 0x20, 0x66, 0x6C, 0x6F,
    0x61, 0x74, 0x32, 0x20, 0x69, 0x6E, 0x55, 0x76, 0x20, 0x5B, 0x5B, 0x75, 0x73, 0x65, 0x72, 0x28, 0x6C, 0x6F, 0x63,
    0x6E, 0x30, 0x29, 0x5D, 0x5D, 0x3B, 0x0A, 0x20, 0x20, 0x20, 0x20, 0x66, 0x6C, 0x6F, 0x61, 0x74, 0x34, 0x20, 0x69,
    0x6E, 0x43, 0x6F, 0x6C, 0x6F, 0x72, 0x20, 0x5B, 0x5B, 0x75, 0x73, 0x65, 0x72, 0x28, 0x6C, 0x6F, 0x63, 0x6E, 0x31,
    0x29, 0x5D, 0x5D, 0x3B, 0x0A, 0x20, 0x20, 0x20, 0x20, 0x66, 0x6C, 0x6F, 0x61, 0x74, 0x20, 0x69, 0x6E, 0x53, 0x6F,
    0x66, 0x74, 0x20, 0x5B, 0x5B, 0x75, 0x73, 0x65, 0x72, 0x28, 0x6C, 0x6F, 0x63, 0x6E, 0x32, 0x29, 0x5D, 0x5D, 0x3B,
    0x0A, 0x20, 0x20, 0x20, 0x20, 0x66, 0x6C, 0x6F, 0x61, 0x74, 0x32, 0x20, 0x69, 0x6E, 0x53, 0x68, 0x61, 0x70, 0x65,
    0x20, 0x5B, 0x5B, 0x75, 0x73, 0x65, 0x72, 0x28, 0x6C, 0x6F, 0x63, 0x6E, 0x33, 0x29, 0x5D, 0x5D, 0x3B, 0x0A, 0x7D,
    0x3B, 0x0A, 0x0A, 0x66, 0x72, 0x61, 0x67, 0x6D, 0x65, 0x6E, 0x74, 0x20, 0x66, 0x73, 0x5F, 0x6F, 0x75, 0x74, 0x20,
    0x66, 0x73, 0x28, 0x66, 0x73, 0x5F, 0x69, 0x6E, 0x20, 0x69, 0x6E, 0x20, 0x5B, 0x5B, 0x73, 0x74, 0x61, 0x67, 0x65,
    0x5F, 0x69, 0x6E, 0x5D, 0x5D, 0x2C, 0x20, 0x63, 0x6F, 0x6E, 0x73, 0x74, 0x61, 0x6E, 0x74, 0x20, 0x56, 0x69, 0x65,
    0x77, 0x26, 0x20, 0x76, 0x69, 0x65, 0x77, 0x20, 0x5B, 0x5B, 0x62, 0x75, 0x66, 0x66, 0x65, 0x72, 0x28, 0x31, 0x29,
    0x5D, 0x5D, 0x2C, 0x20, 0x63, 0x6F, 0x6E, 0x73, 0x74, 0x20, 0x64, 0x65, 0x76, 0x69, 0x63, 0x65, 0x20, 0x45, 0x78,
    0x70, 0x6F, 0x73, 0x75, 0x72, 0x65, 0x26, 0x20, 0x65, 0x78, 0x70, 0x6F, 0x73, 0x75, 0x72, 0x65, 0x20, 0x5B, 0x5B,
    0x62, 0x75, 0x66, 0x66, 0x65, 0x72, 0x28, 0x34, 0x29, 0x5D, 0x5D, 0x2C, 0x20, 0x63, 0x6F, 0x6E, 0x73, 0x74, 0x61,
    0x6E, 0x74, 0x20, 0x4D, 0x61, 0x74, 0x65, 0x72, 0x69, 0x61, 0x6C, 0x26, 0x20, 0x6D, 0x61, 0x74, 0x65, 0x72, 0x69,
    0x61, 0x6C, 0x20, 0x5B, 0x5B, 0x62, 0x75, 0x66, 0x66, 0x65, 0x72, 0x28, 0x35, 0x29, 0x5D, 0x5D, 0x2C, 0x20, 0x74,
    0x65, 0x78, 0x74, 0x75, 0x72, 0x65, 0x32, 0x64, 0x3C, 0x66, 0x6C, 0x6F, 0x61, 0x74, 0x3E, 0x20, 0x64, 0x65, 0x70,
    0x74, 0x68, 0x20, 0x5B, 0x5B, 0x74, 0x65, 0x78, 0x74, 0x75, 0x72, 0x65, 0x28, 0x30, 0x29, 0x5D, 0x5D, 0x2C, 0x20,
    0x74, 0x65, 0x78, 0x74, 0x75, 0x72, 0x65, 0x32, 0x64, 0x3C, 0x66, 0x6C, 0x6F, 0x61, 0x74, 0x3E, 0x20, 0x62, 0x61,
    0x73, 0x65, 0x54, 0x65, 0x78, 0x74, 0x75, 0x72, 0x65, 0x20, 0x5B, 0x5B, 0x74, 0x65, 0x78, 0x74, 0x75, 0x72, 0x65,
    0x28, 0x31, 0x29, 0x5D, 0x5D, 0x2C, 0x20, 0x74, 0x65, 0x78, 0x74, 0x75, 0x72, 0x65, 0x32, 0x64, 0x3C, 0x66, 0x6C,
    0x6F, 0x61, 0x74, 0x3E, 0x20, 0x65, 0x6D, 0x69, 0x73, 0x73, 0x69, 0x6F, 0x6E, 0x54, 0x65, 0x78, 0x74, 0x75, 0x72,
    0x65, 0x20, 0x5B, 0x5B, 0x74, 0x65, 0x78, 0x74, 0x75, 0x72, 0x65, 0x28, 0x32, 0x29, 0x5D, 0x5D, 0x2C, 0x20, 0x73,
    0x61, 0x6D, 0x70, 0x6C, 0x65, 0x72, 0x20, 0x62, 0x61, 0x73, 0x65, 0x53, 0x61, 0x6D, 0x70, 0x6C, 0x65, 0x72, 0x20,
    0x5B, 0x5B, 0x73, 0x61, 0x6D, 0x70, 0x6C, 0x65, 0x72, 0x28, 0x30, 0x29, 0x5D, 0x5D, 0x2C, 0x20, 0x73, 0x61, 0x6D,
    0x70, 0x6C, 0x65, 0x72, 0x20, 0x65, 0x6D, 0x69, 0x73, 0x73, 0x69, 0x6F, 0x6E, 0x53, 0x61, 0x6D, 0x70, 0x6C, 0x65,
    0x72, 0x20, 0x5B, 0x5B, 0x73, 0x61, 0x6D, 0x70, 0x6C, 0x65, 0x72, 0x28, 0x31, 0x29, 0x5D, 0x5D, 0x2C, 0x20, 0x66,
    0x6C, 0x6F, 0x61, 0x74, 0x34, 0x20, 0x67, 0x6C, 0x5F, 0x46, 0x72, 0x61, 0x67, 0x43, 0x6F, 0x6F, 0x72, 0x64, 0x20,
    0x5B, 0x5B, 0x70, 0x6F, 0x73, 0x69, 0x74, 0x69, 0x6F, 0x6E, 0x5D, 0x5D, 0x29, 0x0A, 0x7B, 0x0A, 0x20, 0x20, 0x20,
    0x20, 0x66, 0x73, 0x5F, 0x6F, 0x75, 0x74, 0x20, 0x6F, 0x75, 0x74, 0x20, 0x3D, 0x20, 0x7B, 0x7D, 0x3B, 0x0A, 0x20,
    0x20, 0x20, 0x20, 0x66, 0x6C, 0x6F, 0x61, 0x74, 0x34, 0x20, 0x6B, 0x53, 0x61, 0x6D, 0x70, 0x6C, 0x65, 0x64, 0x20,
    0x3D, 0x20, 0x62, 0x61, 0x73, 0x65, 0x54, 0x65, 0x78, 0x74, 0x75, 0x72, 0x65, 0x2E, 0x73, 0x61, 0x6D, 0x70, 0x6C,
    0x65, 0x28, 0x62, 0x61, 0x73, 0x65, 0x53, 0x61, 0x6D, 0x70, 0x6C, 0x65, 0x72, 0x2C, 0x20, 0x28, 0x28, 0x69, 0x6E,
    0x2E, 0x69, 0x6E, 0x55, 0x76, 0x20, 0x2A, 0x20, 0x6D, 0x61, 0x74, 0x65, 0x72, 0x69, 0x61, 0x6C, 0x2E, 0x62, 0x61,
    0x73, 0x65, 0x4D, 0x61, 0x70, 0x2E, 0x78, 0x79, 0x29, 0x20, 0x2B, 0x20, 0x6D, 0x61, 0x74, 0x65, 0x72, 0x69, 0x61,
    0x6C, 0x2E, 0x62, 0x61, 0x73, 0x65, 0x4D, 0x61, 0x70, 0x2E, 0x7A, 0x77, 0x29, 0x29, 0x3B, 0x0A, 0x20, 0x20, 0x20,
    0x20, 0x66, 0x6C, 0x6F, 0x61, 0x74, 0x33, 0x20, 0x6B, 0x47, 0x6C, 0x6F, 0x77, 0x69, 0x6E, 0x67, 0x20, 0x3D, 0x20,
    0x65, 0x6D, 0x69, 0x73, 0x73, 0x69, 0x6F, 0x6E, 0x54, 0x65, 0x78, 0x74, 0x75, 0x72, 0x65, 0x2E, 0x73, 0x61, 0x6D,
    0x70, 0x6C, 0x65, 0x28, 0x65, 0x6D, 0x69, 0x73, 0x73, 0x69, 0x6F, 0x6E, 0x53, 0x61, 0x6D, 0x70, 0x6C, 0x65, 0x72,
    0x2C, 0x20, 0x28, 0x28, 0x69, 0x6E, 0x2E, 0x69, 0x6E, 0x55, 0x76, 0x20, 0x2A, 0x20, 0x6D, 0x61, 0x74, 0x65, 0x72,
    0x69, 0x61, 0x6C, 0x2E, 0x65, 0x6D, 0x69, 0x73, 0x73, 0x69, 0x6F, 0x6E, 0x4D, 0x61, 0x70, 0x2E, 0x78, 0x79, 0x29,
    0x20, 0x2B, 0x20, 0x6D, 0x61, 0x74, 0x65, 0x72, 0x69, 0x61, 0x6C, 0x2E, 0x65, 0x6D, 0x69, 0x73, 0x73, 0x69, 0x6F,
    0x6E, 0x4D, 0x61, 0x70, 0x2E, 0x7A, 0x77, 0x29, 0x29, 0x2E, 0x78, 0x79, 0x7A, 0x3B, 0x0A, 0x20, 0x20, 0x20, 0x20,
    0x66, 0x6C, 0x6F, 0x61, 0x74, 0x20, 0x6B, 0x42, 0x65, 0x68, 0x69, 0x6E, 0x64, 0x20, 0x3D, 0x20, 0x64, 0x65, 0x70,
    0x74, 0x68, 0x2E, 0x72, 0x65, 0x61, 0x64, 0x28, 0x75, 0x69, 0x6E, 0x74, 0x32, 0x28, 0x6D, 0x69, 0x6E, 0x28, 0x69,
    0x6E, 0x74, 0x32, 0x28, 0x67, 0x6C, 0x5F, 0x46, 0x72, 0x61, 0x67, 0x43, 0x6F, 0x6F, 0x72, 0x64, 0x2E, 0x78, 0x79,
    0x29, 0x2C, 0x20, 0x28, 0x69, 0x6E, 0x74, 0x32, 0x28, 0x64, 0x65, 0x70, 0x74, 0x68, 0x2E, 0x67, 0x65, 0x74, 0x5F,
    0x77, 0x69, 0x64, 0x74, 0x68, 0x28, 0x29, 0x2C, 0x20, 0x64, 0x65, 0x70, 0x74, 0x68, 0x2E, 0x67, 0x65, 0x74, 0x5F,
    0x68, 0x65, 0x69, 0x67, 0x68, 0x74, 0x28, 0x29, 0x29, 0x20, 0x2D, 0x20, 0x69, 0x6E, 0x74, 0x32, 0x28, 0x31, 0x29,
    0x29, 0x29, 0x29, 0x2C, 0x20, 0x30, 0x29, 0x2E, 0x78, 0x3B, 0x0A, 0x20, 0x20, 0x20, 0x20, 0x69, 0x66, 0x20, 0x28,
    0x67, 0x6C, 0x5F, 0x46, 0x72, 0x61, 0x67, 0x43, 0x6F, 0x6F, 0x72, 0x64, 0x2E, 0x7A, 0x20, 0x3C, 0x20, 0x6B, 0x42,
    0x65, 0x68, 0x69, 0x6E, 0x64, 0x29, 0x0A, 0x20, 0x20, 0x20, 0x20, 0x7B, 0x0A, 0x20, 0x20, 0x20, 0x20, 0x20, 0x20,
    0x20, 0x20, 0x64, 0x69, 0x73, 0x63, 0x61, 0x72, 0x64, 0x5F, 0x66, 0x72, 0x61, 0x67, 0x6D, 0x65, 0x6E, 0x74, 0x28,
    0x29, 0x3B, 0x0A, 0x20, 0x20, 0x20, 0x20, 0x7D, 0x0A, 0x20, 0x20, 0x20, 0x20, 0x66, 0x6C, 0x6F, 0x61, 0x74, 0x20,
    0x5F, 0x36, 0x32, 0x30, 0x3B, 0x0A, 0x20, 0x20, 0x20, 0x20, 0x69, 0x66, 0x20, 0x28, 0x6B, 0x42, 0x65, 0x68, 0x69,
    0x6E, 0x64, 0x20, 0x3E, 0x20, 0x30, 0x2E, 0x30, 0x29, 0x0A, 0x20, 0x20, 0x20, 0x20, 0x7B, 0x0A, 0x20, 0x20, 0x20,
    0x20, 0x20, 0x20, 0x20, 0x20, 0x5F, 0x36, 0x32, 0x30, 0x20, 0x3D, 0x20, 0x66, 0x61, 0x73, 0x74, 0x3A, 0x3A, 0x63,
    0x6C, 0x61, 0x6D, 0x70, 0x28, 0x28, 0x28, 0x76, 0x69, 0x65, 0x77, 0x2E, 0x6C, 0x65, 0x6E, 0x73, 0x2E, 0x78, 0x20,
    0x2F, 0x20, 0x6B, 0x42, 0x65, 0x68, 0x69, 0x6E, 0x64, 0x29, 0x20, 0x2D, 0x20, 0x28, 0x76, 0x69, 0x65, 0x77, 0x2E,
    0x6C, 0x65, 0x6E, 0x73, 0x2E, 0x78, 0x20, 0x2F, 0x20, 0x67, 0x6C, 0x5F, 0x46, 0x72, 0x61, 0x67, 0x43, 0x6F, 0x6F,
    0x72, 0x64, 0x2E, 0x7A, 0x29, 0x29, 0x20, 0x2F, 0x20, 0x69, 0x6E, 0x2E, 0x69, 0x6E, 0x53, 0x6F, 0x66, 0x74, 0x2C,
    0x20, 0x30, 0x2E, 0x30, 0x2C, 0x20, 0x31, 0x2E, 0x30, 0x29, 0x3B, 0x0A, 0x20, 0x20, 0x20, 0x20, 0x7D, 0x0A, 0x20,
    0x20, 0x20, 0x20, 0x65, 0x6C, 0x73, 0x65, 0x0A, 0x20, 0x20, 0x20, 0x20, 0x7B, 0x0A, 0x20, 0x20, 0x20, 0x20, 0x20,
    0x20, 0x20, 0x20, 0x5F, 0x36, 0x32, 0x30, 0x20, 0x3D, 0x20, 0x31, 0x2E, 0x30, 0x3B, 0x0A, 0x20, 0x20, 0x20, 0x20,
    0x7D, 0x0A, 0x20, 0x20, 0x20, 0x20, 0x66, 0x6C, 0x6F, 0x61, 0x74, 0x20, 0x6B, 0x46, 0x61, 0x64, 0x65, 0x20, 0x3D,
    0x20, 0x5F, 0x36, 0x32, 0x30, 0x3B, 0x0A, 0x20, 0x20, 0x20, 0x20, 0x62, 0x6F, 0x6F, 0x6C, 0x20, 0x6B, 0x53, 0x68,
    0x61, 0x70, 0x65, 0x64, 0x20, 0x3D, 0x20, 0x28, 0x6D, 0x61, 0x74, 0x65, 0x72, 0x69, 0x61, 0x6C, 0x2E, 0x66, 0x6C,
    0x61, 0x67, 0x73, 0x2E, 0x78, 0x20, 0x26, 0x20, 0x31, 0x75, 0x29, 0x20, 0x21, 0x3D, 0x20, 0x30, 0x75, 0x3B, 0x0A,
    0x20, 0x20, 0x20, 0x20, 0x66, 0x6C, 0x6F, 0x61, 0x74, 0x34, 0x20, 0x6B, 0x54, 0x69, 0x6E, 0x74, 0x65, 0x64, 0x20,
    0x3D, 0x20, 0x6D, 0x61, 0x74, 0x65, 0x72, 0x69, 0x61, 0x6C, 0x2E, 0x63, 0x6F, 0x6C, 0x6F, 0x72, 0x20, 0x2B, 0x20,
    0x28, 0x6D, 0x61, 0x74, 0x65, 0x72, 0x69, 0x61, 0x6C, 0x2E, 0x63, 0x6F, 0x6C, 0x6F, 0x72, 0x54, 0x65, 0x78, 0x74,
    0x75, 0x72, 0x65, 0x20, 0x2A, 0x20, 0x6B, 0x53, 0x61, 0x6D, 0x70, 0x6C, 0x65, 0x64, 0x29, 0x3B, 0x0A, 0x20, 0x20,
    0x20, 0x20, 0x66, 0x6C, 0x6F, 0x61, 0x74, 0x20, 0x5F, 0x36, 0x32, 0x31, 0x3B, 0x0A, 0x20, 0x20, 0x20, 0x20, 0x69,
    0x66, 0x20, 0x28, 0x6B, 0x53, 0x68, 0x61, 0x70, 0x65, 0x64, 0x29, 0x0A, 0x20, 0x20, 0x20, 0x20, 0x7B, 0x0A, 0x20,
    0x20, 0x20, 0x20, 0x20, 0x20, 0x20, 0x20, 0x5F, 0x36, 0x32, 0x31, 0x20, 0x3D, 0x20, 0x6B, 0x53, 0x61, 0x6D, 0x70,
    0x6C, 0x65, 0x64, 0x2E, 0x77, 0x3B, 0x0A, 0x20, 0x20, 0x20, 0x20, 0x7D, 0x0A, 0x20, 0x20, 0x20, 0x20, 0x65, 0x6C,
    0x73, 0x65, 0x0A, 0x20, 0x20, 0x20, 0x20, 0x7B, 0x0A, 0x20, 0x20, 0x20, 0x20, 0x20, 0x20, 0x20, 0x20, 0x5F, 0x36,
    0x32, 0x31, 0x20, 0x3D, 0x20, 0x31, 0x2E, 0x30, 0x20, 0x2D, 0x20, 0x73, 0x6D, 0x6F, 0x6F, 0x74, 0x68, 0x73, 0x74,
    0x65, 0x70, 0x28, 0x30, 0x2E, 0x35, 0x2C, 0x20, 0x31, 0x2E, 0x30, 0x2C, 0x20, 0x6C, 0x65, 0x6E, 0x67, 0x74, 0x68,
    0x28, 0x69, 0x6E, 0x2E, 0x69, 0x6E, 0x53, 0x68, 0x61, 0x70, 0x65, 0x29, 0x29, 0x3B, 0x0A, 0x20, 0x20, 0x20, 0x20,
    0x7D, 0x0A, 0x20, 0x20, 0x20, 0x20, 0x66, 0x6C, 0x6F, 0x61, 0x74, 0x20, 0x6B, 0x44, 0x69, 0x73, 0x63, 0x20, 0x3D,
    0x20, 0x5F, 0x36, 0x32, 0x31, 0x3B, 0x0A, 0x20, 0x20, 0x20, 0x20, 0x66, 0x6C, 0x6F, 0x61, 0x74, 0x33, 0x20, 0x6B,
    0x43, 0x6F, 0x6C, 0x6F, 0x72, 0x20, 0x3D, 0x20, 0x69, 0x6E, 0x2E, 0x69, 0x6E, 0x43, 0x6F, 0x6C, 0x6F, 0x72, 0x2E,
    0x78, 0x79, 0x7A, 0x20, 0x2A, 0x20, 0x6B, 0x54, 0x69, 0x6E, 0x74, 0x65, 0x64, 0x2E, 0x78, 0x79, 0x7A, 0x3B, 0x0A,
    0x20, 0x20, 0x20, 0x20, 0x66, 0x6C, 0x6F, 0x61, 0x74, 0x20, 0x6B, 0x4F, 0x70, 0x61, 0x63, 0x69, 0x74, 0x79, 0x20,
    0x3D, 0x20, 0x66, 0x61, 0x73, 0x74, 0x3A, 0x3A, 0x63, 0x6C, 0x61, 0x6D, 0x70, 0x28, 0x28, 0x28, 0x6B, 0x54, 0x69,
    0x6E, 0x74, 0x65, 0x64, 0x2E, 0x77, 0x20, 0x2A, 0x20, 0x69, 0x6E, 0x2E, 0x69, 0x6E, 0x43, 0x6F, 0x6C, 0x6F, 0x72,
    0x2E, 0x77, 0x29, 0x20, 0x2A, 0x20, 0x28, 0x6B, 0x53, 0x68, 0x61, 0x70, 0x65, 0x64, 0x20, 0x3F, 0x20, 0x31, 0x2E,
    0x30, 0x20, 0x3A, 0x20, 0x6B, 0x44, 0x69, 0x73, 0x63, 0x29, 0x29, 0x20, 0x2A, 0x20, 0x6B, 0x46, 0x61, 0x64, 0x65,
    0x2C, 0x20, 0x30, 0x2E, 0x30, 0x2C, 0x20, 0x31, 0x2E, 0x30, 0x29, 0x3B, 0x0A, 0x20, 0x20, 0x20, 0x20, 0x69, 0x66,
    0x20, 0x28, 0x28, 0x6D, 0x61, 0x74, 0x65, 0x72, 0x69, 0x61, 0x6C, 0x2E, 0x66, 0x6C, 0x61, 0x67, 0x73, 0x2E, 0x78,
    0x20, 0x26, 0x20, 0x32, 0x75, 0x29, 0x20, 0x21, 0x3D, 0x20, 0x30, 0x75, 0x29, 0x0A, 0x20, 0x20, 0x20, 0x20, 0x7B,
    0x0A, 0x20, 0x20, 0x20, 0x20, 0x20, 0x20, 0x20, 0x20, 0x6F, 0x75, 0x74, 0x2E, 0x6F, 0x75, 0x74, 0x43, 0x6F, 0x6C,
    0x6F, 0x72, 0x20, 0x3D, 0x20, 0x66, 0x6C, 0x6F, 0x61, 0x74, 0x34, 0x28, 0x28, 0x6B, 0x43, 0x6F, 0x6C, 0x6F, 0x72,
    0x20, 0x2A, 0x20, 0x6B, 0x4F, 0x70, 0x61, 0x63, 0x69, 0x74, 0x79, 0x29, 0x20, 0x2B, 0x20, 0x66, 0x6C, 0x6F, 0x61,
    0x74, 0x33, 0x28, 0x31, 0x2E, 0x30, 0x20, 0x2D, 0x20, 0x6B, 0x4F, 0x70, 0x61, 0x63, 0x69, 0x74, 0x79, 0x29, 0x2C,
    0x20, 0x6B, 0x4F, 0x70, 0x61, 0x63, 0x69, 0x74, 0x79, 0x29, 0x3B, 0x0A, 0x20, 0x20, 0x20, 0x20, 0x20, 0x20, 0x20,
    0x20, 0x72, 0x65, 0x74, 0x75, 0x72, 0x6E, 0x20, 0x6F, 0x75, 0x74, 0x3B, 0x0A, 0x20, 0x20, 0x20, 0x20, 0x7D, 0x0A,
    0x20, 0x20, 0x20, 0x20, 0x66, 0x6C, 0x6F, 0x61, 0x74, 0x33, 0x20, 0x6B, 0x47, 0x6C, 0x6F, 0x77, 0x20, 0x3D, 0x20,
    0x28, 0x28, 0x28, 0x28, 0x6D, 0x61, 0x74, 0x65, 0x72, 0x69, 0x61, 0x6C, 0x2E, 0x65, 0x6D, 0x69, 0x73, 0x73, 0x69,
    0x6F, 0x6E, 0x2E, 0x78, 0x79, 0x7A, 0x20, 0x2B, 0x20, 0x28, 0x6D, 0x61, 0x74, 0x65, 0x72, 0x69, 0x61, 0x6C, 0x2E,
    0x65, 0x6D, 0x69, 0x73, 0x73, 0x69, 0x6F, 0x6E, 0x54, 0x65, 0x78, 0x74, 0x75, 0x72, 0x65, 0x2E, 0x78, 0x79, 0x7A,
    0x20, 0x2A, 0x20, 0x6B, 0x47, 0x6C, 0x6F, 0x77, 0x69, 0x6E, 0x67, 0x29, 0x29, 0x20, 0x2A, 0x20, 0x69, 0x6E, 0x2E,
    0x69, 0x6E, 0x43, 0x6F, 0x6C, 0x6F, 0x72, 0x2E, 0x77, 0x29, 0x20, 0x2A, 0x20, 0x6B, 0x44, 0x69, 0x73, 0x63, 0x29,
    0x20, 0x2A, 0x20, 0x6B, 0x46, 0x61, 0x64, 0x65, 0x29, 0x20, 0x2A, 0x20, 0x28, 0x28, 0x64, 0x65, 0x76, 0x69, 0x63,
    0x65, 0x20, 0x66, 0x6C, 0x6F, 0x61, 0x74, 0x2A, 0x29, 0x26, 0x65, 0x78, 0x70, 0x6F, 0x73, 0x75, 0x72, 0x65, 0x2E,
    0x76, 0x61, 0x6C, 0x75, 0x65, 0x29, 0x5B, 0x31, 0x75, 0x5D, 0x3B, 0x0A, 0x20, 0x20, 0x20, 0x20, 0x6F, 0x75, 0x74,
    0x2E, 0x6F, 0x75, 0x74, 0x43, 0x6F, 0x6C, 0x6F, 0x72, 0x20, 0x3D, 0x20, 0x66, 0x6C, 0x6F, 0x61, 0x74, 0x34, 0x28,
    0x28, 0x6B, 0x43, 0x6F, 0x6C, 0x6F, 0x72, 0x20, 0x2A, 0x20, 0x6B, 0x4F, 0x70, 0x61, 0x63, 0x69, 0x74, 0x79, 0x29,
    0x20, 0x2B, 0x20, 0x6B, 0x47, 0x6C, 0x6F, 0x77, 0x2C, 0x20, 0x6B, 0x4F, 0x70, 0x61, 0x63, 0x69, 0x74, 0x79, 0x29,
    0x3B, 0x0A, 0x20, 0x20, 0x20, 0x20, 0x72, 0x65, 0x74, 0x75, 0x72, 0x6E, 0x20, 0x6F, 0x75, 0x74, 0x3B, 0x0A, 0x7D,
    0x0A, 0x0A, 0x00, 0x00, 0x00, 0x00, 0x00, 0x00, 0x00, 0x00, 0x00, 0x00, 0x00, 0x00, 0x00, 0x00, 0x00, 0x00, 0x00,
    0x00, 0x00, 0x00, 0x00, 0x02, 0x00, 0x00, 0x00, 0x05, 0x00, 0x00, 0x00, 0x00, 0x00, 0x00, 0x00, 0x00, 0x00, 0x00,
    0x00, 0x00, 0x00, 0x00, 0x00, 0x30, 0x16, 0x00, 0x00, 0x01, 0x00, 0x00, 0x00, 0x00, 0x00, 0x00, 0x00, 0x30, 0x16,
    0x00, 0x00, 0x94, 0x0F, 0x00, 0x00, 0x01, 0x00, 0x00, 0x00, 0x00, 0x00, 0x00, 0x00, 0xC4, 0x25, 0x00, 0x00, 0xDC,
    0x10, 0x00, 0x00, 0x00, 0x00, 0x00, 0x00, 0x00, 0x00, 0x00, 0x00, 0x00, 0x00, 0x00, 0x00, 0x00, 0x00, 0x00, 0x00,
    0x01, 0x00, 0x00, 0x00, 0x00, 0x00, 0x00, 0x00, 0x02, 0x00, 0x00, 0x00, 0x00, 0x00, 0x00, 0x00, 0x03, 0x00, 0x00,
    0x00, 0x00, 0x00, 0x00, 0x00, 0x04, 0x00, 0x00, 0x00, 0x00, 0x00, 0x00, 0x00, 0x05, 0x00, 0x00, 0x00, 0x00, 0x00,
    0x00, 0x00, 0x06, 0x00, 0x00, 0x00, 0x00, 0x00, 0x00, 0x00, 0x07, 0x00, 0x00, 0x00, 0x00, 0x00, 0x00, 0x00, 0x08,
    0x00, 0x00, 0x00, 0x00, 0x00, 0x00, 0x00, 0x09, 0x00, 0x00, 0x00, 0x00, 0x00, 0x00, 0x00, 0x44, 0x58, 0x42, 0x43,
    0x77, 0xE7, 0x71, 0x03, 0x65, 0xBB, 0x77, 0xD7, 0xDB, 0xB7, 0xA8, 0xA2, 0x8B, 0xE8, 0x6E, 0xCC, 0x01, 0x00, 0x00,
    0x00, 0x30, 0x16, 0x00, 0x00, 0x06, 0x00, 0x00, 0x00, 0x38, 0x00, 0x00, 0x00, 0x48, 0x00, 0x00, 0x00, 0xB4, 0x00,
    0x00, 0x00, 0x7C, 0x01, 0x00, 0x00, 0xFC, 0x02, 0x00, 0x00, 0x18, 0x03, 0x00, 0x00, 0x53, 0x46, 0x49, 0x30, 0x08,
    0x00, 0x00, 0x00, 0x00, 0x00, 0x00, 0x00, 0x00, 0x00, 0x00, 0x00, 0x49, 0x53, 0x47, 0x31, 0x64, 0x00, 0x00, 0x00,
    0x02, 0x00, 0x00, 0x00, 0x08, 0x00, 0x00, 0x00, 0x00, 0x00, 0x00, 0x00, 0x48, 0x00, 0x00, 0x00, 0x00, 0x00, 0x00,
    0x00, 0x06, 0x00, 0x00, 0x00, 0x01, 0x00, 0x00, 0x00, 0x00, 0x00, 0x00, 0x00, 0x01, 0x01, 0x00, 0x00, 0x00, 0x00,
    0x00, 0x00, 0x00, 0x00, 0x00, 0x00, 0x54, 0x00, 0x00, 0x00, 0x00, 0x00, 0x00, 0x00, 0x08, 0x00, 0x00, 0x00, 0x01,
    0x00, 0x00, 0x00, 0x01, 0x00, 0x00, 0x00, 0x01, 0x01, 0x00, 0x00, 0x00, 0x00, 0x00, 0x00, 0x53, 0x56, 0x5F, 0x56,
    0x65, 0x72, 0x74, 0x65, 0x78, 0x49, 0x44, 0x00, 0x53, 0x56, 0x5F, 0x49, 0x6E, 0x73, 0x74, 0x61, 0x6E, 0x63, 0x65,
    0x49, 0x44, 0x00, 0x00, 0x00, 0x4F, 0x53, 0x47, 0x31, 0xC0, 0x00, 0x00, 0x00, 0x05, 0x00, 0x00, 0x00, 0x08, 0x00,
    0x00, 0x00, 0x00, 0x00, 0x00, 0x00, 0xA8, 0x00, 0x00, 0x00, 0x00, 0x00, 0x00, 0x00, 0x00, 0x00, 0x00, 0x00, 0x03,
    0x00, 0x00, 0x00, 0x00, 0x00, 0x00, 0x00, 0x03, 0x0C, 0x00, 0x00, 0x00, 0x00, 0x00, 0x00, 0x00, 0x00, 0x00, 0x00,
    0xA8, 0x00, 0x00, 0x00, 0x02, 0x00, 0x00, 0x00, 0x00, 0x00, 0x00, 0x00, 0x03, 0x00, 0x00, 0x00, 0x00, 0x00, 0x00,
    0x00, 0x04, 0x0B, 0x00, 0x00, 0x00, 0x00, 0x00, 0x00, 0x00, 0x00, 0x00, 0x00, 0xA8, 0x00, 0x00, 0x00, 0x01, 0x00,
    0x00, 0x00, 0x00, 0x00, 0x00, 0x00, 0x03, 0x00, 0x00, 0x00, 0x01, 0x00, 0x00, 0x00, 0x0F, 0x00, 0x00, 0x00, 0x00,
    0x00, 0x00, 0x00, 0x00, 0x00, 0x00, 0x00, 0xA8, 0x00, 0x00, 0x00, 0x03, 0x00, 0x00, 0x00, 0x00, 0x00, 0x00, 0x00,
    0x03, 0x00, 0x00, 0x00, 0x02, 0x00, 0x00, 0x00, 0x03, 0x0C, 0x00, 0x00, 0x00, 0x00, 0x00, 0x00, 0x00, 0x00, 0x00,
    0x00, 0xB1, 0x00, 0x00, 0x00, 0x00, 0x00, 0x00, 0x00, 0x01, 0x00, 0x00, 0x00, 0x03, 0x00, 0x00, 0x00, 0x03, 0x00,
    0x00, 0x00, 0x0F, 0x00, 0x00, 0x00, 0x00, 0x00, 0x00, 0x00, 0x54, 0x45, 0x58, 0x43, 0x4F, 0x4F, 0x52, 0x44, 0x00,
    0x53, 0x56, 0x5F, 0x50, 0x6F, 0x73, 0x69, 0x74, 0x69, 0x6F, 0x6E, 0x00, 0x00, 0x00, 0x00, 0x50, 0x53, 0x56, 0x30,
    0x78, 0x01, 0x00, 0x00, 0x34, 0x00, 0x00, 0x00, 0x01, 0x00, 0x00, 0x00, 0x00, 0x00, 0x00, 0x00, 0x00, 0x00, 0x00,
    0x00, 0x00, 0x00, 0x00, 0x00, 0x00, 0x00, 0x00, 0x00, 0xFF, 0xFF, 0xFF, 0xFF, 0x01, 0x00, 0x00, 0x00, 0x02, 0x05,
    0x00, 0x02, 0x04, 0x00, 0x00, 0x00, 0x00, 0x00, 0x00, 0x00, 0x00, 0x00, 0x00, 0x00, 0x00, 0x00, 0x00, 0x00, 0x25,
    0x00, 0x00, 0x00, 0x04, 0x00, 0x00, 0x00, 0x18, 0x00, 0x00, 0x00, 0x02, 0x00, 0x00, 0x00, 0x00, 0x00, 0x00, 0x00,
    0x01, 0x00, 0x00, 0x00, 0x01, 0x00, 0x00, 0x00, 0x0D, 0x00, 0x00, 0x00, 0x00, 0x00, 0x00, 0x00, 0x02, 0x00, 0x00,
    0x00, 0x00, 0x00, 0x00, 0x00, 0x00, 0x00, 0x00, 0x00, 0x00, 0x00, 0x00, 0x00, 0x0D, 0x00, 0x00, 0x00, 0x00, 0x00,
    0x00, 0x00, 0x02, 0x00, 0x00, 0x00, 0x05, 0x00, 0x00, 0x00, 0x02, 0x00, 0x00, 0x00, 0x02, 0x00, 0x00, 0x00, 0x0D,
    0x00, 0x00, 0x00, 0x00, 0x00, 0x00, 0x00, 0x04, 0x00, 0x00, 0x00, 0x00, 0x00, 0x00, 0x00, 0x02, 0x00, 0x00, 0x00,
    0x02, 0x00, 0x00, 0x00, 0x0B, 0x00, 0x00, 0x00, 0x00, 0x00, 0x00, 0x00, 0x2C, 0x00, 0x00, 0x00, 0x00, 0x54, 0x45,
    0x58, 0x43, 0x4F, 0x4F, 0x52, 0x44, 0x00, 0x54, 0x45, 0x58, 0x43, 0x4F, 0x4F, 0x52, 0x44, 0x00, 0x54, 0x45, 0x58,
    0x43, 0x4F, 0x4F, 0x52, 0x44, 0x00, 0x54, 0x45, 0x58, 0x43, 0x4F, 0x4F, 0x52, 0x44, 0x00, 0x6D, 0x61, 0x69, 0x6E,
    0x00, 0x00, 0x00, 0x04, 0x00, 0x00, 0x00, 0x00, 0x00, 0x00, 0x00, 0x01, 0x00, 0x00, 0x00, 0x02, 0x00, 0x00, 0x00,
    0x03, 0x00, 0x00, 0x00, 0x10, 0x00, 0x00, 0x00, 0x00, 0x00, 0x00, 0x00, 0x00, 0x00, 0x00, 0x00, 0x01, 0x00, 0x41,
    0x01, 0x01, 0x00, 0x00, 0x00, 0x00, 0x00, 0x00, 0x00, 0x00, 0x00, 0x00, 0x00, 0x01, 0x01, 0x41, 0x02, 0x01, 0x00,
    0x00, 0x00, 0x01, 0x00, 0x00, 0x00, 0x00, 0x00, 0x00, 0x00, 0x01, 0x00, 0x42, 0x00, 0x03, 0x02, 0x00, 0x00, 0x0A,
    0x00, 0x00, 0x00, 0x01, 0x00, 0x00, 0x00, 0x01, 0x01, 0x44, 0x00, 0x03, 0x02, 0x00, 0x00, 0x13, 0x00, 0x00, 0x00,
    0x02, 0x00, 0x00, 0x00, 0x01, 0x00, 0x61, 0x00, 0x03, 0x02, 0x00, 0x00, 0x1C, 0x00, 0x00, 0x00, 0x03, 0x00, 0x00,
    0x00, 0x01, 0x02, 0x42, 0x00, 0x03, 0x02, 0x00, 0x00, 0x00, 0x00, 0x00, 0x00, 0x00, 0x00, 0x00, 0x00, 0x01, 0x03,
    0x44, 0x03, 0x03, 0x04, 0x00, 0x00, 0x03, 0xF3, 0x00, 0x00, 0x00, 0x00, 0x00, 0x00, 0x00, 0x00, 0x00, 0x00, 0x00,
    0x00, 0x00, 0x00, 0xF7, 0xF3, 0x00, 0x00, 0x00, 0x00, 0x00, 0x00, 0x00, 0x00, 0x00, 0x00, 0x00, 0x00, 0x00, 0x00,
    0x48, 0x41, 0x53, 0x48, 0x14, 0x00, 0x00, 0x00, 0x00, 0x00, 0x00, 0x00, 0x36, 0xF1, 0x92, 0x01, 0x1E, 0xCA, 0xCC,
    0x93, 0x89, 0x11, 0x21, 0xA2, 0x3C, 0xBB, 0x21, 0x38, 0x44, 0x58, 0x49, 0x4C, 0x10, 0x13, 0x00, 0x00, 0x60, 0x00,
    0x01, 0x00, 0xC4, 0x04, 0x00, 0x00, 0x44, 0x58, 0x49, 0x4C, 0x00, 0x01, 0x00, 0x00, 0x10, 0x00, 0x00, 0x00, 0xF8,
    0x12, 0x00, 0x00, 0x42, 0x43, 0xC0, 0xDE, 0x21, 0x0C, 0x00, 0x00, 0xBB, 0x04, 0x00, 0x00, 0x0B, 0x82, 0x20, 0x00,
    0x02, 0x00, 0x00, 0x00, 0x13, 0x00, 0x00, 0x00, 0x07, 0x81, 0x23, 0x91, 0x41, 0xC8, 0x04, 0x49, 0x06, 0x10, 0x32,
    0x39, 0x92, 0x01, 0x84, 0x0C, 0x25, 0x05, 0x08, 0x19, 0x1E, 0x04, 0x8B, 0x62, 0x80, 0x18, 0x45, 0x02, 0x42, 0x92,
    0x0B, 0x42, 0xC4, 0x10, 0x32, 0x14, 0x38, 0x08, 0x18, 0x4B, 0x0A, 0x32, 0x62, 0x88, 0x48, 0x90, 0x14, 0x20, 0x43,
    0x46, 0x88, 0xA5, 0x00, 0x19, 0x32, 0x42, 0xE4, 0x48, 0x0E, 0x90, 0x11, 0x23, 0xC4, 0x50, 0x41, 0x51, 0x81, 0x8C,
    0xE1, 0x83, 0xE5, 0x8A, 0x04, 0x31, 0x46, 0x06, 0x51, 0x18, 0x00, 0x00, 0x08, 0x00, 0x00, 0x00, 0x1B, 0x8C, 0xE0,
    0xFF, 0xFF, 0xFF, 0xFF, 0x07, 0x40, 0x02, 0xA8, 0x0D, 0x84, 0xF0, 0xFF, 0xFF, 0xFF, 0xFF, 0x03, 0x20, 0x6D, 0x30,
    0x86, 0xFF, 0xFF, 0xFF, 0xFF, 0x1F, 0x00, 0x09, 0xA8, 0x00, 0x49, 0x18, 0x00, 0x00, 0x03, 0x00, 0x00, 0x00, 0x13,
    0x82, 0x60, 0x42, 0x20, 0x4C, 0x08, 0x06, 0x00, 0x00, 0x00, 0x00, 0x89, 0x20, 0x00, 0x00, 0x4B, 0x00, 0x00, 0x00,
    0x32, 0x22, 0x88, 0x09, 0x20, 0x64, 0x85, 0x04, 0x13, 0x23, 0xA4, 0x84, 0x04, 0x13, 0x23, 0xE3, 0x84, 0xA1, 0x90,
    0x14, 0x12, 0x4C, 0x8C, 0x8C, 0x0B, 0x84, 0xC4, 0x4C, 0x10, 0xD0, 0xC1, 0x1C, 0x01, 0x18, 0xA4, 0x01, 0x40, 0xC1,
    0x08, 0x40, 0x09, 0x06, 0x22, 0xE6, 0x08, 0x90, 0x62, 0x00, 0x00, 0x00, 0x18, 0x00, 0x1D, 0x33, 0x00, 0xC5, 0x18,
    0x00, 0x00, 0x30, 0x12, 0x52, 0x0A, 0x91, 0x00, 0x49, 0x42, 0x4C, 0x41, 0x12, 0x20, 0x49, 0x92, 0x24, 0x49, 0xC8,
    0x29, 0x43, 0x02, 0x24, 0x04, 0x15, 0x02, 0x00, 0x00, 0x80, 0xA4, 0xA3, 0x86, 0xCB, 0x9F, 0xB0, 0x87, 0x90, 0x7C,
    0x6E, 0xA3, 0x8A, 0x95, 0x98, 0xFC, 0xE2, 0xB6, 0x11, 0x91, 0x24, 0x49, 0x42, 0xC6, 0x3D, 0xC3, 0xE5, 0x4F, 0xD8,
    0x43, 0x48, 0x7E, 0x08, 0x34, 0xC3, 0x42, 0xA0, 0xA0, 0x2A, 0x04, 0x05, 0x58, 0x00, 0x5D, 0x47, 0x0D, 0x97, 0x3F,
    0x61, 0x0F, 0x21, 0xF9, 0xDC, 0x46, 0x15, 0x2B, 0x31, 0xF9, 0xC8, 0x6D, 0x23, 0x02, 0x00, 0x00, 0xA0, 0x10, 0x19,
    0x60, 0x01, 0xA4, 0x95, 0x22, 0x01, 0x92, 0x24, 0x21, 0x6E, 0x8E, 0x20, 0x28, 0x86, 0x05, 0x18, 0x00, 0xE0, 0xD1,
    0x77, 0xD3, 0x70, 0xF9, 0x13, 0xF6, 0x10, 0x92, 0xBF, 0x12, 0xD2, 0x4A, 0x4C, 0x3E, 0x72, 0xDB, 0xA8, 0x00, 0x00,
    0x00, 0x00, 0x4A, 0x11, 0x02, 0x16, 0x00, 0x90, 0x38, 0x10, 0x70, 0x98, 0x34, 0x45, 0x94, 0x30, 0xF9, 0x1B, 0x36,
    0x11, 0xDA, 0x30, 0x44, 0x84, 0x24, 0x6D, 0x54, 0x51, 0x10, 0x11, 0x0A, 0x00, 0x2A, 0x87, 0x11, 0x88, 0x64, 0x18,
    0x81, 0x00, 0xEE, 0xF0, 0x18, 0x64, 0x9A, 0x88, 0x08, 0x2D, 0xE7, 0x79, 0x9E, 0xE7, 0x79, 0x9E, 0x28, 0x7A, 0x52,
    0x9A, 0x04, 0xE7, 0x3D, 0x87, 0x23, 0x4D, 0x0B, 0x80, 0x39, 0xD4, 0xE4, 0xBF, 0x08, 0x61, 0x21, 0x62, 0x3D, 0xCF,
    0x93, 0xD8, 0xB3, 0xD8, 0x54, 0x5C, 0xDF, 0x9F, 0x8B, 0x1C, 0x49, 0xFA, 0x5F, 0x22, 0x9A, 0x88, 0x4B, 0x6C, 0x0A,
    0x07, 0x09, 0x00, 0x40, 0x6E, 0x1E, 0x00, 0x73, 0x04, 0xA0, 0x30, 0x05, 0x40, 0x00, 0x00, 0x13, 0x14, 0x72, 0xC0,
    0x87, 0x74, 0x60, 0x87, 0x36, 0x68, 0x87, 0x79, 0x68, 0x03, 0x72, 0xC0, 0x87, 0x0D, 0xAF, 0x50, 0x0E, 0x6D, 0xD0,
    0x0E, 0x7A, 0x50, 0x0E, 0x6D, 0x00, 0x0F, 0x7A, 0x30, 0x07, 0x72, 0xA0, 0x07, 0x73, 0x20, 0x07, 0x6D, 0x90, 0x0E,
    0x71, 0xA0, 0x07, 0x73, 0x20, 0x07, 0x6D, 0x90, 0x0E, 0x78, 0xA0, 0x07, 0x73, 0x20, 0x07, 0x6D, 0x90, 0x0E, 0x71,
    0x60, 0x07, 0x7A, 0x30, 0x07, 0x72, 0xD0, 0x06, 0xE9, 0x30, 0x07, 0x72, 0xA0, 0x07, 0x73, 0x20, 0x07, 0x6D, 0x90,
    0x0E, 0x76, 0x40, 0x07, 0x7A, 0x60, 0x07, 0x74, 0xD0, 0x06, 0xE6, 0x10, 0x07, 0x76, 0xA0, 0x07, 0x73, 0x20, 0x07,
    0x6D, 0x60, 0x0E, 0x73, 0x20, 0x07, 0x7A, 0x30, 0x07, 0x72, 0xD0, 0x06, 0xE6, 0x60, 0x07, 0x74, 0xA0, 0x07, 0x76,
    0x40, 0x07, 0x6D, 0xE0, 0x0E, 0x78, 0xA0, 0x07, 0x71, 0x60, 0x07, 0x7A, 0x30, 0x07, 0x72, 0xA0, 0x07, 0x76, 0x40,
    0x07, 0x3A, 0x0F, 0x24, 0x90, 0x21, 0x23, 0x45, 0x44, 0x80, 0x1D, 0x4C, 0x30, 0xA4, 0xC1, 0x30, 0x00, 0x00, 0x10,
    0x00, 0x00, 0x30, 0xE4, 0x21, 0x00, 0x00, 0x00, 0x00, 0x00, 0x00, 0x00, 0x00, 0x00, 0x00, 0x60, 0xC8, 0x73, 0x00,
    0x01, 0x10, 0x00, 0x00, 0x00, 0x00, 0x00, 0x00, 0x00, 0xC0, 0x90, 0x47, 0x01, 0x02, 0x40, 0x00, 0x00, 0x00, 0x00,
    0x00, 0x00, 0x00, 0x80, 0x21, 0x0F, 0x03, 0x04, 0x40, 0x00, 0x00, 0x00, 0x00, 0x00, 0x00, 0x00, 0x00, 0x43, 0x1E,
    0x07, 0x08, 0x80, 0x00, 0x00, 0x00, 0x00, 0x00, 0x00, 0x00, 0x00, 0x86, 0x3C, 0x10, 0x10, 0x00, 0x01, 0x00, 0x00,
    0x00, 0x00, 0x00, 0x00, 0x00, 0x0C, 0x79, 0x24, 0x20, 0x00, 0x02, 0x00, 0x00, 0x00, 0x00, 0x00, 0x00, 0x00, 0x18,
    0xF2, 0x5C, 0x40, 0x00, 0x0C, 0x00, 0x00, 0x00, 0x00, 0x00, 0x00, 0x00, 0x30, 0xE4, 0xD1, 0x80, 0x00, 0x18, 0x00,
    0x00, 0x00, 0x00, 0x00, 0x00, 0x00, 0x60, 0xC8, 0xC3, 0x01, 0x01, 0x10, 0x00, 0x00, 0x00, 0x00, 0x00, 0x00, 0x00,
    0xC0, 0x90, 0xE7, 0x03, 0x02, 0x60, 0x00, 0x00, 0x00, 0x00, 0x00, 0x00, 0x00, 0x80, 0x21, 0x8F, 0x18, 0x00, 0x01,
    0x30, 0x00, 0x00, 0x00, 0x00, 0x00, 0x00, 0x00, 0x40, 0x16, 0x08, 0x00, 0x17, 0x00, 0x00, 0x00, 0x32, 0x1E, 0x98,
    0x18, 0x19, 0x11, 0x4C, 0x90, 0x8C, 0x09, 0x26, 0x47, 0xC6, 0x04, 0x43, 0x02, 0x4A, 0x60, 0x04, 0xA0, 0x24, 0x8A,
    0xA1, 0x08, 0xCA, 0xA2, 0xC0, 0x05, 0x0A, 0x3C, 0xA0, 0x14, 0x0A, 0xA2, 0x0C, 0xCA, 0xA3, 0x10, 0x28, 0x1E, 0x01,
    0x20, 0xA3, 0x14, 0x4A, 0x60, 0x04, 0xA0, 0x08, 0x4A, 0xA2, 0x10, 0xCA, 0x80, 0xE2, 0x02, 0x21, 0x75, 0x06, 0x80,
    0xDA, 0x19, 0x00, 0x7A, 0x67, 0x00, 0x08, 0x1E, 0xEB, 0x28, 0xA0, 0x11, 0xE7, 0x03, 0x00, 0x00, 0xEE, 0x9F, 0x0F,
    0xC8, 0x9C, 0x01, 0xA0, 0x60, 0x2C, 0x03, 0x08, 0x04, 0x21, 0x18, 0x00, 0x00, 0x79, 0x18, 0x00, 0x00, 0x98, 0x00,
    0x00, 0x00, 0x1A, 0x03, 0x4C, 0x90, 0x46, 0x02, 0x13, 0xC4, 0x8F, 0x0C, 0x6F, 0x0C, 0x05, 0x4E, 0x2E, 0xCD, 0x2E,
    0x8C, 0xAE, 0x2C, 0x05, 0x24, 0xC6, 0x25, 0xC7, 0x05, 0xC6, 0x25, 0x06, 0x04, 0x05, 0x86, 0x6C, 0xA6, 0xAC, 0xCC,
    0x46, 0xAC, 0x26, 0x65, 0x43, 0x10, 0x4C, 0x10, 0x80, 0x66, 0x82, 0x00, 0x38, 0x1B, 0x84, 0x81, 0x98, 0x20, 0x00,
    0xCF, 0x06, 0x61, 0x30, 0x28, 0xD8, 0xCD, 0x4D, 0x10, 0x00, 0x68, 0xC3, 0x80, 0x24, 0xC4, 0x04, 0xC1, 0x0C, 0xCE,
    0x80, 0xC0, 0x04, 0x01, 0x88, 0x26, 0x08, 0x80, 0xB4, 0x21, 0x21, 0x16, 0x86, 0x68, 0x06, 0x87, 0x00, 0x36, 0x04,
    0xCF, 0x04, 0x41, 0x0D, 0xC6, 0x60, 0x82, 0x00, 0x4C, 0x1B, 0x10, 0x22, 0x62, 0x88, 0x61, 0x90, 0x80, 0x09, 0x42,
    0x1B, 0x90, 0xC1, 0x04, 0x01, 0xA0, 0x36, 0x20, 0x03, 0xC5, 0x10, 0xC4, 0x50, 0x01, 0x13, 0x84, 0x37, 0x28, 0x83,
    0x09, 0x02, 0x50, 0x4D, 0x10, 0x00, 0x6B, 0x03, 0xD2, 0x5C, 0x0C, 0xD6, 0x0C, 0x19, 0xB0, 0x61, 0x98, 0x2C, 0x6D,
    0x03, 0x01, 0x01, 0x1B, 0x30, 0x41, 0x80, 0x03, 0x33, 0xD8, 0x10, 0x74, 0x13, 0x84, 0x22, 0x20, 0xD1, 0x16, 0x96,
    0xE6, 0xC6, 0x65, 0xCA, 0xEA, 0xCB, 0xAA, 0x4C, 0x8E, 0xAE, 0x0C, 0x2F, 0x89, 0x68, 0x82, 0x60, 0x6C, 0x13, 0x04,
    0x83, 0xDB, 0x10, 0x10, 0x13, 0x04, 0xA3, 0x9B, 0x20, 0x00, 0xD7, 0x06, 0xC1, 0x0C, 0x86, 0x0D, 0x0B, 0x11, 0x06,
    0x62, 0x30, 0x06, 0x64, 0x50, 0x06, 0xC3, 0x18, 0x10, 0x65, 0x70, 0x06, 0x6C, 0xA6, 0xAC, 0xBE, 0x92, 0xDC, 0xE6,
    0xE8, 0xC2, 0xDC, 0xC6, 0xCA, 0x92, 0x88, 0x26, 0x08, 0x86, 0xB7, 0x61, 0x19, 0xD2, 0x40, 0x0C, 0xD4, 0x80, 0x0C,
    0xCA, 0x60, 0x18, 0x83, 0xA1, 0x0C, 0xCE, 0x60, 0x83, 0x80, 0x06, 0x6B, 0x40, 0x84, 0xAA, 0x08, 0x6B, 0xE8, 0xE9,
    0x49, 0x8A, 0x68, 0x82, 0x60, 0x7C, 0x1B, 0x04, 0x33, 0x30, 0x83, 0x0D, 0x0B, 0xD1, 0x06, 0x6E, 0x50, 0x06, 0x64,
    0xA0, 0x06, 0x83, 0x1A, 0x10, 0x65, 0xF0, 0x06, 0x1B, 0x82, 0x61, 0x82, 0x60, 0x80, 0xC1, 0x04, 0x01, 0xC0, 0x36,
    0x08, 0x66, 0x30, 0x07, 0x1B, 0x96, 0xA1, 0x0D, 0xDC, 0xA0, 0x0C, 0xE2, 0x40, 0x0D, 0x06, 0x39, 0x18, 0xCA, 0x80,
    0x0E, 0x36, 0x04, 0xCD, 0x86, 0xA5, 0x69, 0x03, 0x37, 0x28, 0x03, 0x3B, 0x50, 0x83, 0x61, 0x0C, 0x08, 0x35, 0x38,
    0x83, 0x0D, 0x81, 0x19, 0x6C, 0x58, 0xCC, 0xA0, 0x0D, 0xDC, 0xA0, 0x0C, 0xF0, 0x40, 0x0D, 0x06, 0x35, 0x68, 0xCA,
    0xE0, 0x0D, 0x26, 0x08, 0x40, 0xC6, 0x65, 0xCA, 0xEA, 0x0B, 0xEA, 0x6D, 0x2E, 0x8D, 0x2E, 0xED, 0xCD, 0x6D, 0x82,
    0x60, 0x84, 0xC1, 0x86, 0x45, 0x0F, 0xF6, 0xC0, 0x0D, 0xF8, 0x80, 0x0C, 0xE4, 0x60, 0x90, 0x03, 0x33, 0x28, 0x03,
    0x3A, 0xD8, 0x50, 0xC0, 0x41, 0x1D, 0xDC, 0x41, 0x1E, 0xF4, 0xC1, 0x86, 0x81, 0x0D, 0xFC, 0x00, 0x98, 0x20, 0xC4,
    0x81, 0x18, 0x6C, 0x10, 0x08, 0x50, 0xD8, 0x50, 0x7C, 0x60, 0xF0, 0x07, 0x5C, 0x28, 0x70, 0x48, 0x73, 0xA3, 0xE3,
    0xF3, 0xD6, 0xE6, 0x96, 0x06, 0xF7, 0x46, 0x57, 0xE6, 0x46, 0x07, 0x32, 0x86, 0x16, 0x26, 0xC7, 0x68, 0x2A, 0xAD,
    0x0D, 0x8E, 0xAD, 0x0C, 0x64, 0xE8, 0x65, 0x68, 0x65, 0x05, 0x84, 0x4A, 0x28, 0x28, 0x68, 0x43, 0x50, 0x0A, 0x13,
    0x84, 0x38, 0xD0, 0x36, 0x0C, 0xA4, 0x60, 0x0A, 0xA7, 0xB0, 0x61, 0x18, 0x05, 0x54, 0x38, 0x85, 0x0D, 0x43, 0x2A,
    0xA4, 0xC2, 0x29, 0x54, 0x61, 0x63, 0xB3, 0x6B, 0x73, 0x49, 0x23, 0x2B, 0x73, 0xA3, 0x9B, 0x12, 0x04, 0x55, 0xC8,
    0xF0, 0x5C, 0xEC, 0xCA, 0xE4, 0xE6, 0xD2, 0xDE, 0xDC, 0xA6, 0x04, 0x44, 0x13, 0x32, 0x3C, 0x17, 0xBB, 0x30, 0x36,
    0xBB, 0x32, 0xB9, 0x29, 0x81, 0x51, 0x87, 0x0C, 0xCF, 0x65, 0x0E, 0x2D, 0x8C, 0xAC, 0x4C, 0xAE, 0xE9, 0x8D, 0xAC,
    0x8C, 0x6D, 0x4A, 0x90, 0x94, 0x21, 0xC3, 0x73, 0x91, 0x2B, 0x9B, 0x7B, 0xAB, 0x93, 0x1B, 0x2B, 0x9B, 0x9B, 0x12,
    0x6C, 0x75, 0xC8, 0xF0, 0x5C, 0xEC, 0xD2, 0xCA, 0xEE, 0x92, 0xC8, 0xA6, 0xE8, 0xC2, 0xE8, 0xCA, 0xA6, 0x04, 0x5D,
    0x1D, 0x32, 0x3C, 0x97, 0x32, 0x37, 0x3A, 0xB9, 0x3C, 0xA8, 0xB7, 0x34, 0x37, 0xBA, 0xB9, 0x29, 0x41, 0x28, 0x00,
    0x00, 0x00, 0x79, 0x18, 0x00, 0x00, 0x51, 0x00, 0x00, 0x00, 0x33, 0x08, 0x80, 0x1C, 0xC4, 0xE1, 0x1C, 0x66, 0x14,
    0x01, 0x3D, 0x88, 0x43, 0x38, 0x84, 0xC3, 0x8C, 0x42, 0x80, 0x07, 0x79, 0x78, 0x07, 0x73, 0x98, 0x71, 0x0C, 0xE6,
    0x00, 0x0F, 0xED, 0x10, 0x0E, 0xF4, 0x80, 0x0E, 0x33, 0x0C, 0x42, 0x1E, 0xC2, 0xC1, 0x1D, 0xCE, 0xA1, 0x1C, 0x66,
    0x30, 0x05, 0x3D, 0x88, 0x43, 0x38, 0x84, 0x83, 0x1B, 0xCC, 0x03, 0x3D, 0xC8, 0x43, 0x3D, 0x8C, 0x03, 0x3D, 0xCC,
    0x78, 0x8C, 0x74, 0x70, 0x07, 0x7B, 0x08, 0x07, 0x79, 0x48, 0x87, 0x70, 0x70, 0x07, 0x7A, 0x70, 0x03, 0x76, 0x78,
    0x87, 0x70, 0x20, 0x87, 0x19, 0xCC, 0x11, 0x0E, 0xEC, 0x90, 0x0E, 0xE1, 0x30, 0x0F, 0x6E, 0x30, 0x0F, 0xE3, 0xF0,
    0x0E, 0xF0, 0x50, 0x0E, 0x33, 0x10, 0xC4, 0x1D, 0xDE, 0x21, 0x1C, 0xD8, 0x21, 0x1D, 0xC2, 0x61, 0x1E, 0x66, 0x30,
    0x89, 0x3B, 0xBC, 0x83, 0x3B, 0xD0, 0x43, 0x39, 0xB4, 0x03, 0x3C, 0xBC, 0x83, 0x3C, 0x84, 0x03, 0x3B, 0xCC, 0xF0,
    0x14, 0x76, 0x60, 0x07, 0x7B, 0x68, 0x07, 0x37, 0x68, 0x87, 0x72, 0x68, 0x07, 0x37, 0x80, 0x87, 0x70, 0x90, 0x87,
    0x70, 0x60, 0x07, 0x76, 0x28, 0x07, 0x76, 0xF8, 0x05, 0x76, 0x78, 0x87, 0x77, 0x80, 0x87, 0x5F, 0x08, 0x87, 0x71,
    0x18, 0x87, 0x72, 0x98, 0x87, 0x79, 0x98, 0x81, 0x2C, 0xEE, 0xF0, 0x0E, 0xEE, 0xE0, 0x0E, 0xF5, 0xC0, 0x0E, 0xEC,
    0x30, 0x03, 0x62, 0xC8, 0xA1, 0x1C, 0xE4, 0xA1, 0x1C, 0xCC, 0xA1, 0x1C, 0xE4, 0xA1, 0x1C, 0xDC, 0x61, 0x1C, 0xCA,
    0x21, 0x1C, 0xC4, 0x81, 0x1D, 0xCA, 0x61, 0x06, 0xD6, 0x90, 0x43, 0x39, 0xC8, 0x43, 0x39, 0x98, 0x43, 0x39, 0xC8,
    0x43, 0x39, 0xB8, 0xC3, 0x38, 0x94, 0x43, 0x38, 0x88, 0x03, 0x3B, 0x94, 0xC3, 0x2F, 0xBC, 0x83, 0x3C, 0xFC, 0x82,
    0x3B, 0xD4, 0x03, 0x3B, 0xB0, 0xC3, 0x0C, 0xC4, 0x21, 0x07, 0x7C, 0x70, 0x03, 0x7A, 0x28, 0x87, 0x76, 0x80, 0x87,
    0x19, 0xD1, 0x43, 0x0E, 0xF8, 0xE0, 0x06, 0xE4, 0x20, 0x0E, 0xE7, 0xE0, 0x06, 0xF6, 0x10, 0x0E, 0xF2, 0xC0, 0x0E,
    0xE1, 0x90, 0x0F, 0xEF, 0x50, 0x0F, 0xF4, 0x30, 0x83, 0x81, 0xC8, 0x01, 0x1F, 0xDC, 0x40, 0x1C, 0xE4, 0xA1, 0x1C,
    0xC2, 0x61, 0x1D, 0xDC, 0x40, 0x1C, 0xE4, 0x01, 0x00, 0x00, 0x00, 0x71, 0x20, 0x00, 0x00, 0x31, 0x00, 0x00, 0x00,
    0x06, 0x40, 0xFC, 0x35, 0xCE, 0x1B, 0x01, 0x34, 0x5C, 0xBE, 0xF3, 0xF8, 0x01, 0xD2, 0x00, 0x11, 0xE6, 0x17, 0xB7,
    0x6D, 0x07, 0xD0, 0x70, 0xF9, 0xCE, 0xE3, 0x07, 0x48, 0x03, 0x44, 0x98, 0x8F, 0xDC, 0xB6, 0x31, 0x50, 0xC3, 0xE5,
    0x3B, 0x8F, 0x1F, 0x50, 0x45, 0x41, 0x44, 0xA5, 0x03, 0x0C, 0x3E, 0x72, 0xDB, 0x86, 0xB0, 0x0D, 0x97, 0xEF, 0x3C,
    0xBE, 0x10, 0x50, 0x45, 0x41, 0x44, 0xA5, 0x03, 0x0C, 0x25, 0x61, 0x00, 0x02, 0xE6, 0x17, 0xB7, 0x6D, 0x09, 0xDB,
    0x70, 0xF9, 0xCE, 0xE3, 0x0B, 0x01, 0x55, 0x14, 0x44, 0x54, 0x3A, 0xC0, 0x50, 0x12, 0x06, 0x20, 0x60, 0x3E, 0x72,
    0xDB, 0xB6, 0x20, 0x0D, 0x97, 0xEF, 0x3C, 0xBE, 0x10, 0x11, 0xC0, 0x44, 0x84, 0x40, 0x33, 0x2C, 0x84, 0x15, 0x38,
    0xC3, 0xE5, 0x3B, 0x8F, 0x3F, 0x38, 0xD3, 0xED, 0x17, 0xB7, 0x6D, 0x02, 0xD3, 0x70, 0xF9, 0xCE, 0xE3, 0x2F, 0x0E,
    0x30, 0x88, 0xCD, 0x43, 0x4D, 0x3E, 0x72, 0xDB, 0x36, 0x50, 0x0D, 0x97, 0xEF, 0x3C, 0xBE, 0x34, 0x39, 0x11, 0x81,
    0x52, 0xD3, 0x43, 0x4D, 0x7E, 0x71, 0xDB, 0xA6, 0x20, 0x0D, 0x97, 0xEF, 0x3C, 0xFE, 0x44, 0x44, 0x13, 0x02, 0x44,
    0x98, 0x5F, 0xDC, 0xB6, 0x19, 0x3C, 0xC3, 0xE5, 0x3B, 0x8F, 0x4F, 0x35, 0x40, 0x84, 0xF9, 0xC5, 0x6D, 0x5B, 0x00,
    0xC1, 0x00, 0x48, 0x03, 0x00, 0x00, 0x61, 0x20, 0x00, 0x00, 0xBE, 0x02, 0x00, 0x00, 0x13, 0x04, 0x57, 0x2C, 0x10,
    0x00, 0x00, 0x00, 0x1F, 0x00, 0x00, 0x00, 0x04, 0x94, 0x5D, 0x71, 0xCD, 0x00, 0x94, 0x5C, 0x19, 0x95, 0x4A, 0x21,
    0x06, 0x94, 0x53, 0x81, 0x14, 0x58, 0xD9, 0x14, 0x50, 0x39, 0x14, 0x45, 0xB9, 0x95, 0x4C, 0xF9, 0xFF, 0x1F, 0xD4,
    0x40, 0x41, 0x91, 0x37, 0x02, 0x40, 0xC9, 0x18, 0x01, 0x08, 0x82, 0x20, 0xFE, 0x8D, 0x11, 0x80, 0x20, 0x08, 0xC2,
    0xDF, 0x18, 0x01, 0x08, 0x82, 0x20, 0x08, 0x06, 0x63, 0x04, 0x7B, 0xAC, 0xC6, 0xFB, 0x2F, 0x8C, 0x11, 0x80, 0x20,
    0x08, 0x82, 0xA0, 0x30, 0x46, 0x00, 0x82, 0x20, 0x08, 0xFF, 0xC2, 0x18, 0x01, 0x08, 0x82, 0x20, 0x2E, 0x06, 0x63,
    0x04, 0x37, 0xDE, 0x8E, 0x2D, 0x37, 0x46, 0x00, 0x82, 0x20, 0x08, 0x7E, 0x63, 0x04, 0x20, 0x08, 0x82, 0xF8, 0x2F,
    0x8C, 0x11, 0x80, 0x20, 0x08, 0xE2, 0xDC, 0x18, 0x01, 0x6B, 0xBE, 0x39, 0x5E, 0x8D, 0x00, 0x00, 0x00, 0x23, 0x06,
    0x09, 0x00, 0x82, 0x60, 0xF0, 0xFD, 0x81, 0xD7, 0x06, 0x7C, 0x90, 0x07, 0xCE, 0x88, 0x41, 0x02, 0x80, 0x20, 0x18,
    0x7C, 0xA0, 0xF0, 0xB5, 0x81, 0x1E, 0xE8, 0xC1, 0x33, 0x62, 0x90, 0x00, 0x20, 0x08, 0x06, 0x5F, 0x28, 0x80, 0x81,
    0x1B, 0xFC, 0x81, 0x1F, 0x40, 0x23, 0x06, 0x09, 0x00, 0x82, 0x60, 0xF0, 0x89, 0x42, 0x18, 0xBC, 0xC1, 0x1F, 0x80,
    0x42, 0x34, 0x62, 0x90, 0x00, 0x20, 0x08, 0x06, 0x07, 0x2B, 0xD4, 0x41, 0x28, 0x80, 0x42, 0x1C, 0x8C, 0xC1, 0x88,
    0x41, 0x02, 0x80, 0x20, 0x18, 0x1C, 0xAD, 0x60, 0x07, 0xA1, 0x10, 0x0A, 0x72, 0x40, 0x06, 0x23, 0x06, 0x07, 0x00,
    0x82, 0x60, 0xA0, 0x9D, 0xC2, 0x19, 0x14, 0xA2, 0x30, 0x9A, 0x10, 0x00, 0x16, 0x0C, 0x20, 0x18, 0x4D, 0x18, 0x02,
    0x0B, 0x0C, 0x10, 0x58, 0x30, 0x06, 0x22, 0x18, 0x31, 0x40, 0x00, 0x10, 0x04, 0x03, 0x31, 0x50, 0x85, 0x33, 0x60,
    0x82, 0x35, 0x18, 0x4D, 0x08, 0x86, 0x0B, 0x92, 0x35, 0x02, 0x0D, 0x40, 0x30, 0x62, 0x80, 0x00, 0x20, 0x08, 0x06,
    0x62, 0xE0, 0x0A, 0x6B, 0x00, 0x05, 0x6F, 0x30, 0x9A, 0x10, 0x00, 0xA3, 0x09, 0x42, 0x30, 0x9A, 0x30, 0x08, 0xA3,
    0x09, 0xC4, 0x70, 0x44, 0xB2, 0x47, 0x24, 0x7B, 0x44, 0xB2, 0x47, 0x24, 0x3B, 0x62, 0x70, 0x00, 0x20, 0x08, 0x06,
    0xD7, 0x2E, 0xE8, 0xC1, 0xA5, 0x0A, 0xA3, 0x09, 0xC1, 0x60, 0x41, 0x13, 0x1F, 0x0B, 0xC6, 0x00, 0x3E, 0x16, 0x80,
    0x81, 0x7C, 0x46, 0x0C, 0x0C, 0x00, 0x04, 0xC1, 0x00, 0x12, 0x87, 0x3A, 0x08, 0x2C, 0x30, 0x03, 0xF9, 0x18, 0x11,
    0xC4, 0x67, 0x38, 0x22, 0x11, 0x83, 0xE2, 0x1B, 0x8E, 0x10, 0x94, 0xE1, 0x2B, 0x21, 0xD8, 0x59, 0x06, 0x2B, 0x08,
    0x2C, 0xD3, 0x03, 0x10, 0x8C, 0x18, 0x20, 0x00, 0x08, 0x82, 0x81, 0x18, 0x8C, 0x03, 0x28, 0x94, 0x41, 0x40, 0x0A,
    0xA3, 0x09, 0x01, 0x70, 0x41, 0xB2, 0xA3, 0x09, 0x9C, 0x70, 0x41, 0xB2, 0xA3, 0x09, 0x5E, 0x70, 0x41, 0xB2, 0xA3,
    0x09, 0x60, 0x00, 0x5C, 0x90, 0xAC, 0x39, 0x16, 0x7D, 0x46, 0x0C, 0x0E, 0x00, 0x04, 0xC1, 0xE0, 0x8A, 0x07, 0x58,
    0x60, 0x03, 0x72, 0x18, 0x4D, 0x08, 0x82, 0xD1, 0x04, 0x01, 0x30, 0x21, 0x88, 0x8F, 0x05, 0x85, 0x7C, 0x2C, 0x18,
    0xE0, 0x63, 0x81, 0x23, 0x9F, 0x11, 0x83, 0x03, 0x00, 0x41, 0x30, 0xB8, 0xF0, 0xE1, 0x16, 0xE6, 0x40, 0x1E, 0x46,
    0x13, 0x02, 0x60, 0x34, 0x41, 0x08, 0x46, 0x13, 0x06, 0xC1, 0x86, 0x06, 0x3E, 0x36, 0x40, 0xF0, 0xB1, 0x61, 0x82,
    0x4F, 0xD5, 0xC1, 0x3D, 0xD8, 0x0E, 0x06, 0x94, 0xD0, 0x87, 0x80, 0x02, 0x60, 0x8C, 0x18, 0x1C, 0x00, 0x08, 0x82,
    0xC1, 0x25, 0x12, 0xE1, 0xD0, 0x07, 0xB5, 0x30, 0x9A, 0x10, 0x00, 0xA3, 0x09, 0x42, 0x30, 0x9A, 0x30, 0x08, 0xA3,
    0x09, 0xC4, 0x30, 0x62, 0x70, 0x00, 0x20, 0x08, 0x06, 0xD7, 0x49, 0x98, 0x83, 0x28, 0xFC, 0xC3, 0x68, 0x42, 0x00,
    0x8C, 0x26, 0x08, 0xC1, 0x68, 0xC2, 0x20, 0x8C, 0x26, 0x10, 0x83, 0x25, 0x44, 0x7C, 0x2C, 0x21, 0xE2, 0x63, 0x09,
    0x11, 0x1F, 0x4B, 0x88, 0xF8, 0x18, 0x01, 0x06, 0xF2, 0x31, 0x22, 0x0C, 0xE4, 0x63, 0x84, 0x18, 0xC8, 0xC7, 0x88,
    0x31, 0x90, 0x8F, 0x11, 0x0C, 0x7C, 0x8C, 0x60, 0xE0, 0x63, 0x04, 0x03, 0x1F, 0x23, 0x18, 0xF8, 0x58, 0x18, 0x88,
    0x83, 0x7C, 0x46, 0x0C, 0x0E, 0x00, 0x04, 0xC1, 0x80, 0xE9, 0x09, 0x7A, 0x08, 0x7A, 0x61, 0xC4, 0xE0, 0x00, 0x40,
    0x10, 0x0C, 0x2E, 0x9D, 0xC8, 0x87, 0x5A, 0x60, 0x87, 0xD1, 0x84, 0x60, 0x18, 0x8E, 0x08, 0x76, 0x41, 0xF8, 0x8A,
    0xC3, 0x09, 0x1C, 0x31, 0x38, 0x00, 0x10, 0x04, 0x83, 0xCB, 0x27, 0xFA, 0x21, 0x17, 0x5E, 0x62, 0x34, 0x21, 0x10,
    0x46, 0x0C, 0x0E, 0x00, 0x04, 0xC1, 0xE0, 0x02, 0x8B, 0x7F, 0xD8, 0x85, 0x97, 0x18, 0x4D, 0x08, 0x80, 0xD1, 0x04,
    0x21, 0x18, 0x4D, 0x18, 0x84, 0xE1, 0x88, 0x02, 0x1D, 0x84, 0x6F, 0x96, 0x41, 0x90, 0x92, 0xDA, 0x85, 0x9E, 0x18,
    0x0B, 0x12, 0x08, 0x18, 0xA3, 0x0E, 0xF2, 0x39, 0x21, 0x29, 0x0B, 0x04, 0xF9, 0x18, 0x2A, 0x04, 0xF1, 0x19, 0x31,
    0x38, 0x00, 0x10, 0x04, 0x03, 0xE6, 0x2D, 0x4C, 0x22, 0x50, 0x87, 0x59, 0x86, 0x81, 0x40, 0xAC, 0xA1, 0x07, 0xF9,
    0x58, 0x20, 0xC8, 0x67, 0xC4, 0xC0, 0x00, 0x40, 0x10, 0x0C, 0x20, 0xB8, 0x40, 0x89, 0xC0, 0xF4, 0x21, 0x88, 0x8F,
    0x05, 0x11, 0x7D, 0x2C, 0xD0, 0x05, 0xF9, 0x98, 0xA0, 0x0B, 0xF2, 0xB1, 0x41, 0x17, 0xE4, 0x63, 0x09, 0x11, 0x1F,
    0x0B, 0x28, 0xF9, 0x98, 0x40, 0xC9, 0xC7, 0x06, 0x4A, 0x3E, 0x36, 0x64, 0xF4, 0xB1, 0x41, 0xA3, 0x8F, 0x0D, 0x1B,
    0x7D, 0x4C, 0x19, 0xE0, 0x63, 0x83, 0x02, 0x1F, 0x1B, 0x14, 0xF8, 0xCC, 0x12, 0x14, 0x36, 0xA1, 0x84, 0x7C, 0x2C,
    0xF0, 0xE4, 0x63, 0x82, 0x27, 0x1F, 0x1B, 0x3C, 0xF9, 0xD8, 0xB0, 0x0E, 0xF0, 0xB1, 0x00, 0x93, 0x8F, 0x11, 0xEC,
    0x00, 0x1F, 0x0B, 0x34, 0xF9, 0x58, 0xD1, 0x0E, 0xF0, 0xB1, 0x80, 0x93, 0xCF, 0x2C, 0x41, 0x31, 0x50, 0x91, 0x68,
    0x83, 0x42, 0x0C, 0x54, 0x24, 0xDA, 0x80, 0x10, 0x03, 0x15, 0x89, 0x36, 0x18, 0x84, 0x0D, 0xAF, 0x00, 0x1F, 0x1B,
    0x5E, 0x01, 0x3E, 0x36, 0xBC, 0x02, 0x7C, 0xEC, 0x0C, 0xD8, 0x01, 0x3E, 0x16, 0x98, 0x41, 0x7C, 0x46, 0x0C, 0x0E,
    0x00, 0x04, 0xC1, 0x80, 0xA1, 0x8D, 0xB5, 0x08, 0x5E, 0x62, 0x96, 0xC1, 0x38, 0xDA, 0xC0, 0xE4, 0x20, 0x27, 0xE4,
    0x63, 0x81, 0x20, 0x9F, 0x11, 0x03, 0x03, 0x00, 0x41, 0x30, 0x80, 0x6A, 0xA3, 0x2D, 0x02, 0xFB, 0x89, 0x20, 0x3E,
    0x16, 0xD8, 0x01, 0x7D, 0x2C, 0xF8, 0x07, 0xF9, 0x98, 0xF0, 0x0F, 0xF2, 0xB1, 0xE1, 0x1F, 0xE4, 0x63, 0x09, 0x11,
    0x1F, 0x0B, 0xF2, 0x40, 0x3E, 0x26, 0xE4, 0x81, 0x7C, 0x6C, 0xC8, 0x03, 0xF9, 0xD8, 0xE0, 0x07, 0xF4, 0xB1, 0xE1,
    0x0F, 0xE8, 0x63, 0x03, 0x28, 0xD0, 0xC7, 0x94, 0x01, 0x3E, 0x36, 0x28, 0xF0, 0xB1, 0x41, 0x81, 0xCF, 0x2C, 0x01,
    0x62, 0x53, 0x5B, 0xC8, 0xC7, 0x82, 0x51, 0x90, 0x8F, 0x09, 0xA3, 0x20, 0x1F, 0x1B, 0x46, 0x41, 0x3E, 0x36, 0xC0,
    0x04, 0x7C, 0x2C, 0xC0, 0xE4, 0x63, 0x44, 0x4C, 0xC0, 0xC7, 0x02, 0x4D, 0x3E, 0x56, 0xC8, 0x04, 0x7C, 0x2C, 0xE0,
    0xE4, 0x33, 0x4B, 0x80, 0x0C, 0x54, 0x24, 0x9A, 0xA1, 0x1C, 0x03, 0x15, 0x89, 0x66, 0x20, 0xC7, 0x40, 0x45, 0xA2,
    0x19, 0xC6, 0x61, 0x2E, 0x91, 0x0A, 0xF1, 0xB1, 0x00, 0x15, 0xE2, 0x33, 0x62, 0x70, 0x00, 0x20, 0x08, 0x06, 0x8C,
    0x7D, 0xB4, 0x46, 0x10, 0x17, 0xB3, 0x0C, 0x89, 0xF2, 0x0A, 0x46, 0x0B, 0x7B, 0x21, 0x1F, 0x0B, 0x04, 0xF9, 0x8C,
    0x18, 0x18, 0x00, 0x08, 0x82, 0x01, 0x74, 0x1F, 0xAF, 0x11, 0x58, 0x68, 0x04, 0xF1, 0xB1, 0x00, 0x17, 0xE8, 0x63,
    0x41, 0x58, 0xC8, 0xC7, 0x84, 0xB0, 0x90, 0x8F, 0x0D, 0x61, 0x21, 0x1F, 0x4B, 0x88, 0xF8, 0x58, 0xB0, 0x0B, 0xF2,
    0x31, 0x61, 0x17, 0xE4, 0x63, 0xC3, 0x2E, 0xC8, 0xC7, 0x06, 0x70, 0xA0, 0x8F, 0x0D, 0xE1, 0x40, 0x1F, 0x1B, 0xC4,
    0x81, 0x3E, 0xA6, 0x0C, 0xF0, 0xB1, 0x41, 0x81, 0x8F, 0x0D, 0x0A, 0x7C, 0x66, 0x09, 0x16, 0x9B, 0x5E, 0x43, 0x3E,
    0x16, 0x94, 0x83, 0x7C, 0x4C, 0x28, 0x07, 0xF9, 0xD8, 0x50, 0x0E, 0xF2, 0xB1, 0x41, 0x2E, 0xE0, 0x63, 0x01, 0x26,
    0x1F, 0x23, 0xE6, 0x02, 0x3E, 0x16, 0x68, 0xF2, 0xB1, 0x82, 0x2E, 0xE0, 0x63, 0x01, 0x27, 0x9F, 0x59, 0x82, 0x65,
    0xA0, 0x22, 0xD1, 0x12, 0x45, 0x19, 0xA8, 0x48, 0xB4, 0x04, 0x51, 0x06, 0x2A, 0x12, 0x2D, 0x31, 0x14, 0x2B, 0x83,
    0x21, 0x3E, 0x56, 0x06, 0x43, 0x7C, 0xAC, 0x0C, 0x86, 0xF8, 0x8C, 0x18, 0x1C, 0x00, 0x08, 0x82, 0xC1, 0x55, 0x23,
    0xF4, 0x11, 0x1B, 0x2D, 0x32, 0x9A, 0x10, 0x04, 0xC3, 0x11, 0x41, 0x78, 0x08, 0xDF, 0x2C, 0x03, 0xD3, 0x04, 0x23,
    0x06, 0x07, 0x00, 0x82, 0x60, 0x70, 0xE1, 0xC8, 0x7D, 0xD0, 0xC6, 0x8A, 0x8C, 0x26, 0x04, 0xC0, 0x68, 0x82, 0x10,
    0x8C, 0x26, 0x0C, 0xC2, 0x88, 0xC1, 0x01, 0x80, 0x20, 0x18, 0x5C, 0x3C, 0xB2, 0x1F, 0xB8, 0xB1, 0x22, 0xA3, 0x09,
    0x01, 0x30, 0x9A, 0x20, 0x04, 0xA3, 0x09, 0x83, 0x60, 0x42, 0x21, 0x1F, 0x13, 0x0E, 0xF9, 0x98, 0x10, 0xC4, 0xC7,
    0x08, 0x45, 0x3E, 0x76, 0x24, 0xF2, 0x31, 0x21, 0x88, 0x8F, 0x25, 0x8C, 0x7C, 0x2C, 0x71, 0xE4, 0x63, 0x42, 0x10,
    0x9F, 0x59, 0x02, 0xC7, 0xE0, 0xC3, 0x17, 0xE2, 0x63, 0xF1, 0xE1, 0x0B, 0xF1, 0x31, 0xF9, 0xF0, 0x85, 0xF8, 0xCC,
    0x12, 0x38, 0x03, 0x15, 0x09, 0xC5, 0x18, 0xCD, 0x40, 0x45, 0x02, 0x31, 0x46, 0x33, 0x50, 0x91, 0x30, 0x8C, 0xD1,
    0x58, 0xC0, 0xC9, 0xC7, 0x06, 0x4E, 0x3E, 0x26, 0x04, 0xF1, 0x31, 0xC3, 0x93, 0x8F, 0x15, 0x61, 0x20, 0x1F, 0x13,
    0x82, 0xF8, 0x18, 0x32, 0x06, 0xF2, 0x31, 0x65, 0x0C, 0xE4, 0x63, 0x42, 0x10, 0x9F, 0x11, 0x83, 0x05, 0x00, 0x41,
    0x30, 0x70, 0xF6, 0x24, 0x45, 0x0E, 0x22, 0x38, 0x88, 0x60, 0x38, 0x22, 0xC8, 0x0F, 0xE1, 0x9B, 0x65, 0x78, 0xA0,
    0x60, 0xC4, 0xC0, 0x00, 0x40, 0x10, 0x0C, 0x20, 0x3E, 0x51, 0x11, 0xC1, 0x02, 0x45, 0x3E, 0x26, 0x20, 0xF2, 0xB1,
    0xC1, 0x90, 0xCF, 0x2C, 0x41, 0x34, 0x62, 0x70, 0x00, 0x20, 0x08, 0x06, 0x97, 0x9F, 0xF4, 0x88, 0x7E, 0xC4, 0xC9,
    0x68, 0x42, 0x00, 0x8C, 0x26, 0x08, 0xC1, 0x68, 0xC2, 0x20, 0xCC, 0x12, 0x44, 0x03, 0x15, 0x89, 0xF3, 0x18, 0xD0,
    0x40, 0x45, 0xE2, 0x3C, 0x06, 0x34, 0x50, 0x91, 0x38, 0x8F, 0x01, 0x15, 0x69, 0x80, 0x8A, 0x5E, 0x90, 0x94, 0x05,
    0x2D, 0x02, 0x1F, 0x03, 0x8B, 0x15, 0x91, 0x8F, 0xD1, 0x48, 0x10, 0x1F, 0x1B, 0x66, 0x44, 0x3E, 0x23, 0x06, 0x07,
    0x00, 0x82, 0x60, 0x70, 0xAD, 0x8A, 0x9A, 0x9C, 0x48, 0xA9, 0x8C, 0x26, 0x04, 0xC0, 0x68, 0x82, 0x10, 0x8C, 0x26,
    0x0C, 0xC2, 0x68, 0x02, 0x31, 0x8C, 0x18, 0x1C, 0x00, 0x08, 0x82, 0xC1, 0x05, 0x2B, 0x6F, 0xC2, 0x22, 0xAB, 0x32,
    0x9A, 0x10, 0x00, 0xA3, 0x09, 0x42, 0x30, 0x9A, 0x30, 0x08, 0xA3, 0x09, 0xC4, 0x30, 0x62, 0x70, 0x00, 0x20, 0x08,
    0x06, 0x57, 0xAD, 0xD0, 0x49, 0x8C, 0xB0, 0xCA, 0x68, 0x42, 0x00, 0x8C, 0x26, 0x08, 0xC1, 0x68, 0xC2, 0x20, 0x8C,
    0x26, 0x10, 0xC3, 0x88, 0xC1, 0x01, 0x80, 0x20, 0x18, 0x5C, 0xBA, 0x92, 0x27, 0x36, 0xB2, 0x2A, 0xA3, 0x09, 0x01,
    0x30, 0x9A, 0x20, 0x04, 0xA3, 0x09, 0x83, 0x30, 0x9A, 0x40, 0x0C, 0x86, 0xA1, 0x87, 0x7C, 0x2C, 0xB8, 0xE4, 0x63,
    0x5F, 0x20, 0x1F, 0xFB, 0x04, 0xF9, 0xD8, 0x37, 0xC8, 0xC7, 0x86, 0x9C, 0x80, 0x8F, 0x0D, 0x39, 0x01, 0x1F, 0x1B,
    0x72, 0x02, 0x3E, 0xB6, 0x0D, 0xF2, 0x19, 0x31, 0x40, 0x00, 0x10, 0x04, 0x03, 0xCE, 0x5C, 0x4C, 0x65, 0xB8, 0x82,
    0x11, 0x03, 0x04, 0x00, 0x41, 0x30, 0xE0, 0xCE, 0xE5, 0x54, 0x86, 0x29, 0xB0, 0xE0, 0x81, 0x8E, 0x79, 0x87, 0x7C,
    0x46, 0x0C, 0x10, 0x00, 0x04, 0xC1, 0x80, 0x53, 0x17, 0x55, 0x39, 0xB4, 0x60, 0xC4, 0x00, 0x01, 0x40, 0x10, 0x0C,
    0xB8, 0x75, 0x59, 0x95, 0xC3, 0x0A, 0x2C, 0x90, 0xA0, 0x63, 0x61, 0xB0, 0xC8, 0x67, 0xC4, 0x00, 0x01, 0x40, 0x10,
    0x0C, 0x38, 0x77, 0x71, 0x95, 0xA5, 0x0B, 0x46, 0x0C, 0x10, 0x00, 0x04, 0xC1, 0x80, 0x7B, 0x97, 0x57, 0x59, 0xB2,
    0xC0, 0x82, 0x0A, 0x3A, 0x46, 0x06, 0x8F, 0x7C, 0x46, 0x0C, 0x10, 0x00, 0x04, 0xC1, 0x80, 0x93, 0x17, 0x59, 0x79,
    0xC0, 0x20, 0x18, 0x31, 0x40, 0x00, 0x10, 0x04, 0x03, 0x6E, 0x5E, 0x66, 0xE5, 0xE1, 0x02, 0x0B, 0x30, 0xE8, 0xCC,
    0x12, 0x58, 0x65, 0x1F, 0xF2, 0xA2, 0x17, 0x24, 0x75, 0xBC, 0x91, 0xD4, 0x2C, 0xC3, 0x44, 0xD9, 0x86, 0xED, 0x86,
    0xA8, 0xC8, 0xC7, 0x82, 0x1C, 0x91, 0xCF, 0x88, 0x81, 0x01, 0x80, 0x20, 0x18, 0x40, 0xFE, 0x62, 0x2B, 0x81, 0xA1,
    0x4A, 0x10, 0x1F, 0x0B, 0x7E, 0x83, 0x3E, 0x16, 0xA0, 0x89, 0x7C, 0x4C, 0x40, 0x13, 0xF9, 0xD8, 0x80, 0x26, 0xF2,
    0x31, 0x30, 0x21, 0xE2, 0x63, 0x81, 0x78, 0xC8, 0xC7, 0x04, 0xF1, 0x90, 0x8F, 0x0D, 0xE2, 0x21, 0x1F, 0x1B, 0xCE,
    0x83, 0x3E, 0x36, 0xA0, 0x07, 0x7D, 0x6C, 0x48, 0x0F, 0xFA, 0x98, 0x32, 0xC0, 0xC7, 0x06, 0x05, 0x3E, 0x36, 0x28,
    0xF0, 0x99, 0x25, 0xA8, 0x4C, 0x4D, 0x6C, 0x45, 0x3E, 0xC6, 0x1E, 0x81, 0x7C, 0x8C, 0x3D, 0x04, 0xF9, 0x18, 0x7B,
    0x0C, 0xF2, 0xB1, 0x21, 0x4F, 0xE0, 0x63, 0xC1, 0x9B, 0xC8, 0xC7, 0x08, 0x3D, 0x81, 0x8F, 0x05, 0x71, 0x22, 0x1F,
    0x2B, 0xF6, 0x04, 0x3E, 0x16, 0xCC, 0x89, 0x7C, 0x66, 0x09, 0xAA, 0x81, 0x8A, 0x44, 0x9B, 0x14, 0x6A, 0xA0, 0x22,
    0xD1, 0x26, 0x84, 0x1A, 0xA8, 0x48, 0xB4, 0xC9, 0xA0, 0x6C, 0xE8, 0x11, 0xF8, 0xD8, 0xD0, 0x23, 0xF0, 0xB1, 0xA1,
    0x47, 0xE0, 0x33, 0x62, 0x70, 0x00, 0x20, 0x08, 0x06, 0x17, 0xCF, 0xEC, 0x0B, 0xAE, 0xAC, 0xCC, 0x68, 0x42, 0x00,
    0x8C, 0x26, 0x08, 0xC1, 0x68, 0xC2, 0x20, 0x18, 0x1A, 0x98, 0x0B, 0x7C, 0x8C, 0x08, 0xE4, 0x63, 0x84, 0x20, 0x1F,
    0x23, 0x06, 0xF9, 0x8C, 0x18, 0x1C, 0x00, 0x08, 0x82, 0xC1, 0x45, 0x36, 0x23, 0x03, 0x2E, 0x37, 0x33, 0x9A, 0x10,
    0x00, 0xA3, 0x09, 0x42, 0x30, 0x9A, 0x30, 0x08, 0xF6, 0x06, 0xEE, 0x02, 0x1F, 0x23, 0x02, 0xF9, 0x18, 0x21, 0xC8,
    0xC7, 0x88, 0x41, 0x3E, 0x36, 0x2C, 0xF0, 0xB1, 0x61, 0x81, 0x8F, 0x0D, 0x0B, 0x7C, 0x6C, 0xC0, 0x13, 0xF9, 0xD8,
    0x90, 0x27, 0xF2, 0xB1, 0x41, 0x4F, 0xE4, 0x63, 0xD9, 0x00, 0x1F, 0xCB, 0x06, 0xF8, 0x58, 0x36, 0xC0, 0x67, 0xC4,
    0xE0, 0x00, 0x40, 0x10, 0x0C, 0x34, 0xBA, 0xA1, 0x19, 0x78, 0x71, 0x9B, 0xD1, 0x84, 0x60, 0xA8, 0xC0, 0x64, 0xB4,
    0x84, 0x97, 0x41, 0x0B, 0x04, 0x09, 0x8C, 0x18, 0x1C, 0x00, 0x08, 0x82, 0x81, 0xB4, 0x37, 0x32, 0x13, 0xD4, 0x4D,
    0x05, 0x29, 0x03, 0x27, 0x24, 0x65, 0x41, 0xAB, 0xC8, 0xE7, 0x02, 0x60, 0x46, 0x0C, 0x0E, 0x00, 0x04, 0xC1, 0x40,
    0x02, 0x1D, 0x96, 0x09, 0x88, 0x11, 0x83, 0x03, 0x00, 0x41, 0x30, 0x90, 0x42, 0x07, 0x67, 0x92, 0xBD, 0x29, 0x21,
    0xA8, 0x0B, 0x92, 0x2A, 0x62, 0x98, 0x0B, 0x92, 0x32, 0x98, 0x61, 0x85, 0xF8, 0x18, 0xE1, 0x0A, 0xF0, 0x31, 0x61,
    0x80, 0xCF, 0x88, 0xC1, 0x01, 0x80, 0x20, 0x18, 0x48, 0xA9, 0x03, 0x36, 0xD0, 0xE8, 0x5C, 0x92, 0xD4, 0x09, 0x49,
    0x59, 0x21, 0xD0, 0xC7, 0x0A, 0x81, 0x3E, 0x56, 0x0B, 0x36, 0x23, 0x1F, 0xAB, 0x85, 0x9B, 0x91, 0x8F, 0x09, 0x31,
    0x03, 0x1F, 0x13, 0x64, 0x06, 0x3E, 0x23, 0x06, 0x07, 0x00, 0x82, 0x60, 0x70, 0xC5, 0x0E, 0xDC, 0xB4, 0xCC, 0xEA,
    0x8C, 0x26, 0x04, 0xC0, 0x68, 0x82, 0x10, 0x8C, 0x26, 0x0C, 0xC2, 0x68, 0x02, 0x31, 0x8C, 0x18, 0x1C, 0x00, 0x08,
    0x82, 0xC1, 0x65, 0x3B, 0x75, 0x23, 0x33, 0xB1, 0x33, 0x9A, 0x10, 0x00, 0xA3, 0x09, 0x42, 0x30, 0x9A, 0x30, 0x08,
    0xA3, 0x09, 0xC4, 0x30, 0x62, 0x70, 0x00, 0x20, 0x08, 0x06, 0xD7, 0xEE, 0xE8, 0xCD, 0xCD, 0xC8, 0xCE, 0x68, 0x42,
    0x00, 0x8C, 0x26, 0x08, 0xC1, 0x68, 0xC2, 0x20, 0x8C, 0x26, 0x10, 0xC3, 0x88, 0xC1, 0x01, 0x80, 0x20, 0x18, 0x5C,
    0xE0, 0xF3, 0x37, 0x3C, 0x13, 0x3B, 0xA3, 0x09, 0x01, 0x30, 0x9A, 0x20, 0x04, 0xA3, 0x09, 0x83, 0x30, 0x9A, 0x40,
    0x0C, 0x36, 0xCD, 0x81, 0x7C, 0x46, 0x0C, 0x10, 0x00, 0x04, 0xC1, 0x80, 0x23, 0x1F, 0xD2, 0x99, 0x83, 0x27, 0x18,
    0x31, 0x40, 0x00, 0x10, 0x04, 0x03, 0xAE, 0x7C, 0x4A, 0x67, 0x0E, 0x96, 0xC0, 0x82, 0x03, 0x3A, 0x66, 0xDD, 0x81,
    0x7C, 0x46, 0x0C, 0x10, 0x00, 0x04, 0xC1, 0x80, 0x43, 0x1F, 0xD4, 0xB9, 0x03, 0x29, 0x18, 0x31, 0x40, 0x00, 0x10,
    0x04, 0x03, 0x2E, 0x7D, 0x52, 0xE7, 0x0E, 0x9C, 0xC0, 0x02, 0x05, 0x3A, 0x96, 0xED, 0x81, 0x7C, 0x46, 0x0C, 0x10,
    0x00, 0x04, 0xC1, 0x80, 0x63, 0x1F, 0xD6, 0xD9, 0x83, 0x2A, 0x18, 0x31, 0x40, 0x00, 0x10, 0x04, 0x03, 0xAE, 0x7D,
    0x5A, 0x67, 0x0F, 0xA2, 0xC0, 0x82, 0x06, 0x3A, 0xC6, 0xFD, 0x81, 0x7C, 0x46, 0x0C, 0x10, 0x00, 0x04, 0xC1, 0x80,
    0x83, 0x1F, 0xD8, 0xF9, 0x03, 0x2C, 0x18, 0x31, 0x40, 0x00, 0x10, 0x04, 0x03, 0x2E, 0x7E, 0x62, 0xE7, 0x0F, 0xA8,
    0xC0, 0x02, 0x08, 0x3A, 0xB3, 0x04, 0xD6, 0x40, 0x47, 0x82, 0x6E, 0x11, 0x2B, 0x54, 0xE8, 0x06, 0x0C, 0x74, 0x24,
    0xB8, 0x12, 0xB1, 0x42, 0xA5, 0x6E, 0xC0, 0x40, 0x47, 0xC2, 0x57, 0x11, 0x5F, 0x55, 0x24, 0x07, 0x0C, 0x74, 0x24,
    0xA8, 0x15, 0xA1, 0x56, 0xE5, 0x6E, 0xC0, 0x40, 0x47, 0x82, 0x5A, 0x11, 0x6A, 0x55, 0xF0, 0x06, 0x0C, 0x74, 0x24,
    0xA8, 0x15, 0xA1, 0x56, 0x25, 0x6F, 0xC0, 0x40, 0x47, 0x82, 0x5A, 0x11, 0x6A, 0x55, 0xF4, 0x06, 0x0C, 0x74, 0x24,
    0xE8, 0x12, 0x89, 0x43, 0x65, 0x6F, 0xC0, 0x40, 0x47, 0xE2, 0x2E, 0x91, 0x38, 0x54, 0xF8, 0x06, 0x0C, 0x74, 0x24,
    0x68, 0x12, 0xB1, 0x41, 0xE5, 0x72, 0xC0, 0x40, 0x47, 0x22, 0x26, 0x91, 0x19, 0x54, 0x30, 0x07, 0x0C, 0x74, 0x24,
    0x3C, 0x12, 0x81, 0x41, 0x25, 0x73, 0xC0, 0x40, 0x47, 0x62, 0x23, 0x91, 0x56, 0xE1, 0x1C, 0x30, 0x62, 0x90, 0x00,
    0x20, 0x08, 0x06, 0xCA, 0x09, 0xD5, 0x0F, 0xFF, 0xF0, 0x4F, 0xFB, 0x18, 0x23, 0x06, 0x09, 0x00, 0x82, 0x60, 0xA0,
    0x9C, 0x50, 0xFD, 0xF0, 0x0F, 0xFF, 0xB8, 0x4F, 0x31, 0x62, 0x90, 0x00, 0x20, 0x08, 0x06, 0xCA, 0x09, 0xD5, 0x4F,
    0xFF, 0xF0, 0x4F, 0xFB, 0x28, 0x23, 0x06, 0x09, 0x00, 0x82, 0x60, 0xA0, 0x9C, 0x50, 0xFD, 0xF4, 0x0F, 0xFF, 0xB8,
    0x4F, 0x32, 0x62, 0x90, 0x00, 0x20, 0x08, 0x06, 0xCA, 0x09, 0xD5, 0x4F, 0xFF, 0xF0, 0x0F, 0xFB, 0x20, 0x23, 0x06,
    0x09, 0x00, 0x82, 0x60, 0xA0, 0x9C, 0x50, 0xFD, 0xF4, 0x0F, 0xFF, 0xA4, 0xCF, 0x31, 0x62, 0x90, 0x00, 0x20, 0x08,
    0x06, 0xCA, 0x09, 0xD5, 0x4F, 0xFE, 0xF0, 0x4F, 0xFB, 0x2C, 0x23, 0x06, 0x09, 0x00, 0x82, 0x60, 0xA0, 0x9C, 0x50,
    0xFD, 0xCC, 0x0F, 0xFF, 0xB4, 0x4F, 0x33, 0x62, 0x90, 0x00, 0x20, 0x08, 0x06, 0xCA, 0x09, 0xD5, 0xCF, 0xFC, 0xF0,
    0x8F, 0xFB, 0x30, 0x23, 0x06, 0x09, 0x00, 0x82, 0x60, 0xA0, 0x9C, 0x50, 0xFD, 0xC4, 0x0F, 0xFF, 0xB4, 0x0F, 0x31,
    0x62, 0x90, 0x00, 0x20, 0x08, 0x06, 0xCA, 0x09, 0xD5, 0x4F, 0xFC, 0xF0, 0x8F, 0xFB, 0x0C, 0x23, 0x06, 0x09, 0x00,
    0x82, 0x60, 0xA0, 0x9C, 0x50, 0xFD, 0xC4, 0x0F, 0xFF, 0xB0, 0x8F, 0x30, 0x62, 0x90, 0x00, 0x20, 0x08, 0x06, 0xCA,
    0x09, 0xD5, 0x4F, 0xFC, 0xF0, 0x4F, 0xFA, 0x04, 0x18, 0x10, 0x03, 0x00, 0x00, 0x02, 0x00, 0x00, 0x00, 0x5B, 0x06,
    0x50, 0x08, 0x52, 0x01, 0x00, 0x00, 0x00, 0x00, 0x00, 0x00, 0x00, 0x00, 0x00, 0x00, 0x44, 0x58, 0x42, 0x43, 0x73,
    0x05, 0x4F, 0xB7, 0x78, 0xFB, 0x5C, 0x13, 0xCF, 0x49, 0x09, 0x43, 0x2A, 0xB4, 0xA5, 0x76, 0x01, 0x00, 0x00, 0x00,
    0x94, 0x0F, 0x00, 0x00, 0x06, 0x00, 0x00, 0x00, 0x38, 0x00, 0x00, 0x00, 0x48, 0x00, 0x00, 0x00, 0x84, 0x00, 0x00,
    0x00, 0x4C, 0x01, 0x00, 0x00, 0xAC, 0x02, 0x00, 0x00, 0xC8, 0x02, 0x00, 0x00, 0x53, 0x46, 0x49, 0x30, 0x08, 0x00,
    0x00, 0x00, 0x00, 0x00, 0x00, 0x00, 0x00, 0x00, 0x00, 0x00, 0x49, 0x53, 0x47, 0x31, 0x34, 0x00, 0x00, 0x00, 0x01,
    0x00, 0x00, 0x00, 0x08, 0x00, 0x00, 0x00, 0x00, 0x00, 0x00, 0x00, 0x28, 0x00, 0x00, 0x00, 0x00, 0x00, 0x00, 0x00,
    0x06, 0x00, 0x00, 0x00, 0x01, 0x00, 0x00, 0x00, 0x00, 0x00, 0x00, 0x00, 0x01, 0x01, 0x00, 0x00, 0x00, 0x00, 0x00,
    0x00, 0x53, 0x56, 0x5F, 0x56, 0x65, 0x72, 0x74, 0x65, 0x78, 0x49, 0x44, 0x00, 0x4F, 0x53, 0x47, 0x31, 0xC0, 0x00,
    0x00, 0x00, 0x05, 0x00, 0x00, 0x00, 0x08, 0x00, 0x00, 0x00, 0x00, 0x00, 0x00, 0x00, 0xA8, 0x00, 0x00, 0x00, 0x00,
    0x00, 0x00, 0x00, 0x00, 0x00, 0x00, 0x00, 0x03, 0x00, 0x00, 0x00, 0x00, 0x00, 0x00, 0x00, 0x03, 0x0C, 0x00, 0x00,
    0x00, 0x00, 0x00, 0x00, 0x00, 0x00, 0x00, 0x00, 0xA8, 0x00, 0x00, 0x00, 0x02, 0x00, 0x00, 0x00, 0x00, 0x00, 0x00,
    0x00, 0x03, 0x00, 0x00, 0x00, 0x00, 0x00, 0x00, 0x00, 0x04, 0x0B, 0x00, 0x00, 0x00, 0x00, 0x00, 0x00, 0x00, 0x00,
    0x00, 0x00, 0xA8, 0x00, 0x00, 0x00, 0x01, 0x00, 0x00, 0x00, 0x00, 0x00, 0x00, 0x00, 0x03, 0x00, 0x00, 0x00, 0x01,
    0x00, 0x00, 0x00, 0x0F, 0x00, 0x00, 0x00, 0x00, 0x00, 0x00, 0x00, 0x00, 0x00, 0x00, 0x00, 0xA8, 0x00, 0x00, 0x00,
    0x03, 0x00, 0x00, 0x00, 0x00, 0x00, 0x00, 0x00, 0x03, 0x00, 0x00, 0x00, 0x02, 0x00, 0x00, 0x00, 0x03, 0x0C, 0x00,
    0x00, 0x00, 0x00, 0x00, 0x00, 0x00, 0x00, 0x00, 0x00, 0xB1, 0x00, 0x00, 0x00, 0x00, 0x00, 0x00, 0x00, 0x01, 0x00,
    0x00, 0x00, 0x03, 0x00, 0x00, 0x00, 0x03, 0x00, 0x00, 0x00, 0x0F, 0x00, 0x00, 0x00, 0x00, 0x00, 0x00, 0x00, 0x54,
    0x45, 0x58, 0x43, 0x4F, 0x4F, 0x52, 0x44, 0x00, 0x53, 0x56, 0x5F, 0x50, 0x6F, 0x73, 0x69, 0x74, 0x69, 0x6F, 0x6E,
    0x00, 0x00, 0x00, 0x00, 0x50, 0x53, 0x56, 0x30, 0x58, 0x01, 0x00, 0x00, 0x34, 0x00, 0x00, 0x00, 0x01, 0x00, 0x00,
    0x00, 0x00, 0x00, 0x00, 0x00, 0x00, 0x00, 0x00, 0x00, 0x00, 0x00, 0x00, 0x00, 0x00, 0x00, 0x00, 0x00, 0xFF, 0xFF,
    0xFF, 0xFF, 0x01, 0x00, 0x00, 0x00, 0x01, 0x05, 0x00, 0x01, 0x04, 0x00, 0x00, 0x00, 0x00, 0x00, 0x00, 0x00, 0x00,
    0x00, 0x00, 0x00, 0x00, 0x00, 0x00, 0x00, 0x25, 0x00, 0x00, 0x00, 0x04, 0x00, 0x00, 0x00, 0x18, 0x00, 0x00, 0x00,
    0x02, 0x00, 0x00, 0x00, 0x00, 0x00, 0x00, 0x00, 0x01, 0x00, 0x00, 0x00, 0x01, 0x00, 0x00, 0x00, 0x0D, 0x00, 0x00,
    0x00, 0x00, 0x00, 0x00, 0x00, 0x02, 0x00, 0x00, 0x00, 0x00, 0x00, 0x00, 0x00, 0x00, 0x00, 0x00, 0x00, 0x00, 0x00,
    0x00, 0x00, 0x0D, 0x00, 0x00, 0x00, 0x00, 0x00, 0x00, 0x00, 0x02, 0x00, 0x00, 0x00, 0x05, 0x00, 0x00, 0x00, 0x02,
    0x00, 0x00, 0x00, 0x02, 0x00, 0x00, 0x00, 0x0D, 0x00, 0x00, 0x00, 0x00, 0x00, 0x00, 0x00, 0x04, 0x00, 0x00, 0x00,
    0x00, 0x00, 0x00, 0x00, 0x02, 0x00, 0x00, 0x00, 0x02, 0x00, 0x00, 0x00, 0x0B, 0x00, 0x00, 0x00, 0x00, 0x00, 0x00,
    0x00, 0x2C, 0x00, 0x00, 0x00, 0x00, 0x54, 0x45, 0x58, 0x43, 0x4F, 0x4F, 0x52, 0x44, 0x00, 0x54, 0x45, 0x58, 0x43,
    0x4F, 0x4F, 0x52, 0x44, 0x00, 0x54, 0x45, 0x58, 0x43, 0x4F, 0x4F, 0x52, 0x44, 0x00, 0x54, 0x45, 0x58, 0x43, 0x4F,
    0x4F, 0x52, 0x44, 0x00, 0x6D, 0x61, 0x69, 0x6E, 0x00, 0x00, 0x00, 0x04, 0x00, 0x00, 0x00, 0x00, 0x00, 0x00, 0x00,
    0x01, 0x00, 0x00, 0x00, 0x02, 0x00, 0x00, 0x00, 0x03, 0x00, 0x00, 0x00, 0x10, 0x00, 0x00, 0x00, 0x00, 0x00, 0x00,
    0x00, 0x00, 0x00, 0x00, 0x00, 0x01, 0x00, 0x41, 0x01, 0x01, 0x00, 0x00, 0x00, 0x01, 0x00, 0x00, 0x00, 0x00, 0x00,
    0x00, 0x00, 0x01, 0x00, 0x42, 0x00, 0x03, 0x02, 0x00, 0x00, 0x0A, 0x00, 0x00, 0x00, 0x01, 0x00, 0x00, 0x00, 0x01,
    0x01, 0x44, 0x00, 0x03, 0x02, 0x00, 0x00, 0x13, 0x00, 0x00, 0x00, 0x02, 0x00, 0x00, 0x00, 0x01, 0x00, 0x61, 0x00,
    0x03, 0x02, 0x00, 0x00, 0x1C, 0x00, 0x00, 0x00, 0x03, 0x00, 0x00, 0x00, 0x01, 0x02, 0x42, 0x00, 0x03, 0x02, 0x00,
    0x00, 0x00, 0x00, 0x00, 0x00, 0x00, 0x00, 0x00, 0x00, 0x01, 0x03, 0x44, 0x03, 0x03, 0x04, 0x00, 0x00, 0xF7, 0xF2,
    0x00, 0x00, 0x00, 0x00, 0x00, 0x00, 0x00, 0x00, 0x00, 0x00, 0x00, 0x00, 0x00, 0x00, 0x48, 0x41, 0x53, 0x48, 0x14,
    0x00, 0x00, 0x00, 0x00, 0x00, 0x00, 0x00, 0x0F, 0xB6, 0xF9, 0x27, 0x92, 0x41, 0x68, 0x53, 0x8F, 0x17, 0x07, 0x6A,
    0xD1, 0xBD, 0xFA, 0xD2, 0x44, 0x58, 0x49, 0x4C, 0xC4, 0x0C, 0x00, 0x00, 0x60, 0x00, 0x01, 0x00, 0x31, 0x03, 0x00,
    0x00, 0x44, 0x58, 0x49, 0x4C, 0x00, 0x01, 0x00, 0x00, 0x10, 0x00, 0x00, 0x00, 0xAC, 0x0C, 0x00, 0x00, 0x42, 0x43,
    0xC0, 0xDE, 0x21, 0x0C, 0x00, 0x00, 0x28, 0x03, 0x00, 0x00, 0x0B, 0x82, 0x20, 0x00, 0x02, 0x00, 0x00, 0x00, 0x13,
    0x00, 0x00, 0x00, 0x07, 0x81, 0x23, 0x91, 0x41, 0xC8, 0x04, 0x49, 0x06, 0x10, 0x32, 0x39, 0x92, 0x01, 0x84, 0x0C,
    0x25, 0x05, 0x08, 0x19, 0x1E, 0x04, 0x8B, 0x62, 0x80, 0x18, 0x45, 0x02, 0x42, 0x92, 0x0B, 0x42, 0xC4, 0x10, 0x32,
    0x14, 0x38, 0x08, 0x18, 0x4B, 0x0A, 0x32, 0x62, 0x88, 0x48, 0x90, 0x14, 0x20, 0x43, 0x46, 0x88, 0xA5, 0x00, 0x19,
    0x32, 0x42, 0xE4, 0x48, 0x0E, 0x90, 0x11, 0x23, 0xC4, 0x50, 0x41, 0x51, 0x81, 0x8C, 0xE1, 0x83, 0xE5, 0x8A, 0x04,
    0x31, 0x46, 0x06, 0x51, 0x18, 0x00, 0x00, 0x08, 0x00, 0x00, 0x00, 0x1B, 0x8C, 0xE0, 0xFF, 0xFF, 0xFF, 0xFF, 0x07,
    0x40, 0x02, 0xA8, 0x0D, 0x84, 0xF0, 0xFF, 0xFF, 0xFF, 0xFF, 0x03, 0x20, 0x6D, 0x30, 0x86, 0xFF, 0xFF, 0xFF, 0xFF,
    0x1F, 0x00, 0x09, 0xA8, 0x00, 0x49, 0x18, 0x00, 0x00, 0x03, 0x00, 0x00, 0x00, 0x13, 0x82, 0x60, 0x42, 0x20, 0x4C,
    0x08, 0x06, 0x00, 0x00, 0x00, 0x00, 0x89, 0x20, 0x00, 0x00, 0x49, 0x00, 0x00, 0x00, 0x32, 0x22, 0x88, 0x09, 0x20,
    0x64, 0x85, 0x04, 0x13, 0x23, 0xA4, 0x84, 0x04, 0x13, 0x23, 0xE3, 0x84, 0xA1, 0x90, 0x14, 0x12, 0x4C, 0x8C, 0x8C,
    0x0B, 0x84, 0xC4, 0x4C, 0x10, 0xD0, 0xC1, 0x1C, 0x01, 0x18, 0xA4, 0x01, 0x40, 0xC1, 0x08, 0x40, 0x09, 0x06, 0x22,
    0xE6, 0x08, 0x90, 0x62, 0x00, 0x00, 0x00, 0x18, 0x00, 0x1D, 0x33, 0x00, 0xC5, 0x18, 0x00, 0x00, 0x30, 0x12, 0x52,
    0x0A, 0x01, 0x00, 0x00, 0x40, 0x4C, 0x41, 0x12, 0x20, 0x49, 0x92, 0x24, 0x49, 0xC8, 0x29, 0x43, 0x02, 0x24, 0x04,
    0x15, 0x22, 0x01, 0x92, 0x84, 0xA4, 0xA3, 0x86, 0xCB, 0x9F, 0xB0, 0x87, 0x90, 0x7C, 0x6E, 0xA3, 0x8A, 0x95, 0x98,
    0x7C, 0xE4, 0xB6, 0x11, 0x01, 0x00, 0x00, 0x40, 0xC6, 0x3D, 0xC3, 0xE5, 0x4F, 0xD8, 0x43, 0x48, 0x7E, 0x08, 0x34,
    0xC3, 0x42, 0xA0, 0xA0, 0x2A, 0x04, 0x05, 0x58, 0x00, 0x5D, 0x47, 0x0D, 0x97, 0x3F, 0x61, 0x0F, 0x21, 0xF9, 0xDC,
    0x46, 0x15, 0x2B, 0x31, 0xF9, 0xC5, 0x6D, 0x23, 0x22, 0x49, 0x92, 0xA4, 0x10, 0x19, 0x60, 0x01, 0xA4, 0x95, 0x22,
    0x01, 0x92, 0x24, 0x21, 0x6E, 0x8E, 0x20, 0x28, 0x86, 0x05, 0x18, 0x00, 0xE0, 0xD1, 0x77, 0xD3, 0x70, 0xF9, 0x13,
    0xF6, 0x10, 0x92, 0xBF, 0x12, 0xD2, 0x4A, 0x4C, 0x3E, 0x72, 0xDB, 0xA8, 0x00, 0x00, 0x00, 0x00, 0x4A, 0x11, 0x02,
    0x16, 0x00, 0x90, 0x38, 0x10, 0x70, 0x98, 0x34, 0x45, 0x94, 0x30, 0xF9, 0x1B, 0x36, 0x11, 0xDA, 0x30, 0x44, 0x84,
    0x24, 0x6D, 0x54, 0x51, 0x10, 0x11, 0x0A, 0x00, 0x2A, 0x87, 0x11, 0x08, 0xE0, 0x8C, 0x15, 0x09, 0x02, 0xA7, 0x41,
    0xC1, 0x49, 0xE8, 0x30, 0x02, 0x91, 0x24, 0x81, 0x7A, 0xCF, 0xE1, 0x48, 0xD3, 0x02, 0x60, 0x0E, 0x35, 0xF9, 0x2F,
    0x42, 0x58, 0x88, 0x58, 0x55, 0x55, 0x25, 0xF6, 0x2C, 0x36, 0x15, 0xD7, 0xF7, 0xE7, 0x22, 0x47, 0x92, 0xFE, 0x97,
    0x88, 0x26, 0xE2, 0x12, 0x9B, 0xC2, 0x41, 0x02, 0x00, 0x90, 0x9B, 0x03, 0xC0, 0x1C, 0x01, 0x28, 0x10, 0x30, 0x05,
    0x00, 0x00, 0x13, 0x14, 0x72, 0xC0, 0x87, 0x74, 0x60, 0x87, 0x36, 0x68, 0x87, 0x79, 0x68, 0x03, 0x72, 0xC0, 0x87,
    0x0D, 0xAF, 0x50, 0x0E, 0x6D, 0xD0, 0x0E, 0x7A, 0x50, 0x0E, 0x6D, 0x00, 0x0F, 0x7A, 0x30, 0x07, 0x72, 0xA0, 0x07,
    0x73, 0x20, 0x07, 0x6D, 0x90, 0x0E, 0x71, 0xA0, 0x07, 0x73, 0x20, 0x07, 0x6D, 0x90, 0x0E, 0x78, 0xA0, 0x07, 0x73,
    0x20, 0x07, 0x6D, 0x90, 0x0E, 0x71, 0x60, 0x07, 0x7A, 0x30, 0x07, 0x72, 0xD0, 0x06, 0xE9, 0x30, 0x07, 0x72, 0xA0,
    0x07, 0x73, 0x20, 0x07, 0x6D, 0x90, 0x0E, 0x76, 0x40, 0x07, 0x7A, 0x60, 0x07, 0x74, 0xD0, 0x06, 0xE6, 0x10, 0x07,
    0x76, 0xA0, 0x07, 0x73, 0x20, 0x07, 0x6D, 0x60, 0x0E, 0x73, 0x20, 0x07, 0x7A, 0x30, 0x07, 0x72, 0xD0, 0x06, 0xE6,
    0x60, 0x07, 0x74, 0xA0, 0x07, 0x76, 0x40, 0x07, 0x6D, 0xE0, 0x0E, 0x78, 0xA0, 0x07, 0x71, 0x60, 0x07, 0x7A, 0x30,
    0x07, 0x72, 0xA0, 0x07, 0x76, 0x40, 0x07, 0x3A, 0x0F, 0x24, 0x90, 0x21, 0x23, 0x45, 0x44, 0x80, 0x1D, 0x4C, 0x30,
    0xA4, 0xC1, 0x30, 0x00, 0x00, 0x10, 0x00, 0x00, 0x30, 0xE4, 0x21, 0x00, 0x00, 0x00, 0x00, 0x00, 0x00, 0x00, 0x00,
    0x00, 0x00, 0x60, 0xC8, 0x73, 0x00, 0x01, 0x10, 0x00, 0x00, 0x00, 0x00, 0x00, 0x00, 0x00, 0xC0, 0x90, 0x47, 0x01,
    0x02, 0x40, 0x00, 0x00, 0x00, 0x00, 0x00, 0x00, 0x00, 0x80, 0x21, 0x0F, 0x03, 0x04, 0x40, 0x00, 0x00, 0x00, 0x00,
    0x00, 0x00, 0x00, 0x00, 0x43, 0x1E, 0x07, 0x08, 0x80, 0x00, 0x00, 0x00, 0x00, 0x00, 0x00, 0x00, 0x00, 0x86, 0x3C,
    0x10, 0x10, 0x00, 0x01, 0x00, 0x00, 0x00, 0x00, 0x00, 0x00, 0x00, 0x0C, 0x79, 0x24, 0x20, 0x00, 0x02, 0x00, 0x00,
    0x00, 0x00, 0x00, 0x00, 0x00, 0x18, 0xF2, 0x5C, 0x40, 0x00, 0x0C, 0x00, 0x00, 0x00, 0x00, 0x00, 0x00, 0x00, 0x30,
    0xE4, 0xD1, 0x80, 0x00, 0x18, 0x00, 0x00, 0x00, 0x00, 0x00, 0x00, 0x00, 0x60, 0xC8, 0xC3, 0x01, 0x01, 0x10, 0x00,
    0x00, 0x00, 0x00, 0x00, 0x00, 0x00, 0xC0, 0x90, 0xE7, 0x03, 0x02, 0x60, 0x00, 0x00, 0x00, 0x00, 0x00, 0x00, 0x00,
    0x80, 0x21, 0x8F, 0x18, 0x00, 0x01, 0x30, 0x00, 0x00, 0x00, 0x00, 0x00, 0x00, 0x00, 0x40, 0x16, 0x08, 0x00, 0x16,
    0x00, 0x00, 0x00, 0x32, 0x1E, 0x98, 0x18, 0x19, 0x11, 0x4C, 0x90, 0x8C, 0x09, 0x26, 0x47, 0xC6, 0x04, 0x43, 0x02,
    0x4A, 0x60, 0x04, 0xA0, 0x24, 0x8A, 0xA1, 0x08, 0xCA, 0xA2, 0x40, 0x0A, 0x3C, 0xA0, 0x14, 0x0A, 0xA2, 0x0C, 0xCA,
    0xA3, 0x10, 0x28, 0x1E, 0x01, 0x20, 0xA3, 0x14, 0x4A, 0x60, 0x04, 0xA0, 0x24, 0x8A, 0xA0, 0x10, 0xCA, 0x80, 0xE2,
    0x02, 0xA1, 0x74, 0x06, 0x80, 0xDA, 0x19, 0x00, 0x7A, 0x67, 0x00, 0x08, 0x1E, 0x6B, 0x08, 0xA0, 0xFB, 0xE6, 0x03,
    0x32, 0x67, 0x00, 0x28, 0x18, 0xCB, 0x00, 0x02, 0x41, 0x08, 0x06, 0x00, 0x00, 0x00, 0x00, 0x79, 0x18, 0x00, 0x00,
    0x90, 0x00, 0x00, 0x00, 0x1A, 0x03, 0x4C, 0x90, 0x46, 0x02, 0x13, 0xC4, 0x8F, 0x0C, 0x6F, 0x0C, 0x05, 0x4E, 0x2E,
    0xCD, 0x2E, 0x8C, 0xAE, 0x2C, 0x05, 0x24, 0xC6, 0x25, 0xC7, 0x05, 0xC6, 0x25, 0x06, 0x04, 0x05, 0x86, 0x6C, 0xA6,
    0xAC, 0xCC, 0x46, 0xAC, 0x26, 0x65, 0x43, 0x10, 0x4C, 0x10, 0x80, 0x66, 0x82, 0x00, 0x38, 0x1B, 0x84, 0x81, 0x98,
    0x20, 0x00, 0xCF, 0x06, 0x61, 0x30, 0x28, 0xD8, 0xCD, 0x4D, 0x10, 0x00, 0x68, 0xC3, 0x80, 0x24, 0xC4, 0x04, 0xC1,
    0x0C, 0xCE, 0x80, 0xC0, 0x04, 0x01, 0x88, 0x26, 0x08, 0x80, 0xB4, 0x21, 0x21, 0x16, 0x86, 0x68, 0x06, 0x87, 0x00,
    0x36, 0x04, 0xCF, 0x04, 0x21, 0x0D, 0xC6, 0x60, 0x82, 0x00, 0x4C, 0x1B, 0x10, 0x22, 0x62, 0x88, 0x61, 0x90, 0x80,
    0x09, 0x42, 0x1B, 0x90, 0xC1, 0x04, 0x01, 0xA0, 0x36, 0x20, 0x03, 0xC5, 0x10, 0xC4, 0x50, 0x01, 0x13, 0x84, 0x37,
    0x28, 0x83, 0x09, 0x02, 0x50, 0x4D, 0x10, 0x00, 0x6B, 0x03, 0xD2, 0x5C, 0x0C, 0xD6, 0x0C, 0x19, 0xB0, 0x61, 0x98,
    0x2C, 0x6D, 0x03, 0x01, 0x01, 0x1B, 0x30, 0x41, 0x80, 0x03, 0x33, 0xD8, 0x10, 0x74, 0x13, 0x84, 0x22, 0x20, 0xD1,
    0x16, 0x96, 0xE6, 0xC6, 0x65, 0xCA, 0xEA, 0xCB, 0xAA, 0x4C, 0x8E, 0xAE, 0x0C, 0x2F, 0x89, 0x68, 0x82, 0x60, 0x6C,
    0x13, 0x04, 0x83, 0xDB, 0x10, 0x10, 0x13, 0x04, 0xA3, 0x9B, 0x20, 0x00, 0xD7, 0x06, 0xC1, 0x0C, 0x86, 0x0D, 0x0B,
    0x11, 0x06, 0x62, 0x30, 0x06, 0x64, 0x50, 0x06, 0xC3, 0x18, 0x10, 0x65, 0x70, 0x06, 0x1B, 0x02, 0x34, 0x20, 0x42,
    0x55, 0x84, 0x35, 0xF4, 0xF4, 0x24, 0x45, 0x34, 0x41, 0x30, 0xBC, 0x09, 0x82, 0xF1, 0x6D, 0x10, 0xCC, 0xC0, 0x0C,
    0x36, 0x2C, 0x84, 0x1A, 0xAC, 0x41, 0x19, 0x90, 0x01, 0x1B, 0x0C, 0x6C, 0x40, 0x94, 0x41, 0x1B, 0x6C, 0x08, 0x86,
    0x09, 0x82, 0x01, 0x06, 0x13, 0x04, 0x00, 0xDB, 0x20, 0x98, 0x41, 0x1C, 0x6C, 0x58, 0x06, 0x35, 0x58, 0x83, 0x32,
    0x78, 0x03, 0x36, 0x18, 0xE0, 0x60, 0x28, 0x03, 0x39, 0xD8, 0x10, 0x34, 0x1B, 0x96, 0x46, 0x0D, 0xD6, 0xA0, 0x0C,
    0xE8, 0x80, 0x0D, 0x86, 0x31, 0x20, 0xD8, 0xE0, 0x0C, 0x36, 0x04, 0x66, 0xB0, 0x61, 0x31, 0x03, 0x35, 0x58, 0x83,
    0x32, 0xB0, 0x03, 0x36, 0x18, 0xD8, 0xA0, 0x29, 0x83, 0x36, 0x98, 0x20, 0x00, 0x19, 0x97, 0x29, 0xAB, 0x2F, 0xA8,
    0xB7, 0xB9, 0x34, 0xBA, 0xB4, 0x37, 0xB7, 0x09, 0x82, 0x11, 0x06, 0x1B, 0x16, 0x3C, 0xC8, 0x83, 0x35, 0xD0, 0x03,
    0x32, 0x80, 0x83, 0x01, 0x0E, 0xCC, 0xA0, 0x0C, 0xE4, 0x60, 0x43, 0xE1, 0x06, 0x73, 0x50, 0x07, 0x77, 0xB0, 0x07,
    0x1B, 0x86, 0x34, 0xE0, 0x03, 0x60, 0x82, 0x10, 0x07, 0x62, 0xB0, 0x41, 0x20, 0xFC, 0x60, 0x43, 0xF1, 0x81, 0x41,
    0x1F, 0x70, 0x7F, 0xC0, 0x21, 0xCD, 0x8D, 0x8E, 0xCF, 0x5B, 0x9B, 0x5B, 0x1A, 0xDC, 0x1B, 0x5D, 0x99, 0x1B, 0x1D,
    0xC8, 0x18, 0x5A, 0x98, 0x1C, 0xA3, 0xA9, 0xB4, 0x36, 0x38, 0xB6, 0x32, 0x90, 0xA1, 0x97, 0xA1, 0x95, 0x15, 0x10,
    0x2A, 0xA1, 0xA0, 0xA0, 0x0D, 0xC1, 0x28, 0x4C, 0x10, 0xE2, 0x40, 0xDB, 0x30, 0x88, 0x02, 0x29, 0x94, 0xC2, 0x86,
    0x21, 0x14, 0x4C, 0xA1, 0x14, 0x36, 0x0C, 0xA7, 0x70, 0x0A, 0xA5, 0x50, 0x85, 0x8D, 0xCD, 0xAE, 0xCD, 0x25, 0x8D,
    0xAC, 0xCC, 0x8D, 0x6E, 0x4A, 0x10, 0x54, 0x21, 0xC3, 0x73, 0xB1, 0x2B, 0x93, 0x9B, 0x4B, 0x7B, 0x73, 0x9B, 0x12,
    0x10, 0x4D, 0xC8, 0xF0, 0x5C, 0xEC, 0xC2, 0xD8, 0xEC, 0xCA, 0xE4, 0xA6, 0x04, 0x46, 0x1D, 0x32, 0x3C, 0x97, 0x39,
    0xB4, 0x30, 0xB2, 0x32, 0xB9, 0xA6, 0x37, 0xB2, 0x32, 0xB6, 0x29, 0x41, 0x52, 0x86, 0x0C, 0xCF, 0x45, 0xAE, 0x6C,
    0xEE, 0xAD, 0x4E, 0x6E, 0xAC, 0x6C, 0x6E, 0x4A, 0xB0, 0xD5, 0x21, 0xC3, 0x73, 0xB1, 0x4B, 0x2B, 0xBB, 0x4B, 0x22,
    0x9B, 0xA2, 0x0B, 0xA3, 0x2B, 0x9B, 0x12, 0x74, 0x75, 0xC8, 0xF0, 0x5C, 0xCA, 0xDC, 0xE8, 0xE4, 0xF2, 0xA0, 0xDE,
    0xD2, 0xDC, 0xE8, 0xE6, 0xA6, 0x04, 0x7F, 0x00, 0x00, 0x00, 0x79, 0x18, 0x00, 0x00, 0x51, 0x00, 0x00, 0x00, 0x33,
    0x08, 0x80, 0x1C, 0xC4, 0xE1, 0x1C, 0x66, 0x14, 0x01, 0x3D, 0x88, 0x43, 0x38, 0x84, 0xC3, 0x8C, 0x42, 0x80, 0x07,
    0x79, 0x78, 0x07, 0x73, 0x98, 0x71, 0x0C, 0xE6, 0x00, 0x0F, 0xED, 0x10, 0x0E, 0xF4, 0x80, 0x0E, 0x33, 0x0C, 0x42,
    0x1E, 0xC2, 0xC1, 0x1D, 0xCE, 0xA1, 0x1C, 0x66, 0x30, 0x05, 0x3D, 0x88, 0x43, 0x38, 0x84, 0x83, 0x1B, 0xCC, 0x03,
    0x3D, 0xC8, 0x43, 0x3D, 0x8C, 0x03, 0x3D, 0xCC, 0x78, 0x8C, 0x74, 0x70, 0x07, 0x7B, 0x08, 0x07, 0x79, 0x48, 0x87,
    0x70, 0x70, 0x07, 0x7A, 0x70, 0x03, 0x76, 0x78, 0x87, 0x70, 0x20, 0x87, 0x19, 0xCC, 0x11, 0x0E, 0xEC, 0x90, 0x0E,
    0xE1, 0x30, 0x0F, 0x6E, 0x30, 0x0F, 0xE3, 0xF0, 0x0E, 0xF0, 0x50, 0x0E, 0x33, 0x10, 0xC4, 0x1D, 0xDE, 0x21, 0x1C,
    0xD8, 0x21, 0x1D, 0xC2, 0x61, 0x1E, 0x66, 0x30, 0x89, 0x3B, 0xBC, 0x83, 0x3B, 0xD0, 0x43, 0x39, 0xB4, 0x03, 0x3C,
    0xBC, 0x83, 0x3C, 0x84, 0x03, 0x3B, 0xCC, 0xF0, 0x14, 0x76, 0x60, 0x07, 0x7B, 0x68, 0x07, 0x37, 0x68, 0x87, 0x72,
    0x68, 0x07, 0x37, 0x80, 0x87, 0x70, 0x90, 0x87, 0x70, 0x60, 0x07, 0x76, 0x28, 0x07, 0x76, 0xF8, 0x05, 0x76, 0x78,
    0x87, 0x77, 0x80, 0x87, 0x5F, 0x08, 0x87, 0x71, 0x18, 0x87, 0x72, 0x98, 0x87, 0x79, 0x98, 0x81, 0x2C, 0xEE, 0xF0,
    0x0E, 0xEE, 0xE0, 0x0E, 0xF5, 0xC0, 0x0E, 0xEC, 0x30, 0x03, 0x62, 0xC8, 0xA1, 0x1C, 0xE4, 0xA1, 0x1C, 0xCC, 0xA1,
    0x1C, 0xE4, 0xA1, 0x1C, 0xDC, 0x61, 0x1C, 0xCA, 0x21, 0x1C, 0xC4, 0x81, 0x1D, 0xCA, 0x61, 0x06, 0xD6, 0x90, 0x43,
    0x39, 0xC8, 0x43, 0x39, 0x98, 0x43, 0x39, 0xC8, 0x43, 0x39, 0xB8, 0xC3, 0x38, 0x94, 0x43, 0x38, 0x88, 0x03, 0x3B,
    0x94, 0xC3, 0x2F, 0xBC, 0x83, 0x3C, 0xFC, 0x82, 0x3B, 0xD4, 0x03, 0x3B, 0xB0, 0xC3, 0x8C, 0xC8, 0x21, 0x07, 0x7C,
    0x70, 0x03, 0x72, 0x10, 0x87, 0x73, 0x70, 0x03, 0x7B, 0x08, 0x07, 0x79, 0x60, 0x87, 0x70, 0xC8, 0x87, 0x77, 0xA8,
    0x07, 0x7A, 0x98, 0x81, 0x3C, 0xE4, 0x80, 0x0F, 0x6E, 0x40, 0x0F, 0xE5, 0xD0, 0x0E, 0xF0, 0x30, 0x83, 0x81, 0xC8,
    0x01, 0x1F, 0xDC, 0x40, 0x1C, 0xE4, 0xA1, 0x1C, 0xC2, 0x61, 0x1D, 0xDC, 0x40, 0x1C, 0xE4, 0x01, 0x00, 0x00, 0x00,
    0x71, 0x20, 0x00, 0x00, 0x31, 0x00, 0x00, 0x00, 0x06, 0x40, 0xFC, 0xF5, 0x4E, 0xDB, 0x01, 0x34, 0x5C, 0xBE, 0xF3,
    0xF8, 0x01, 0xD2, 0x00, 0x11, 0xE6, 0x17, 0xB7, 0x6D, 0x04, 0xD0, 0x70, 0xF9, 0xCE, 0xE3, 0x07, 0x48, 0x03, 0x44,
    0x98, 0x8F, 0xDC, 0xB6, 0x31, 0x50, 0xC3, 0xE5, 0x3B, 0x8F, 0x1F, 0x50, 0x45, 0x41, 0x44, 0xA5, 0x03, 0x0C, 0x3E,
    0x72, 0xDB, 0x96, 0xB0, 0x0D, 0x97, 0xEF, 0x3C, 0xBE, 0x10, 0x50, 0x45, 0x41, 0x44, 0xA5, 0x03, 0x0C, 0x25, 0x61,
    0x00, 0x02, 0xE6, 0x17, 0xB7, 0x6D, 0x08, 0xDB, 0x70, 0xF9, 0xCE, 0xE3, 0x0B, 0x01, 0x55, 0x14, 0x44, 0x54, 0x3A,
    0xC0, 0x50, 0x12, 0x06, 0x20, 0x60, 0x3E, 0x72, 0xDB, 0xB6, 0x20, 0x0D, 0x97, 0xEF, 0x3C, 0xBE, 0x10, 0x11, 0xC0,
    0x44, 0x84, 0x40, 0x33, 0x2C, 0x84, 0x15, 0x38, 0xC3, 0xE5, 0x3B, 0x8F, 0x3F, 0x38, 0xD3, 0xED, 0x17, 0xB7, 0x6D,
    0x02, 0xD3, 0x70, 0xF9, 0xCE, 0xE3, 0x2F, 0x0E, 0x30, 0x88, 0xCD, 0x43, 0x4D, 0x3E, 0x72, 0xDB, 0x36, 0x50, 0x0D,
    0x97, 0xEF, 0x3C, 0xBE, 0x34, 0x39, 0x11, 0x81, 0x52, 0xD3, 0x43, 0x4D, 0x7E, 0x71, 0xDB, 0xA6, 0x20, 0x0D, 0x97,
    0xEF, 0x3C, 0xFE, 0x44, 0x44, 0x13, 0x02, 0x44, 0x98, 0x5F, 0xDC, 0xB6, 0x19, 0x3C, 0xC3, 0xE5, 0x3B, 0x8F, 0x4F,
    0x35, 0x40, 0x84, 0xF9, 0xC5, 0x6D, 0x5B, 0x00, 0xC1, 0x00, 0x48, 0x03, 0x00, 0x00, 0x61, 0x20, 0x00, 0x00, 0x36,
    0x01, 0x00, 0x00, 0x13, 0x04, 0x47, 0x2C, 0x10, 0x00, 0x00, 0x00, 0x12, 0x00, 0x00, 0x00, 0x04, 0x94, 0x5D, 0x71,
    0xCD, 0x00, 0x14, 0x62, 0x40, 0xC9, 0x15, 0x58, 0x0D, 0x14, 0x50, 0x41, 0x95, 0x53, 0x85, 0x95, 0x5B, 0xC9, 0x94,
    0x11, 0x79, 0x23, 0x00, 0x94, 0x8C, 0x11, 0x80, 0x20, 0x08, 0xC2, 0xDF, 0x18, 0x01, 0x6B, 0xBE, 0x39, 0x5E, 0x8D,
    0x11, 0x80, 0x20, 0x08, 0xC2, 0xBF, 0x30, 0x46, 0x70, 0xE3, 0xED, 0xD8, 0x72, 0x63, 0x04, 0x20, 0x08, 0x82, 0x20,
    0x18, 0x8C, 0x00, 0x8C, 0x11, 0x80, 0x20, 0x08, 0x82, 0xA0, 0x00, 0x23, 0x06, 0x09, 0x00, 0x82, 0x60, 0xF0, 0xD1,
    0x81, 0x24, 0x06, 0x71, 0xE0, 0x06, 0xC8, 0x88, 0x41, 0x02, 0x80, 0x20, 0x18, 0x7C, 0x75, 0x30, 0x85, 0xC1, 0x1B,
    0xBC, 0x41, 0x32, 0x62, 0x90, 0x00, 0x20, 0x08, 0x06, 0x9F, 0x1D, 0x50, 0x62, 0x40, 0x07, 0x73, 0xA0, 0x8C, 0x18,
    0x24, 0x00, 0x08, 0x82, 0xC1, 0x77, 0x07, 0xD5, 0x18, 0xD0, 0x41, 0x1D, 0x2C, 0x23, 0x06, 0x09, 0x00, 0x82, 0x60,
    0x70, 0x84, 0x82, 0x1A, 0xD4, 0x41, 0x1D, 0x98, 0x01, 0x36, 0x62, 0x70, 0x00, 0x20, 0x08, 0x06, 0x17, 0x1F, 0x6C,
    0x84, 0x1D, 0x8C, 0x26, 0x04, 0x80, 0x05, 0x03, 0x08, 0x2A, 0xB8, 0x03, 0xDB, 0xC1, 0x80, 0x0A, 0x7A, 0x10, 0x50,
    0x00, 0x8C, 0x11, 0x83, 0x03, 0x00, 0x41, 0x30, 0xB8, 0x44, 0x21, 0x0C, 0x10, 0x3E, 0x18, 0x4D, 0x08, 0x80, 0xD1,
    0x04, 0x21, 0x28, 0xC1, 0x83, 0x0A, 0x04, 0xA8, 0xE4, 0x0F, 0xA6, 0x8E, 0x51, 0xC0, 0x32, 0x02, 0xA8, 0x60, 0x80,
    0x0A, 0xCA, 0x40, 0x46, 0x0C, 0x10, 0x00, 0x04, 0xC1, 0x40, 0x0C, 0x50, 0x01, 0x0D, 0xAA, 0x20, 0x0D, 0x46, 0x13,
    0x02, 0x60, 0x34, 0x41, 0x08, 0x46, 0x13, 0x06, 0x61, 0x34, 0x81, 0x18, 0x8E, 0x48, 0xF6, 0x88, 0x64, 0x8F, 0x48,
    0xF6, 0x88, 0x64, 0x4B, 0x51, 0x05, 0x18, 0x31, 0x40, 0x00, 0x10, 0x04, 0x03, 0x31, 0x90, 0x05, 0x39, 0xF8, 0x82,
    0x39, 0x18, 0x4D, 0x08, 0x80, 0xD1, 0x04, 0x21, 0x18, 0x4D, 0x18, 0x84, 0xD1, 0x04, 0x62, 0x38, 0x22, 0xD9, 0x23,
    0x92, 0x3D, 0x22, 0xD9, 0x23, 0x92, 0x2D, 0xEA, 0x0E, 0x60, 0xC4, 0x00, 0x01, 0x40, 0x10, 0x0C, 0xC4, 0x80, 0x17,
    0xF8, 0x20, 0x0D, 0x82, 0x3E, 0x18, 0x4D, 0x08, 0x80, 0x0B, 0x92, 0xAD, 0xCC, 0x17, 0x60, 0xC4, 0xE0, 0x00, 0x40,
    0x10, 0x0C, 0x18, 0x74, 0xD8, 0x83, 0xC0, 0xAB, 0xE0, 0x0F, 0x64, 0xC4, 0x00, 0x01, 0x40, 0x10, 0x0C, 0xC4, 0x40,
    0x1C, 0x44, 0xE1, 0x0D, 0x82, 0x51, 0x18, 0x4D, 0x08, 0x80, 0xD1, 0x04, 0x21, 0x18, 0x4D, 0x18, 0x84, 0x1B, 0x92,
    0xBD, 0x21, 0xD9, 0x1B, 0x92, 0x2D, 0x35, 0x40, 0x07, 0x18, 0x31, 0x38, 0x00, 0x10, 0x04, 0x03, 0x46, 0x1E, 0x48,
    0x81, 0x0C, 0x82, 0x0A, 0x52, 0x41, 0x2A, 0x28, 0x05, 0x18, 0x31, 0x40, 0x00, 0x10, 0x04, 0x03, 0x31, 0x68, 0x87,
    0x56, 0xD0, 0x83, 0xC0, 0x15, 0x46, 0x13, 0x02, 0x60, 0x34, 0x41, 0x08, 0x46, 0x13, 0x06, 0xE1, 0x86, 0x64, 0x6F,
    0x48, 0xF6, 0x86, 0x64, 0xCD, 0x19, 0xE2, 0x63, 0xCE, 0x10, 0x1F, 0x73, 0x86, 0xF8, 0x8C, 0x18, 0x1C, 0x00, 0x08,
    0x82, 0x81, 0xA6, 0x0F, 0xBA, 0x20, 0x0A, 0xF3, 0x30, 0x9A, 0x10, 0x04, 0xC3, 0x11, 0x41, 0x2B, 0x08, 0xDF, 0x2C,
    0x43, 0x20, 0x04, 0x23, 0x06, 0x07, 0x00, 0x82, 0x60, 0xA0, 0xF5, 0x43, 0x2F, 0x94, 0x42, 0x3C, 0x8C, 0x26, 0x04,
    0xC0, 0x68, 0x82, 0x10, 0x8C, 0x26, 0x0C, 0xC2, 0x88, 0xC1, 0x01, 0x80, 0x20, 0x18, 0x68, 0x21, 0x11, 0x0E, 0xA9,
    0x10, 0x0F, 0xA3, 0x09, 0x01, 0x30, 0x9A, 0x20, 0x04, 0xA3, 0x09, 0x83, 0x60, 0x42, 0x21, 0x1F, 0x13, 0x0E, 0xF9,
    0x98, 0x10, 0xC4, 0xC7, 0x08, 0x45, 0x3E, 0x76, 0x24, 0xF2, 0x31, 0x21, 0x88, 0x8F, 0x25, 0x8C, 0x7C, 0x2C, 0x71,
    0xE4, 0x63, 0x42, 0x10, 0x9F, 0x59, 0x82, 0xC1, 0x72, 0xC1, 0x0F, 0xE2, 0x63, 0xBA, 0xE0, 0x07, 0xF1, 0xB1, 0x5D,
    0xF0, 0x83, 0xF8, 0xCC, 0x12, 0x0C, 0x03, 0x15, 0x09, 0x15, 0x18, 0xC2, 0x40, 0x45, 0x02, 0x05, 0x86, 0x30, 0x50,
    0x91, 0x30, 0x81, 0x21, 0x58, 0xC0, 0xC9, 0xC7, 0x06, 0x4E, 0x3E, 0x26, 0x04, 0xF1, 0x31, 0xC3, 0x93, 0x8F, 0x15,
    0x61, 0x20, 0x1F, 0x13, 0x82, 0xF8, 0x18, 0x32, 0x06, 0xF2, 0x31, 0x65, 0x0C, 0xE4, 0x63, 0x42, 0x10, 0x9F, 0x11,
    0x83, 0x05, 0x00, 0x41, 0x30, 0x70, 0xC2, 0x42, 0x1E, 0x0E, 0x22, 0x38, 0x88, 0x60, 0x38, 0x22, 0x70, 0x07, 0xE1,
    0x9B, 0x65, 0x20, 0x8A, 0x60, 0xC4, 0xC0, 0x00, 0x40, 0x10, 0x0C, 0x20, 0xB1, 0x98, 0x07, 0xC1, 0x02, 0x45, 0x3E,
    0x26, 0x20, 0xF2, 0xB1, 0xC1, 0x90, 0xCF, 0x2C, 0x81, 0x31, 0x62, 0x70, 0x00, 0x20, 0x08, 0x06, 0xDA, 0x58, 0x8C,
    0xC4, 0x3A, 0xCC, 0xC4, 0x68, 0x42, 0x00, 0x8C, 0x26, 0x08, 0xC1, 0x68, 0xC2, 0x20, 0xCC, 0x12, 0x18, 0x03, 0x15,
    0x89, 0x43, 0x18, 0xC5, 0x40, 0x45, 0xE2, 0x10, 0x46, 0x31, 0x50, 0x91, 0x38, 0x84, 0x51, 0x94, 0x3A, 0x98, 0x85,
    0x5E, 0x90, 0x94, 0x05, 0xFB, 0x00, 0x1F, 0xD3, 0x05, 0x7F, 0x90, 0xCF, 0x88, 0xC1, 0x01, 0x80, 0x20, 0x18, 0x48,
    0x70, 0x11, 0x12, 0x01, 0x3F, 0xD8, 0xC0, 0x0F, 0xF2, 0x19, 0x31, 0x38, 0x00, 0x10, 0x04, 0x03, 0x0D, 0x2E, 0x60,
    0x02, 0x1F, 0xD6, 0x62, 0x34, 0x21, 0x00, 0x46, 0x13, 0x84, 0x60, 0x34, 0x61, 0x10, 0x46, 0x13, 0x88, 0x61, 0xC4,
    0xE0, 0x00, 0x40, 0x10, 0x0C, 0xB4, 0xBA, 0xA8, 0x89, 0x7E, 0x88, 0x8B, 0xD1, 0x84, 0x00, 0x18, 0x4D, 0x10, 0x82,
    0xD1, 0x84, 0x41, 0x18, 0x4D, 0x20, 0x86, 0x11, 0x83, 0x03, 0x00, 0x41, 0x30, 0xD0, 0xF4, 0x42, 0x27, 0x44, 0x42,
    0x2E, 0x46, 0x13, 0x02, 0x60, 0x34, 0x41, 0x08, 0x46, 0x13, 0x06, 0x61, 0x34, 0x81, 0x18, 0x46, 0x0C, 0x0E, 0x00,
    0x04, 0xC1, 0x40, 0xFB, 0x8B, 0x9F, 0x38, 0x89, 0xB8, 0x18, 0x4D, 0x08, 0x80, 0xD1, 0x04, 0x21, 0x18, 0x4D, 0x18,
    0x84, 0xD1, 0x04, 0x62, 0xB0, 0x78, 0xC0, 0xE4, 0x63, 0x5E, 0x20, 0x1F, 0xF3, 0x04, 0xF9, 0x98, 0x37, 0xC8, 0xC7,
    0x06, 0x7C, 0x80, 0x8F, 0x0D, 0xF8, 0x00, 0x1F, 0x1B, 0xF0, 0x01, 0x3E, 0xA6, 0x0D, 0xF2, 0x19, 0x31, 0x40, 0x00,
    0x10, 0x04, 0x03, 0x6E, 0x35, 0xD6, 0x62, 0xB0, 0x82, 0x11, 0x03, 0x04, 0x00, 0x41, 0x30, 0xE0, 0x58, 0x83, 0x2D,
    0x06, 0x29, 0xB0, 0xC0, 0x81, 0x8E, 0x75, 0x87, 0x7C, 0x46, 0x0C, 0x10, 0x00, 0x04, 0xC1, 0x80, 0x7B, 0x8D, 0xB7,
    0x38, 0xB2, 0x60, 0xC4, 0x00, 0x01, 0x40, 0x10, 0x0C, 0x38, 0xD8, 0x80, 0x8B, 0xA3, 0x0A, 0x2C, 0x88, 0xA0, 0x63,
    0x60, 0xB0, 0xC8, 0x67, 0xC4, 0x00, 0x01, 0x40, 0x10, 0x0C, 0xB8, 0xD9, 0x98, 0x8B, 0x85, 0x0B, 0x46, 0x0C, 0x10,
    0x00, 0x04, 0xC1, 0x80, 0xA3, 0x0D, 0xBA, 0x58, 0xB0, 0xC0, 0x02, 0x0A, 0x3A, 0x36, 0x06, 0x8F, 0x7C, 0x46, 0x0C,
    0x10, 0x00, 0x04, 0xC1, 0x80, 0xBB, 0x8D, 0xBB, 0x78, 0xBE, 0x60, 0xC4, 0x00, 0x01, 0x40, 0x10, 0x0C, 0x38, 0xDC,
    0xC0, 0x8B, 0x67, 0x0B, 0x2C, 0xB8, 0xA0, 0x33, 0x62, 0x90, 0x00, 0x20, 0x08, 0x06, 0x4A, 0x78, 0xBC, 0x86, 0x6D,
    0xD8, 0xC6, 0x69, 0xE8, 0xC3, 0x88, 0x41, 0x02, 0x80, 0x20, 0x18, 0x28, 0xE1, 0xF1, 0x1A, 0xB6, 0x61, 0x1B, 0xA8,
    0x01, 0x07, 0x23, 0x06, 0x09, 0x00, 0x82, 0x60, 0xA0, 0x84, 0xC7, 0x6B, 0xDC, 0x86, 0x6D, 0x9C, 0x46, 0x48, 0x8C,
    0x18, 0x24, 0x00, 0x08, 0x82, 0x81, 0x12, 0x1E, 0xAF, 0x71, 0x1B, 0xB6, 0x81, 0x1A, 0x20, 0x31, 0x62, 0x90, 0x00,
    0x20, 0x08, 0x06, 0x4A, 0x78, 0xBC, 0xC6, 0x6D, 0xD8, 0x46, 0x69, 0xFC, 0xC3, 0x88, 0x41, 0x02, 0x80, 0x20, 0x18,
    0x28, 0xE1, 0xF1, 0x1A, 0xB7, 0x61, 0x1B, 0xA3, 0xE1, 0x0F, 0x23, 0x06, 0x09, 0x00, 0x82, 0x60, 0xA0, 0x84, 0xC7,
    0x6B, 0xCC, 0x86, 0x6D, 0x9C, 0x46, 0x1B, 0x8C, 0x18, 0x24, 0x00, 0x08, 0x82, 0x81, 0x12, 0x1E, 0xAF, 0xD1, 0x1A,
    0xB6, 0x71, 0x1A, 0x67, 0x31, 0x62, 0x90, 0x00, 0x20, 0x08, 0x06, 0x4A, 0x78, 0xBC, 0x46, 0x6B, 0xD8, 0x06, 0x6A,
    0xB0, 0xC1, 0x88, 0x41, 0x02, 0x80, 0x20, 0x18, 0x28, 0xE1, 0xF1, 0x1A, 0xAB, 0x61, 0x1B, 0xA7, 0xD1, 0x8C, 0x18,
    0x24, 0x00, 0x08, 0x82, 0x81, 0x12, 0x1E, 0xAF, 0xB1, 0x1A, 0xB6, 0x81, 0x1A, 0xC9, 0x88, 0x41, 0x02, 0x80, 0x20,
    0x18, 0x28, 0xE1, 0xF1, 0x1A, 0xAB, 0x61, 0x1B, 0xA5, 0x51, 0x8C, 0x18, 0x24, 0x00, 0x08, 0x82, 0x81, 0x12, 0x1E,
    0xAF, 0xB1, 0x1A, 0xB6, 0x31, 0x1A, 0x01, 0x06, 0xC4, 0x00, 0x00, 0x02, 0x00, 0x00, 0x00, 0x5B, 0x06, 0x25, 0x38,
    0x05, 0x00, 0x00, 0x00, 0x00, 0x00, 0x00, 0x00, 0x00, 0x00, 0x00, 0x00, 0x44, 0x58, 0x42, 0x43, 0xE5, 0x0A, 0x97,
    0x50, 0x4E, 0xDE, 0xD4, 0x59, 0x1E, 0x47, 0x34, 0x94, 0xE0, 0x88, 0xA0, 0x38, 0x01, 0x00, 0x00, 0x00, 0xDC, 0x10,
    0x00, 0x00, 0x06, 0x00, 0x00, 0x00, 0x38, 0x00, 0x00, 0x00, 0x48, 0x00, 0x00, 0x00, 0x10, 0x01, 0x00, 0x00, 0x4C,
    0x01, 0x00, 0x00, 0x3C, 0x03, 0x00, 0x00, 0x58, 0x03, 0x00, 0x00, 0x53, 0x46, 0x49, 0x30, 0x08, 0x00, 0x00, 0x00,
    0x00, 0x00, 0x00, 0x00, 0x00, 0x00, 0x00, 0x00, 0x49, 0x53, 0x47, 0x31, 0xC0, 0x00, 0x00, 0x00, 0x05, 0x00, 0x00,
    0x00, 0x08, 0x00, 0x00, 0x00, 0x00, 0x00, 0x00, 0x00, 0xA8, 0x00, 0x00, 0x00, 0x00, 0x00, 0x00, 0x00, 0x00, 0x00,
    0x00, 0x00, 0x03, 0x00, 0x00, 0x00, 0x00, 0x00, 0x00, 0x00, 0x03, 0x03, 0x00, 0x00, 0x00, 0x00, 0x00, 0x00, 0x00,
    0x00, 0x00, 0x00, 0xA8, 0x00, 0x00, 0x00, 0x02, 0x00, 0x00, 0x00, 0x00, 0x00, 0x00, 0x00, 0x03, 0x00, 0x00, 0x00,
    0x00, 0x00, 0x00, 0x00, 0x04, 0x04, 0x00, 0x00, 0x00, 0x00, 0x00, 0x00, 0x00, 0x00, 0x00, 0x00, 0xA8, 0x00, 0x00,
    0x00, 0x01, 0x00, 0x00, 0x00, 0x00, 0x00, 0x00, 0x00, 0x03, 0x00, 0x00, 0x00, 0x01, 0x00, 0x00, 0x00, 0x0F, 0x0F,
    0x00, 0x00, 0x00, 0x00, 0x00, 0x00, 0x00, 0x00, 0x00, 0x00, 0xA8, 0x00, 0x00, 0x00, 0x03, 0x00, 0x00, 0x00, 0x00,
    0x00, 0x00, 0x00, 0x03, 0x00, 0x00, 0x00, 0x02, 0x00, 0x00, 0x00, 0x03, 0x03, 0x00, 0x00, 0x00, 0x00, 0x00, 0x00,
    0x00, 0x00, 0x00, 0x00, 0xB1, 0x00, 0x00, 0x00, 0x00, 0x00, 0x00, 0x00, 0x01, 0x00, 0x00, 0x00, 0x03, 0x00, 0x00,
    0x00, 0x03, 0x00, 0x00, 0x00, 0x0F, 0x07, 0x00, 0x00, 0x00, 0x00, 0x00, 0x00, 0x54, 0x45, 0x58, 0x43, 0x4F, 0x4F,
    0x52, 0x44, 0x00, 0x53, 0x56, 0x5F, 0x50, 0x6F, 0x73, 0x69, 0x74, 0x69, 0x6F, 0x6E, 0x00, 0x00, 0x00, 0x00, 0x4F,
    0x53, 0x47, 0x31, 0x34, 0x00, 0x00, 0x00, 0x01, 0x00, 0x00, 0x00, 0x08, 0x00, 0x00, 0x00, 0x00, 0x00, 0x00, 0x00,
    0x28, 0x00, 0x00, 0x00, 0x00, 0x00, 0x00, 0x00, 0x40, 0x00, 0x00, 0x00, 0x03, 0x00, 0x00, 0x00, 0x00, 0x00, 0x00,
    0x00, 0x0F, 0x00, 0x00, 0x00, 0x00, 0x00, 0x00, 0x00, 0x53, 0x56, 0x5F, 0x54, 0x61, 0x72, 0x67, 0x65, 0x74, 0x00,
    0x00, 0x00, 0x50, 0x53, 0x56, 0x30, 0xE8, 0x01, 0x00, 0x00, 0x34, 0x00, 0x00, 0x00, 0x00, 0x00, 0x00, 0x00, 0x00,
    0x00, 0x00, 0x00, 0x00, 0x00, 0x00, 0x00, 0x00, 0x00, 0x00, 0x00, 0x00, 0x00, 0x00, 0x00, 0xFF, 0xFF, 0xFF, 0xFF,
    0x00, 0x00, 0x00, 0x00, 0x05, 0x01, 0x00, 0x04, 0x01, 0x00, 0x00, 0x00, 0x00, 0x00, 0x00, 0x00, 0x00, 0x00, 0x00,
    0x00, 0x00, 0x00, 0x00, 0x00, 0x25, 0x00, 0x00, 0x00, 0x08, 0x00, 0x00, 0x00, 0x18, 0x00, 0x00, 0x00, 0x02, 0x00,
    0x00, 0x00, 0x00, 0x00, 0x00, 0x00, 0x04, 0x00, 0x00, 0x00, 0x04, 0x00, 0x00, 0x00, 0x0D, 0x00, 0x00, 0x00, 0x00,
    0x00, 0x00, 0x00, 0x02, 0x00, 0x00, 0x00, 0x00, 0x00, 0x00, 0x00, 0x00, 0x00, 0x00, 0x00, 0x00, 0x00, 0x00, 0x00,
    0x0D, 0x00, 0x00, 0x00, 0x00, 0x00, 0x00, 0x00, 0x01, 0x00, 0x00, 0x00, 0x00, 0x00, 0x00, 0x00, 0x07, 0x00, 0x00,
    0x00, 0x07, 0x00, 0x00, 0x00, 0x0E, 0x00, 0x00, 0x00, 0x00, 0x00, 0x00, 0x00, 0x01, 0x00, 0x00, 0x00, 0x00, 0x00,
    0x00, 0x00, 0x09, 0x00, 0x00, 0x00, 0x09, 0x00, 0x00, 0x00, 0x0E, 0x00, 0x00, 0x00, 0x00, 0x00, 0x00, 0x00, 0x04,
    0x00, 0x00, 0x00, 0x00, 0x00, 0x00, 0x00, 0x03, 0x00, 0x00, 0x00, 0x03, 0x00, 0x00, 0x00, 0x0B, 0x00, 0x00, 0x00,
    0x00, 0x00, 0x00, 0x00, 0x03, 0x00, 0x00, 0x00, 0x00, 0x00, 0x00, 0x00, 0x06, 0x00, 0x00, 0x00, 0x06, 0x00, 0x00,
    0x00, 0x02, 0x00, 0x00, 0x00, 0x00, 0x00, 0x00, 0x00, 0x03, 0x00, 0x00, 0x00, 0x00, 0x00, 0x00, 0x00, 0x08, 0x00,
    0x00, 0x00, 0x08, 0x00, 0x00, 0x00, 0x02, 0x00, 0x00, 0x00, 0x00, 0x00, 0x00, 0x00, 0x03, 0x00, 0x00, 0x00, 0x00,
    0x00, 0x00, 0x00, 0x05, 0x00, 0x00, 0x00, 0x05, 0x00, 0x00, 0x00, 0x02, 0x00, 0x00, 0x00, 0x00, 0x00, 0x00, 0x00,
    0x2C, 0x00, 0x00, 0x00, 0x00, 0x54, 0x45, 0x58, 0x43, 0x4F, 0x4F, 0x52, 0x44, 0x00, 0x54, 0x45, 0x58, 0x43, 0x4F,
    0x4F, 0x52, 0x44, 0x00, 0x54, 0x45, 0x58, 0x43, 0x4F, 0x4F, 0x52, 0x44, 0x00, 0x54, 0x45, 0x58, 0x43, 0x4F, 0x4F,
    0x52, 0x44, 0x00, 0x6D, 0x61, 0x69, 0x6E, 0x00, 0x00, 0x00, 0x04, 0x00, 0x00, 0x00, 0x00, 0x00, 0x00, 0x00, 0x01,
    0x00, 0x00, 0x00, 0x02, 0x00, 0x00, 0x00, 0x03, 0x00, 0x00, 0x00, 0x10, 0x00, 0x00, 0x00, 0x01, 0x00, 0x00, 0x00,
    0x00, 0x00, 0x00, 0x00, 0x01, 0x00, 0x42, 0x00, 0x03, 0x02, 0x00, 0x00, 0x0A, 0x00, 0x00, 0x00, 0x01, 0x00, 0x00,
    0x00, 0x01, 0x01, 0x44, 0x00, 0x03, 0x02, 0x00, 0x00, 0x13, 0x00, 0x00, 0x00, 0x02, 0x00, 0x00, 0x00, 0x01, 0x00,
    0x61, 0x00, 0x03, 0x02, 0x00, 0x00, 0x1C, 0x00, 0x00, 0x00, 0x03, 0x00, 0x00, 0x00, 0x01, 0x02, 0x42, 0x00, 0x03,
    0x02, 0x00, 0x00, 0x00, 0x00, 0x00, 0x00, 0x00, 0x00, 0x00, 0x00, 0x01, 0x03, 0x44, 0x03, 0x03, 0x04, 0x00, 0x00,
    0x00, 0x00, 0x00, 0x00, 0x00, 0x00, 0x00, 0x00, 0x01, 0x00, 0x44, 0x10, 0x03, 0x00, 0x00, 0x00, 0x0F, 0x00, 0x00,
    0x00, 0x0F, 0x00, 0x00, 0x00, 0x0F, 0x00, 0x00, 0x00, 0x00, 0x00, 0x00, 0x00, 0x01, 0x00, 0x00, 0x00, 0x02, 0x00,
    0x00, 0x00, 0x04, 0x00, 0x00, 0x00, 0x0F, 0x00, 0x00, 0x00, 0x0F, 0x00, 0x00, 0x00, 0x0F, 0x00, 0x00, 0x00, 0x00,
    0x00, 0x00, 0x00, 0x00, 0x00, 0x00, 0x00, 0x0F, 0x00, 0x00, 0x00, 0x0F, 0x00, 0x00, 0x00, 0x0F, 0x00, 0x00, 0x00,
    0x00, 0x00, 0x00, 0x00, 0x48, 0x41, 0x53, 0x48, 0x14, 0x00, 0x00, 0x00, 0x00, 0x00, 0x00, 0x00, 0x39, 0x14, 0x72,
    0x5B, 0xCA, 0xF1, 0x10, 0xE6, 0x15, 0x50, 0x36, 0x68, 0x11, 0x5A, 0x30, 0x5F, 0x44, 0x58, 0x49, 0x4C, 0x7C, 0x0D,
    0x00, 0x00, 0x60, 0x00, 0x00, 0x00, 0x5F, 0x03, 0x00, 0x00, 0x44, 0x58, 0x49, 0x4C, 0x00, 0x01, 0x00, 0x00, 0x10,
    0x00, 0x00, 0x00, 0x64, 0x0D, 0x00, 0x00, 0x42, 0x43, 0xC0, 0xDE, 0x21, 0x0C, 0x00, 0x00, 0x56, 0x03, 0x00, 0x00,
    0x0B, 0x82, 0x20, 0x00, 0x02, 0x00, 0x00, 0x00, 0x13, 0x00, 0x00, 0x00, 0x07, 0x81, 0x23, 0x91, 0x41, 0xC8, 0x04,
    0x49, 0x06, 0x10, 0x32, 0x39, 0x92, 0x01, 0x84, 0x0C, 0x25, 0x05, 0x08, 0x19, 0x1E, 0x04, 0x8B, 0x62, 0x80, 0x18,
    0x45, 0x02, 0x42, 0x92, 0x0B, 0x42, 0xC4, 0x10, 0x32, 0x14, 0x38, 0x08, 0x18, 0x4B, 0x0A, 0x32, 0x62, 0x88, 0x48,
    0x90, 0x14, 0x20, 0x43, 0x46, 0x88, 0xA5, 0x00, 0x19, 0x32, 0x42, 0xE4, 0x48, 0x0E, 0x90, 0x11, 0x23, 0xC4, 0x50,
    0x41, 0x51, 0x81, 0x8C, 0xE1, 0x83, 0xE5, 0x8A, 0x04, 0x31, 0x46, 0x06, 0x51, 0x18, 0x00, 0x00, 0x08, 0x00, 0x00,
    0x00, 0x1B, 0x8C, 0xE0, 0xFF, 0xFF, 0xFF, 0xFF, 0x07, 0x40, 0x02, 0xA8, 0x0D, 0x84, 0xF0, 0xFF, 0xFF, 0xFF, 0xFF,
    0x03, 0x20, 0x6D, 0x30, 0x86, 0xFF, 0xFF, 0xFF, 0xFF, 0x1F, 0x00, 0x09, 0xA8, 0x00, 0x49, 0x18, 0x00, 0x00, 0x03,
    0x00, 0x00, 0x00, 0x13, 0x82, 0x60, 0x42, 0x20, 0x4C, 0x08, 0x06, 0x00, 0x00, 0x00, 0x00, 0x89, 0x20, 0x00, 0x00,
    0x78, 0x00, 0x00, 0x00, 0x32, 0x22, 0x88, 0x09, 0x20, 0x64, 0x85, 0x04, 0x13, 0x23, 0xA4, 0x84, 0x04, 0x13, 0x23,
    0xE3, 0x84, 0xA1, 0x90, 0x14, 0x12, 0x4C, 0x8C, 0x8C, 0x0B, 0x84, 0xC4, 0x4C, 0x10, 0xE8, 0xC1, 0x08, 0x40, 0x09,
    0x00, 0x0A, 0x66, 0x00, 0xE6, 0x08, 0xC0, 0x60, 0x8E, 0x00, 0x29, 0xC6, 0x40, 0x10, 0x44, 0x41, 0x90, 0x51, 0x0C,
    0x80, 0x20, 0x88, 0x62, 0x20, 0x64, 0x8E, 0x20, 0x28, 0x03, 0x40, 0x28, 0xB4, 0xDC, 0x34, 0x5C, 0xFE, 0x84, 0x3D,
    0x84, 0xE4, 0xAF, 0x84, 0xB4, 0x12, 0x93, 0x5F, 0xDC, 0x36, 0x2A, 0x86, 0x61, 0x18, 0x08, 0x2A, 0xEE, 0x19, 0x2E,
    0x7F, 0xC2, 0x1E, 0x42, 0xF2, 0x43, 0xA0, 0x19, 0x16, 0x02, 0x05, 0x4E, 0x61, 0x1A, 0xE2, 0x79, 0x86, 0x61, 0x18,
    0x08, 0x82, 0x18, 0x08, 0x2A, 0x4A, 0x43, 0x3C, 0x04, 0x41, 0x10, 0x04, 0x41, 0x90, 0x54, 0x08, 0x82, 0x20, 0x08,
    0xA2, 0x0A, 0x31, 0x10, 0xC3, 0x40, 0x56, 0x19, 0x06, 0x62, 0x20, 0xEC, 0xA6, 0xE1, 0xF2, 0x27, 0xEC, 0x21, 0x24,
    0xBF, 0x43, 0x18, 0xA2, 0x91, 0x10, 0xA7, 0x91, 0x10, 0x41, 0x10, 0x04, 0x51, 0x08, 0x8D, 0x78, 0x08, 0xDA, 0x8E,
    0x1A, 0x2E, 0x7F, 0xC2, 0x1E, 0x42, 0xF2, 0xB9, 0x8D, 0x2A, 0x56, 0x62, 0xF2, 0x91, 0xDB, 0x46, 0x04, 0x41, 0x10,
    0x44, 0x21, 0x3A, 0xE2, 0x21, 0xC8, 0x3B, 0x6A, 0xB8, 0xFC, 0x09, 0x7B, 0x08, 0xC9, 0xE7, 0x36, 0xAA, 0x58, 0x89,
    0xC9, 0x2F, 0x6E, 0x1B, 0x11, 0xC3, 0x30, 0x0C, 0x85, 0x00, 0x89, 0x87, 0xA0, 0xB0, 0x18, 0x0F, 0x51, 0x10, 0x84,
    0x42, 0xE3, 0x4D, 0xC3, 0xE5, 0x4F, 0xD8, 0x43, 0x48, 0xFE, 0x4A, 0x48, 0x2B, 0x31, 0xF9, 0xC8, 0x6D, 0xA3, 0x82,
    0x20, 0x08, 0x82, 0x28, 0x45, 0x49, 0x3C, 0x04, 0x41, 0xE6, 0x40, 0xC0, 0x61, 0xD2, 0x14, 0x51, 0xC2, 0xE4, 0x6F,
    0xD8, 0x44, 0x68, 0xC3, 0x10, 0x11, 0x92, 0xB4, 0x51, 0x45, 0x41, 0x44, 0x28, 0x20, 0x28, 0x1D, 0x46, 0x20, 0x86,
    0x99, 0xDA, 0x60, 0x1C, 0xD8, 0x21, 0x1C, 0xE6, 0x61, 0x1E, 0xDC, 0x80, 0x16, 0xCA, 0x01, 0x1F, 0xE8, 0xA1, 0x1E,
    0xE4, 0xA1, 0x1C, 0xE4, 0x80, 0x14, 0xF8, 0xC0, 0x1E, 0xCA, 0x61, 0x1C, 0xE8, 0xE1, 0x1D, 0xE4, 0x81, 0x0F, 0xCC,
    0x81, 0x1D, 0xDE, 0x21, 0x1C, 0xE8, 0x81, 0x0D, 0xC0, 0x80, 0x0E, 0xFC, 0x00, 0x0C, 0xFC, 0x40, 0x0F, 0xF4, 0xA0,
    0x1D, 0xD2, 0x01, 0x1E, 0xE6, 0xE1, 0x17, 0xE8, 0x21, 0x1F, 0xE0, 0xA1, 0x1C, 0x50, 0x40, 0xCC, 0x24, 0x06, 0xE3,
    0xC0, 0x0E, 0xE1, 0x30, 0x0F, 0xF3, 0xE0, 0x06, 0xB4, 0x50, 0x0E, 0xF8, 0x40, 0x0F, 0xF5, 0x20, 0x0F, 0xE5, 0x20,
    0x07, 0xA4, 0xC0, 0x07, 0xF6, 0x50, 0x0E, 0xE3, 0x40, 0x0F, 0xEF, 0x20, 0x0F, 0x7C, 0x60, 0x0E, 0xEC, 0xF0, 0x0E,
    0xE1, 0x40, 0x0F, 0x6C, 0x00, 0x06, 0x74, 0xE0, 0x07, 0x60, 0xE0, 0x07, 0x48, 0x58, 0x59, 0x6A, 0x87, 0x11, 0x08,
    0xE2, 0x10, 0x13, 0x98, 0x88, 0x08, 0x01, 0x16, 0x74, 0xAC, 0xEB, 0xBA, 0xAE, 0xEB, 0x4B, 0x70, 0x12, 0xAC, 0xF7,
    0x1C, 0x8E, 0x34, 0x2D, 0x00, 0xE6, 0x50, 0x93, 0xFF, 0x22, 0x84, 0x85, 0x08, 0x79, 0x5D, 0x57, 0x9A, 0x6F, 0x92,
    0xA6, 0x88, 0x12, 0x26, 0x9F, 0x05, 0x98, 0x67, 0x21, 0x22, 0x76, 0x02, 0x26, 0x02, 0x05, 0x04, 0xD5, 0x29, 0x41,
    0xCC, 0x11, 0x80, 0xC2, 0x14, 0x00, 0x00, 0x00, 0x00, 0x13, 0x14, 0x72, 0xC0, 0x87, 0x74, 0x60, 0x87, 0x36, 0x68,
    0x87, 0x79, 0x68, 0x03, 0x72, 0xC0, 0x87, 0x0D, 0xAF, 0x50, 0x0E, 0x6D, 0xD0, 0x0E, 0x7A, 0x50, 0x0E, 0x6D, 0x00,
    0x0F, 0x7A, 0x30, 0x07, 0x72, 0xA0, 0x07, 0x73, 0x20, 0x07, 0x6D, 0x90, 0x0E, 0x71, 0xA0, 0x07, 0x73, 0x20, 0x07,
    0x6D, 0x90, 0x0E, 0x78, 0xA0, 0x07, 0x73, 0x20, 0x07, 0x6D, 0x90, 0x0E, 0x71, 0x60, 0x07, 0x7A, 0x30, 0x07, 0x72,
    0xD0, 0x06, 0xE9, 0x30, 0x07, 0x72, 0xA0, 0x07, 0x73, 0x20, 0x07, 0x6D, 0x90, 0x0E, 0x76, 0x40, 0x07, 0x7A, 0x60,
    0x07, 0x74, 0xD0, 0x06, 0xE6, 0x10, 0x07, 0x76, 0xA0, 0x07, 0x73, 0x20, 0x07, 0x6D, 0x60, 0x0E, 0x73, 0x20, 0x07,
    0x7A, 0x30, 0x07, 0x72, 0xD0, 0x06, 0xE6, 0x60, 0x07, 0x74, 0xA0, 0x07, 0x76, 0x40, 0x07, 0x6D, 0xE0, 0x0E, 0x78,
    0xA0, 0x07, 0x71, 0x60, 0x07, 0x7A, 0x30, 0x07, 0x72, 0xA0, 0x07, 0x76, 0x40, 0x07, 0x43, 0x9E, 0x00, 0x00, 0x00,
    0x00, 0x00, 0x00, 0x00, 0x00, 0x00, 0x00, 0x00, 0x86, 0x3C, 0x06, 0x10, 0x00, 0x01, 0x00, 0x00, 0x00, 0x00, 0x00,
    0x00, 0x00, 0x0C, 0x79, 0x10, 0x20, 0x00, 0x04, 0x00, 0x00, 0x00, 0x00, 0x00, 0x00, 0x00, 0x18, 0xF2, 0x2C, 0x40,
    0x00, 0x08, 0x00, 0x00, 0x00, 0x00, 0x00, 0x00, 0x00, 0x30, 0xE4, 0x81, 0x80, 0x00, 0x18, 0x00, 0x00, 0x00, 0x00,
    0x00, 0x00, 0x00, 0x60, 0xC8, 0x23, 0x01, 0x01, 0x30, 0x00, 0x00, 0x00, 0x00, 0x00, 0x00, 0x00, 0xC0, 0x90, 0x87,
    0x02, 0x02, 0x20, 0x00, 0x00, 0x00, 0x00, 0x00, 0x00, 0x00, 0x80, 0x21, 0x8F, 0x05, 0x04, 0x40, 0x00, 0x00, 0x00,
    0x00, 0x00, 0x00, 0x00, 0x00, 0x43, 0x1E, 0x0C, 0x08, 0x80, 0x00, 0x00, 0x00, 0x00, 0x00, 0x00, 0x00, 0x00, 0x86,
    0x3C, 0x1B, 0x10, 0x00, 0x03, 0x00, 0x00, 0x00, 0x00, 0x00, 0x00, 0x00, 0x0C, 0x79, 0x3C, 0x20, 0x00, 0x06, 0x00,
    0x00, 0x00, 0x00, 0x00, 0x00, 0x00, 0x18, 0xF2, 0x84, 0x01, 0x10, 0x00, 0x03, 0x00, 0x00, 0x00, 0x00, 0x00, 0x00,
    0x00, 0x0C, 0x79, 0xC6, 0x00, 0x08, 0x80, 0x01, 0x00, 0x00, 0x00, 0x00, 0x00, 0x00, 0x00, 0x86, 0x3C, 0x66, 0x00,
    0x04, 0xC0, 0x00, 0x00, 0x00, 0x00, 0x00, 0x00, 0x00, 0x00, 0x59, 0x20, 0x00, 0x00, 0x16, 0x00, 0x00, 0x00, 0x32,
    0x1E, 0x98, 0x18, 0x19, 0x11, 0x4C, 0x90, 0x8C, 0x09, 0x26, 0x47, 0xC6, 0x04, 0x43, 0x22, 0x4A, 0x60, 0x04, 0xA0,
    0x24, 0x8A, 0xA1, 0x0C, 0xCA, 0xA2, 0x08, 0x0A, 0xA2, 0x14, 0x0A, 0xA1, 0xC0, 0x03, 0xCA, 0xA1, 0x3C, 0xA8, 0x28,
    0x89, 0x11, 0x80, 0x22, 0x28, 0x84, 0x12, 0x28, 0x83, 0x02, 0x21, 0xBC, 0x40, 0xC8, 0x9D, 0x01, 0xA0, 0x78, 0x06,
    0x80, 0xE8, 0x19, 0x00, 0xB2, 0x67, 0x00, 0xE8, 0x1E, 0x4B, 0x82, 0x88, 0xE7, 0x79, 0x80, 0x40, 0x20, 0x9E, 0xE7,
    0x01, 0x80, 0xE7, 0x79, 0x00, 0x52, 0x67, 0x00, 0x00, 0x00, 0x00, 0x79, 0x18, 0x00, 0x00, 0x8D, 0x00, 0x00, 0x00,
    0x1A, 0x03, 0x4C, 0x90, 0x46, 0x02, 0x13, 0xC4, 0x8F, 0x0C, 0x6F, 0x0C, 0x05, 0x4E, 0x2E, 0xCD, 0x2E, 0x8C, 0xAE,
    0x2C, 0x05, 0x24, 0xC6, 0x25, 0xC7, 0x05, 0xC6, 0x25, 0x06, 0x04, 0x05, 0x86, 0x6C, 0xA6, 0xAC, 0xCC, 0x46, 0xAC,
    0x26, 0x65, 0x43, 0x10, 0x4C, 0x10, 0x08, 0x67, 0x82, 0x40, 0x3C, 0x1B, 0x84, 0x81, 0x98, 0x20, 0x10, 0xD0, 0x06,
    0x61, 0x30, 0x28, 0xC0, 0xCD, 0x4D, 0x10, 0x88, 0x68, 0xC3, 0x80, 0x24, 0xC4, 0x04, 0x41, 0x0D, 0xD0, 0x80, 0xC0,
    0x04, 0x81, 0x90, 0x26, 0x08, 0xC4, 0xB4, 0x21, 0x21, 0x16, 0x86, 0x68, 0x06, 0x87, 0x00, 0x26, 0x08, 0x6E, 0x30,
    0x06, 0x13, 0x04, 0x82, 0xDA, 0x20, 0x10, 0xC6, 0x86, 0x64, 0x80, 0x18, 0x22, 0x19, 0x22, 0x42, 0x9A, 0x20, 0x10,
    0xD5, 0x86, 0x24, 0x82, 0x18, 0x82, 0x1A, 0x22, 0x42, 0x9A, 0x20, 0x10, 0xD6, 0x86, 0xA4, 0x81, 0x18, 0xC2, 0x1A,
    0x22, 0x42, 0xDA, 0x40, 0x3C, 0x53, 0x75, 0x4D, 0x10, 0xE2, 0x80, 0x0C, 0x26, 0x08, 0xC4, 0x35, 0x41, 0x20, 0xB0,
    0x0D, 0x08, 0x91, 0x31, 0x84, 0x36, 0x6C, 0xC0, 0x04, 0x81, 0x0E, 0xCA, 0x60, 0x03, 0x32, 0x74, 0x0C, 0x41, 0x0C,
    0x1B, 0xB0, 0x41, 0xE0, 0xBC, 0x09, 0x82, 0x1D, 0x98, 0xC1, 0x04, 0x81, 0xC8, 0x36, 0x20, 0x04, 0x18, 0x30, 0x44,
    0x18, 0x0C, 0x04, 0xB0, 0x01, 0x19, 0xC0, 0x80, 0x21, 0x8C, 0x81, 0x00, 0x36, 0x08, 0x62, 0x30, 0x06, 0x1B, 0x08,
    0x0C, 0xF8, 0xC8, 0x60, 0x82, 0x70, 0x07, 0x67, 0xB0, 0x21, 0x30, 0x83, 0x09, 0x82, 0x00, 0x90, 0x68, 0x0B, 0x4B,
    0x73, 0x23, 0x42, 0x55, 0x84, 0x35, 0xF4, 0xF4, 0x24, 0x45, 0x34, 0x41, 0x28, 0xB6, 0x09, 0x42, 0xC1, 0x6D, 0x08,
    0x88, 0x09, 0x42, 0xD1, 0x6D, 0x10, 0x9A, 0x66, 0xC3, 0x42, 0xA8, 0xC1, 0x1A, 0xB0, 0x41, 0x1B, 0xB8, 0xC1, 0xE0,
    0x06, 0x04, 0x1B, 0xBC, 0xC1, 0x86, 0x60, 0x98, 0x20, 0x14, 0xDE, 0x04, 0x81, 0xD0, 0x36, 0x08, 0xCD, 0x1C, 0x6C,
    0x58, 0x06, 0x35, 0x58, 0x03, 0x36, 0x88, 0x03, 0x37, 0x18, 0xE4, 0x60, 0x60, 0x03, 0x3A, 0xD8, 0x10, 0x44, 0x13,
    0x84, 0xE2, 0xDB, 0x20, 0x34, 0xC3, 0x86, 0x25, 0x52, 0x83, 0x35, 0x60, 0x03, 0x3B, 0x70, 0x83, 0xE1, 0x0E, 0x08,
    0x37, 0xC0, 0x83, 0x0D, 0x41, 0xB3, 0x61, 0x69, 0xD4, 0x60, 0x0D, 0xD8, 0x40, 0x0F, 0xDC, 0x60, 0x70, 0x83, 0x88,
    0x0D, 0xDE, 0x80, 0xCB, 0x94, 0xD5, 0x17, 0xD4, 0xDB, 0x5C, 0x1A, 0x5D, 0xDA, 0x9B, 0xDB, 0x04, 0xA1, 0x00, 0x83,
    0x0D, 0x42, 0x13, 0x06, 0x1B, 0x16, 0x8D, 0x0F, 0xD6, 0xA0, 0x0F, 0xDA, 0x40, 0x0E, 0x06, 0x39, 0x68, 0xD8, 0xC0,
    0x0F, 0x36, 0x14, 0x70, 0x50, 0x07, 0x79, 0xB0, 0x07, 0x7F, 0xC0, 0x64, 0xCA, 0xEA, 0x8B, 0x2A, 0x4C, 0xEE, 0xAC,
    0x8C, 0x6E, 0x82, 0x50, 0x84, 0xC1, 0x86, 0x85, 0x08, 0x85, 0x35, 0x10, 0x85, 0x36, 0x60, 0x83, 0x41, 0x0E, 0x08,
    0x36, 0xA0, 0x83, 0x0D, 0xC1, 0x28, 0x6C, 0x18, 0x40, 0x81, 0x14, 0x80, 0x09, 0x02, 0x1E, 0x88, 0xC1, 0x06, 0x81,
    0x30, 0x85, 0x0D, 0x05, 0x1A, 0xA4, 0x41, 0x29, 0x94, 0xC1, 0x29, 0x54, 0x61, 0x63, 0xB3, 0x6B, 0x73, 0x49, 0x23,
    0x2B, 0x73, 0xA3, 0x9B, 0x12, 0x04, 0x55, 0xC8, 0xF0, 0x5C, 0xEC, 0xCA, 0xE4, 0xE6, 0xD2, 0xDE, 0xDC, 0xA6, 0x04,
    0x44, 0x13, 0x32, 0x3C, 0x17, 0xBB, 0x30, 0x36, 0xBB, 0x32, 0xB9, 0x29, 0x81, 0x51, 0x87, 0x0C, 0xCF, 0x65, 0x0E,
    0x2D, 0x8C, 0xAC, 0x4C, 0xAE, 0xE9, 0x8D, 0xAC, 0x8C, 0x6D, 0x4A, 0x90, 0x94, 0x21, 0xC3, 0x73, 0x91, 0x2B, 0x9B,
    0x7B, 0xAB, 0x93, 0x1B, 0x2B, 0x9B, 0x9B, 0x12, 0x90, 0x41, 0x1D, 0x32, 0x3C, 0x17, 0xBB, 0xB4, 0xB2, 0xBB, 0x24,
    0xB2, 0x29, 0xBA, 0x30, 0xBA, 0xB2, 0x29, 0x81, 0x19, 0xD4, 0x21, 0xC3, 0x73, 0x29, 0x73, 0xA3, 0x93, 0xCB, 0x83,
    0x7A, 0x4B, 0x73, 0xA3, 0x9B, 0x9B, 0x12, 0x9C, 0x02, 0x00, 0x00, 0x00, 0x00, 0x79, 0x18, 0x00, 0x00, 0x51, 0x00,
    0x00, 0x00, 0x33, 0x08, 0x80, 0x1C, 0xC4, 0xE1, 0x1C, 0x66, 0x14, 0x01, 0x3D, 0x88, 0x43, 0x38, 0x84, 0xC3, 0x8C,
    0x42, 0x80, 0x07, 0x79, 0x78, 0x07, 0x73, 0x98, 0x71, 0x0C, 0xE6, 0x00, 0x0F, 0xED, 0x10, 0x0E, 0xF4, 0x80, 0x0E,
    0x33, 0x0C, 0x42, 0x1E, 0xC2, 0xC1, 0x1D, 0xCE, 0xA1, 0x1C, 0x66, 0x30, 0x05, 0x3D, 0x88, 0x43, 0x38, 0x84, 0x83,
    0x1B, 0xCC, 0x03, 0x3D, 0xC8, 0x43, 0x3D, 0x8C, 0x03, 0x3D, 0xCC, 0x78, 0x8C, 0x74, 0x70, 0x07, 0x7B, 0x08, 0x07,
    0x79, 0x48, 0x87, 0x70, 0x70, 0x07, 0x7A, 0x70, 0x03, 0x76, 0x78, 0x87, 0x70, 0x20, 0x87, 0x19, 0xCC, 0x11, 0x0E,
    0xEC, 0x90, 0x0E, 0xE1, 0x30, 0x0F, 0x6E, 0x30, 0x0F, 0xE3, 0xF0, 0x0E, 0xF0, 0x50, 0x0E, 0x33, 0x10, 0xC4, 0x1D,
    0xDE, 0x21, 0x1C, 0xD8, 0x21, 0x1D, 0xC2, 0x61, 0x1E, 0x66, 0x30, 0x89, 0x3B, 0xBC, 0x83, 0x3B, 0xD0, 0x43, 0x39,
    0xB4, 0x03, 0x3C, 0xBC, 0x83, 0x3C, 0x84, 0x03, 0x3B, 0xCC, 0xF0, 0x14, 0x76, 0x60, 0x07, 0x7B, 0x68, 0x07, 0x37,
    0x68, 0x87, 0x72, 0x68, 0x07, 0x37, 0x80, 0x87, 0x70, 0x90, 0x87, 0x70, 0x60, 0x07, 0x76, 0x28, 0x07, 0x76, 0xF8,
    0x05, 0x76, 0x78, 0x87, 0x77, 0x80, 0x87, 0x5F, 0x08, 0x87, 0x71, 0x18, 0x87, 0x72, 0x98, 0x87, 0x79, 0x98, 0x81,
    0x2C, 0xEE, 0xF0, 0x0E, 0xEE, 0xE0, 0x0E, 0xF5, 0xC0, 0x0E, 0xEC, 0x30, 0x03, 0x62, 0xC8, 0xA1, 0x1C, 0xE4, 0xA1,
    0x1C, 0xCC, 0xA1, 0x1C, 0xE4, 0xA1, 0x1C, 0xDC, 0x61, 0x1C, 0xCA, 0x21, 0x1C, 0xC4, 0x81, 0x1D, 0xCA, 0x61, 0x06,
    0xD6, 0x90, 0x43, 0x39, 0xC8, 0x43, 0x39, 0x98, 0x43, 0x39, 0xC8, 0x43, 0x39, 0xB8, 0xC3, 0x38, 0x94, 0x43, 0x38,
    0x88, 0x03, 0x3B, 0x94, 0xC3, 0x2F, 0xBC, 0x83, 0x3C, 0xFC, 0x82, 0x3B, 0xD4, 0x03, 0x3B, 0xB0, 0xC3, 0x0C, 0xC4,
    0x21, 0x07, 0x7C, 0x70, 0x03, 0x7A, 0x28, 0x87, 0x76, 0x80, 0x87, 0x19, 0xD1, 0x43, 0x0E, 0xF8, 0xE0, 0x06, 0xE4,
    0x20, 0x0E, 0xE7, 0xE0, 0x06, 0xF6, 0x10, 0x0E, 0xF2, 0xC0, 0x0E, 0xE1, 0x90, 0x0F, 0xEF, 0x50, 0x0F, 0xF4, 0x30,
    0x83, 0x81, 0xC8, 0x01, 0x1F, 0xDC, 0x40, 0x1C, 0xE4, 0xA1, 0x1C, 0xC2, 0x61, 0x1D, 0xDC, 0x40, 0x1C, 0xE4, 0x01,
    0x00, 0x00, 0x00, 0x71, 0x20, 0x00, 0x00, 0x38, 0x00, 0x00, 0x00, 0x76, 0x00, 0x0D, 0x97, 0xEF, 0x3C, 0x7E, 0x80,
    0x34, 0x40, 0x84, 0xF9, 0xC5, 0x6D, 0x9B, 0x01, 0x34, 0x5C, 0xBE, 0xF3, 0xF8, 0x01, 0xD2, 0x00, 0x11, 0xE6, 0x23,
    0xB7, 0x6D, 0x0D, 0xD4, 0x70, 0xF9, 0xCE, 0xE3, 0x07, 0x54, 0x51, 0x10, 0x51, 0xE9, 0x00, 0x83, 0x8F, 0xDC, 0xB6,
    0x2D, 0x6C, 0xC3, 0xE5, 0x3B, 0x8F, 0x2F, 0x04, 0x54, 0x51, 0x10, 0x51, 0xE9, 0x00, 0x43, 0x49, 0x18, 0x80, 0x80,
    0xF9, 0xC5, 0x6D, 0x9B, 0xC2, 0x36, 0x5C, 0xBE, 0xF3, 0xF8, 0x42, 0x40, 0x15, 0x05, 0x11, 0x95, 0x0E, 0x30, 0x94,
    0x84, 0x01, 0x08, 0x98, 0x8F, 0xDC, 0xB6, 0x31, 0x48, 0xC3, 0xE5, 0x3B, 0x8F, 0x2F, 0x44, 0x04, 0x30, 0x11, 0x21,
    0xD0, 0x0C, 0x0B, 0x61, 0x03, 0xCD, 0x70, 0xF9, 0xCE, 0xE3, 0x0F, 0x88, 0x24, 0x00, 0xD1, 0x60, 0x09, 0xD3, 0x70,
    0xF9, 0xCE, 0xE3, 0x1B, 0xC4, 0xD4, 0x21, 0x0C, 0xD1, 0x48, 0x88, 0xD3, 0x48, 0x16, 0x30, 0x0D, 0x97, 0xEF, 0x3C,
    0xFE, 0xE2, 0x00, 0x83, 0xD8, 0x3C, 0xD4, 0xE4, 0x17, 0xB7, 0x6D, 0x04, 0xD0, 0x70, 0xF9, 0xCE, 0xE3, 0x4B, 0x00,
    0xF3, 0x2C, 0x84, 0x5F, 0xDC, 0xB6, 0x09, 0x54, 0xC3, 0xE5, 0x3B, 0x8F, 0x2F, 0x4D, 0x4E, 0x44, 0xA0, 0xD4, 0xF4,
    0x50, 0x93, 0x5F, 0xDC, 0xB6, 0x15, 0x54, 0xC3, 0xE5, 0x3B, 0x8F, 0x3F, 0x11, 0xD7, 0x44, 0x45, 0x44, 0xE9, 0x00,
    0x83, 0x5F, 0xDC, 0xB6, 0x21, 0x3C, 0xC3, 0xE5, 0x3B, 0x8F, 0x4F, 0x35, 0x40, 0x84, 0xF9, 0xC5, 0x6D, 0x1B, 0x00,
    0xC1, 0x00, 0x48, 0x03, 0x00, 0x00, 0x00, 0x61, 0x20, 0x00, 0x00, 0x2F, 0x01, 0x00, 0x00, 0x13, 0x04, 0x4A, 0x2C,
    0x10, 0x00, 0x00, 0x00, 0x10, 0x00, 0x00, 0x00, 0xA4, 0xD4, 0xC0, 0x08, 0x00, 0x11, 0x85, 0x18, 0x50, 0x30, 0x45,
    0x1A, 0x50, 0x84, 0x01, 0x33, 0x00, 0x25, 0x57, 0x76, 0x85, 0x57, 0x03, 0xC5, 0x54, 0x46, 0x85, 0x54, 0x90, 0x01,
    0x34, 0x8C, 0x11, 0x80, 0x20, 0x08, 0x92, 0x60, 0x30, 0x46, 0x00, 0x82, 0x20, 0x08, 0xFF, 0xC2, 0x18, 0x01, 0x08,
    0x82, 0x20, 0x08, 0x06, 0x23, 0x00, 0x63, 0x04, 0x20, 0x08, 0x82, 0xF8, 0x37, 0x03, 0x00, 0x23, 0x06, 0x09, 0x00,
    0x82, 0x60, 0x30, 0x06, 0x72, 0xE0, 0x88, 0x01, 0x1B, 0xA0, 0x01, 0x35, 0x62, 0x90, 0x00, 0x20, 0x08, 0x06, 0x63,
    0x30, 0x07, 0xCF, 0x18, 0xAC, 0x81, 0x1A, 0x54, 0x23, 0x06, 0x09, 0x00, 0x82, 0x60, 0x30, 0x06, 0x74, 0x00, 0x91,
    0x81, 0x1C, 0xBC, 0x81, 0x35, 0x62, 0x90, 0x00, 0x20, 0x08, 0x06, 0x63, 0x50, 0x07, 0x51, 0x19, 0xC8, 0xC1, 0x1B,
    0x5C, 0x23, 0x06, 0x09, 0x00, 0x82, 0x60, 0x30, 0x06, 0x76, 0x20, 0x89, 0x01, 0x1D, 0xC8, 0x01, 0x36, 0x62, 0x90,
    0x00, 0x20, 0x08, 0x06, 0x63, 0x70, 0x07, 0xD3, 0x18, 0xD0, 0x81, 0x1A, 0x64, 0x23, 0x06, 0x09, 0x00, 0x82, 0x60,
    0x30, 0x06, 0x78, 0x40, 0x9D, 0x81, 0x1D, 0xD4, 0x81, 0x36, 0x62, 0x90, 0x00, 0x20, 0x08, 0x06, 0x63, 0x90, 0x07,
    0x15, 0x1A, 0xD8, 0x81, 0x1B, 0x6C, 0x23, 0x06, 0x09, 0x00, 0x82, 0x60, 0x60, 0x94, 0xC2, 0x1B, 0xBC, 0xC1, 0x1D,
    0xA8, 0xC1, 0x35, 0x62, 0x90, 0x00, 0x20, 0x08, 0x06, 0x86, 0x29, 0xC0, 0x01, 0x1C, 0xE0, 0x01, 0x1A, 0x60, 0x23,
    0x06, 0x09, 0x00, 0x82, 0x60, 0x60, 0x9C, 0x42, 0x1C, 0xC4, 0x41, 0x1E, 0xAC, 0x41, 0x36, 0x62, 0x90, 0x00, 0x20,
    0x08, 0x06, 0x06, 0x2A, 0xC8, 0xC1, 0x1D, 0xE8, 0x41, 0x1B, 0x68, 0x23, 0x06, 0x09, 0x00, 0x82, 0x60, 0x60, 0xA4,
    0xC2, 0x1C, 0xE0, 0xC1, 0x1E, 0xAC, 0xC1, 0x36, 0x62, 0x90, 0x00, 0x20, 0x08, 0x06, 0x86, 0x2A, 0xD0, 0xC1, 0x1D,
    0xF0, 0xC1, 0x1B, 0x70, 0x23, 0x06, 0x09, 0x00, 0x82, 0x60, 0x60, 0xAC, 0x42, 0x1D, 0xF8, 0x41, 0x1F, 0xC0, 0x41,
    0x37, 0x62, 0x90, 0x00, 0x20, 0x08, 0x06, 0x06, 0x2B, 0xD8, 0xC1, 0x1F, 0xF8, 0x81, 0x1B, 0x78, 0x23, 0x06, 0x09,
    0x00, 0x82, 0x60, 0x60, 0xB4, 0xC2, 0x1D, 0x80, 0xC2, 0x1F, 0xC4, 0xC1, 0x37, 0x62, 0x90, 0x00, 0x20, 0x08, 0x06,
    0x86, 0x2B, 0xE0, 0x41, 0x28, 0x80, 0xC2, 0x1B, 0x80, 0xC1, 0x88, 0x41, 0x02, 0x80, 0x20, 0x18, 0x18, 0xAF, 0x90,
    0x07, 0xA1, 0x10, 0x0A, 0x74, 0x10, 0x06, 0x23, 0x06, 0x09, 0x00, 0x82, 0x60, 0x60, 0xC0, 0x82, 0x1E, 0x88, 0x82,
    0x28, 0xC8, 0x81, 0x18, 0x8C, 0x18, 0x1C, 0x00, 0x08, 0x82, 0x41, 0x18, 0x9C, 0x42, 0x18, 0x34, 0x7B, 0x30, 0x9A,
    0x10, 0x00, 0xA3, 0x09, 0x42, 0x60, 0x42, 0x21, 0x1F, 0x13, 0x0A, 0xF9, 0x8C, 0x26, 0x14, 0xC2, 0x68, 0x82, 0x31,
    0x18, 0x21, 0xC0, 0xC7, 0x08, 0x01, 0x3E, 0x23, 0x06, 0x0F, 0x00, 0x82, 0x60, 0x00, 0xDD, 0x42, 0x1A, 0x6C, 0x98,
    0x10, 0x78, 0x1E, 0x2B, 0xB0, 0x02, 0x1B, 0x78, 0xA3, 0x09, 0x01, 0x30, 0x9A, 0x20, 0x04, 0xA3, 0x09, 0x83, 0x30,
    0x9A, 0x40, 0x0C, 0x23, 0x06, 0x07, 0x00, 0x82, 0x60, 0x10, 0x06, 0xB5, 0xF0, 0x06, 0x9B, 0x2A, 0x8C, 0x26, 0x04,
    0xC0, 0x68, 0x82, 0x10, 0x98, 0x30, 0xC9, 0xC7, 0x84, 0x49, 0x3E, 0xA3, 0x09, 0x85, 0x30, 0x9A, 0x60, 0x0C, 0x46,
    0x08, 0xF0, 0x31, 0x42, 0x80, 0xCF, 0x88, 0xC1, 0x03, 0x80, 0x20, 0x18, 0x40, 0xE5, 0x70, 0x07, 0x6A, 0x70, 0x06,
    0x42, 0xC0, 0x06, 0x6C, 0xA0, 0x0B, 0xBA, 0xA0, 0x07, 0x6C, 0x30, 0x9A, 0x10, 0x00, 0xA3, 0x09, 0x42, 0x30, 0x9A,
    0x30, 0x08, 0x23, 0x06, 0x07, 0x00, 0x82, 0x60, 0xB0, 0x91, 0x83, 0x1D, 0xBC, 0x81, 0x2F, 0x8C, 0x26, 0x04, 0xC0,
    0x68, 0x82, 0x10, 0x94, 0xD0, 0x07, 0x50, 0x82, 0x1F, 0xC0, 0xB1, 0x01, 0x41, 0xC7, 0x06, 0x04, 0x8D, 0x18, 0x1C,
    0x00, 0x08, 0x82, 0x01, 0xE5, 0x0E, 0xA0, 0x20, 0x10, 0x23, 0x06, 0x07, 0x00, 0x82, 0x60, 0x40, 0xBD, 0x43, 0x28,
    0x08, 0xC4, 0x88, 0x41, 0x03, 0x80, 0x20, 0x18, 0x48, 0xF1, 0x80, 0x0A, 0x78, 0x70, 0x0E, 0x42, 0x70, 0x0A, 0xA7,
    0x70, 0x0A, 0xA7, 0x30, 0x9A, 0x10, 0x00, 0xC3, 0x11, 0x70, 0x10, 0x10, 0xDF, 0x2C, 0x43, 0x20, 0x04, 0x23, 0x06,
    0x06, 0x00, 0x82, 0x60, 0xB0, 0xD8, 0x03, 0x2B, 0xC0, 0xC2, 0x2C, 0x81, 0x30, 0x1C, 0x21, 0xF8, 0x81, 0xF0, 0xCD,
    0x32, 0x0C, 0x44, 0x30, 0x62, 0x70, 0x00, 0x20, 0x08, 0x06, 0x61, 0xF0, 0x0E, 0xA9, 0x60, 0x07, 0xE9, 0x30, 0x9A,
    0x10, 0x00, 0x16, 0x14, 0xF4, 0x31, 0xA1, 0x0E, 0xE8, 0x63, 0x42, 0x10, 0x1F, 0x0B, 0xE8, 0x80, 0x3E, 0x23, 0x06,
    0x07, 0x00, 0x82, 0x60, 0x60, 0xE5, 0xC3, 0x2A, 0x04, 0xA5, 0x30, 0x62, 0x70, 0x00, 0x20, 0x08, 0x06, 0x96, 0x3E,
    0xAC, 0x42, 0x50, 0x0A, 0xB3, 0x04, 0xC4, 0x40, 0xC5, 0x20, 0x0C, 0x2C, 0x21, 0x8C, 0x18, 0x1C, 0x00, 0x08, 0x82,
    0x81, 0x97, 0x0F, 0xB2, 0xE0, 0x07, 0xF2, 0x30, 0x9A, 0x10, 0x00, 0x15, 0xDC, 0x83, 0x0E, 0x37, 0x04, 0xF7, 0x10,
    0x06, 0x23, 0x06, 0x07, 0x00, 0x82, 0x60, 0x10, 0x06, 0xFC, 0x60, 0x0B, 0xA2, 0x80, 0x0F, 0xA3, 0x09, 0x01, 0x30,
    0x9A, 0x20, 0x04, 0xA3, 0x09, 0x83, 0x30, 0x9A, 0x40, 0x0C, 0x23, 0x06, 0x07, 0x00, 0x82, 0x60, 0x10, 0x06, 0x21,
    0xB1, 0x0B, 0xA7, 0xE0, 0x0F, 0xA3, 0x09, 0x01, 0x30, 0x9A, 0x20, 0x04, 0xA3, 0x09, 0x83, 0x30, 0x9A, 0x40, 0x0C,
    0x46, 0xD4, 0x81, 0x7C, 0x8C, 0xA8, 0x03, 0xF9, 0x18, 0x51, 0x07, 0xF2, 0x31, 0xA2, 0x0E, 0xE4, 0x63, 0x44, 0x03,
    0x1F, 0x23, 0x1A, 0xF8, 0x18, 0xD1, 0xC0, 0xC7, 0x88, 0x06, 0x3E, 0xB3, 0x0C, 0x46, 0x31, 0x19, 0x2C, 0xC0, 0x82,
    0x7C, 0x0C, 0x16, 0x60, 0x41, 0x3E, 0x16, 0x08, 0xF0, 0x19, 0x31, 0x30, 0x00, 0x10, 0x04, 0x03, 0x8C, 0x26, 0xE0,
    0x21, 0xB0, 0x80, 0x1C, 0xE0, 0x63, 0x01, 0x39, 0xC8, 0x67, 0xC4, 0xC0, 0x00, 0x40, 0x10, 0x0C, 0xB0, 0x9B, 0x30,
    0x89, 0xC0, 0x02, 0x73, 0x90, 0x8F, 0xA5, 0x43, 0x10, 0x1F, 0x1B, 0x06, 0xF9, 0x58, 0x20, 0xC8, 0xC7, 0xD0, 0x21,
    0x88, 0xCF, 0x2C, 0x81, 0x31, 0x50, 0x31, 0x08, 0x05, 0x4B, 0x10, 0x16, 0xE9, 0x82, 0x7C, 0x2C, 0xD2, 0x05, 0xF9,
    0x58, 0xA4, 0x0B, 0xF2, 0x99, 0x6E, 0x68, 0x07, 0x62, 0x0C, 0x0C, 0x0D, 0x76, 0x41, 0x3E, 0x36, 0x05, 0xF2, 0xB1,
    0x60, 0x90, 0xCF, 0x88, 0xC1, 0x01, 0x80, 0x20, 0x18, 0x58, 0x66, 0x81, 0x0F, 0x81, 0x3C, 0x8C, 0x18, 0x1C, 0x00,
    0x08, 0x82, 0x81, 0x75, 0x16, 0xF8, 0x10, 0xC8, 0x43, 0xAD, 0xC1, 0x4E, 0xE8, 0x70, 0x43, 0x10, 0x16, 0x60, 0x60,
    0xCB, 0x20, 0x1F, 0x5B, 0x08, 0xF9, 0xD8, 0x52, 0xC8, 0x67, 0x96, 0x01, 0x39, 0x08, 0xC3, 0x07, 0x23, 0x3E, 0x46,
    0x04, 0xF0, 0x31, 0x42, 0x80, 0x8F, 0x11, 0x03, 0x7C, 0x66, 0x09, 0x92, 0x11, 0x83, 0x03, 0x00, 0x41, 0x30, 0x08,
    0x83, 0xB6, 0x38, 0x89, 0x79, 0x20, 0x8B, 0xD1, 0x84, 0x00, 0x18, 0x4D, 0x10, 0x82, 0xD1, 0x84, 0x41, 0x18, 0x31,
    0x38, 0x00, 0x10, 0x04, 0x83, 0x30, 0x88, 0x8B, 0x95, 0xB8, 0x07, 0xB5, 0x18, 0x4D, 0x08, 0x80, 0xD1, 0x04, 0x21,
    0x18, 0x4D, 0x18, 0x04, 0x1B, 0x6C, 0x41, 0x3E, 0x36, 0xD8, 0x82, 0x7C, 0x6C, 0xB0, 0x05, 0xF9, 0xD8, 0xA0, 0xC0,
    0xC7, 0x06, 0x05, 0x3E, 0x36, 0x28, 0xF0, 0x19, 0x31, 0x40, 0x00, 0x10, 0x04, 0x03, 0x33, 0xC8, 0x8B, 0x9D, 0x28,
    0x89, 0xB7, 0xB8, 0x89, 0xD1, 0x84, 0x00, 0xB8, 0x60, 0x58, 0x23, 0x83, 0x4F, 0x3E, 0x26, 0x04, 0xF2, 0xB1, 0x00,
    0x91, 0x8F, 0x09, 0x88, 0x7C, 0x6C, 0x40, 0xE4, 0x63, 0x43, 0x07, 0x1F, 0x1B, 0x3A, 0xF8, 0xD8, 0xD0, 0xC1, 0x67,
    0x96, 0x20, 0x19, 0xA8, 0x18, 0xF0, 0xE0, 0x30, 0x90, 0x81, 0x8A, 0x01, 0x0F, 0x0E, 0x03, 0x19, 0xA8, 0x18, 0xF0,
    0xE0, 0x30, 0x90, 0x11, 0x83, 0x04, 0x00, 0x41, 0x30, 0x40, 0x64, 0xC3, 0x2F, 0x4A, 0xA3, 0x34, 0xF0, 0x62, 0x18,
    0x31, 0x48, 0x00, 0x10, 0x04, 0x03, 0x44, 0x36, 0xFC, 0xA2, 0x34, 0x4A, 0xA3, 0x2E, 0x84, 0x11, 0x83, 0x04, 0x00,
    0x41, 0x30, 0x40, 0x64, 0xC3, 0x2F, 0x4A, 0xA3, 0x34, 0xEE, 0x22, 0x18, 0x31, 0x48, 0x00, 0x10, 0x04, 0x03, 0x44,
    0x36, 0xFC, 0xA2, 0x34, 0x4A, 0x83, 0x2E, 0xCC, 0x00, 0x01, 0x00, 0x00, 0x00, 0x00, 0x00,
};
