// SPDX-License-Identifier: MIT
// Copyright (c) 2026 Sirac Ozmen
//
// The Windows gamepad mappings. Generated by tools/gen_gamepad_db.py from
// tools/gamepaddb/gamecontrollerdb.txt (SDL_GameControllerDB); do not edit.
// 867 devices, 398 mappings, 26374 bytes of tables.
// clang-format off

#include "../pad_db.h"

static const mwinPadMapping s_mappings[] = {
    {{0xC001, 0xC004, 0xC008, 0xC002, 0x4001, 0x4002, 0x4000, 0x4003, 0x4004, 0x4005, 0x0000, 0x0000, 0x4009, 0x4008, 0x400C, 0x0000, 0x0000, 0x0000, 0x0000, 0x4006, 0x4007}, 0},
    {{0xC001, 0xC004, 0xC008, 0xC002, 0x4000, 0x4001, 0x4003, 0x4004, 0x4007, 0x4002, 0x0000, 0x0000, 0x4008, 0x0000, 0x0000, 0x8000, 0x8001, 0x0000, 0x0000, 0x4006, 0x4005}, 0},
    {{0xC001, 0xC004, 0xC008, 0xC002, 0x4001, 0x4002, 0x4004, 0x4005, 0x4006, 0x4007, 0x0000, 0x0000, 0x4000, 0x4003, 0x400A, 0x8000, 0x8001, 0x0000, 0x0000, 0x4008, 0x4009}, 0},
    {{0xC001, 0xC004, 0xC008, 0xC002, 0x4002, 0x4001, 0x4003, 0x4000, 0x4004, 0x4005, 0x400A, 0x400B, 0x4009, 0x4008, 0x0000, 0x8000, 0x8001, 0x8002, 0x8004, 0x4006, 0x4007}, 0},
    {{0x8204, 0x8104, 0x8203, 0x8103, 0x4001, 0x4002, 0x4000, 0x4003, 0x4006, 0x4004, 0x0000, 0x0000, 0x4009, 0x4008, 0x0000, 0x0000, 0x0000, 0x0000, 0x0000, 0x4007, 0x4005}, 0},
    {{0x8201, 0x8101, 0x8200, 0x8100, 0x4001, 0x4002, 0x4000, 0x4003, 0x4004, 0x4005, 0x0000, 0x0000, 0x4009, 0x4008, 0x0000, 0x0000, 0x0000, 0x0000, 0x0000, 0x4006, 0x4007}, 0},
    {{0xC001, 0xC004, 0xC008, 0xC002, 0x4002, 0x4001, 0x4003, 0x4000, 0x4004, 0x4005, 0x400A, 0x400B, 0x4009, 0x4008, 0x0000, 0x8000, 0x8001, 0x8002, 0x8003, 0x4006, 0x4007}, 0},
    {{0xC001, 0xC004, 0xC008, 0xC002, 0x4002, 0x4001, 0x4003, 0x4000, 0x4004, 0x4005, 0x400A, 0x400B, 0x4009, 0x4008, 0x0000, 0x8000, 0x8001, 0x8002, 0x8005, 0x4006, 0x4007}, 0},
    {{0xC001, 0xC004, 0xC008, 0xC002, 0x4001, 0x4002, 0x4000, 0x4003, 0x4004, 0x4005, 0x400A, 0x400B, 0x4009, 0x4008, 0x0000, 0x8000, 0x8001, 0x8002, 0x8003, 0x4006, 0x4007}, 0},
    {{0xC001, 0xC004, 0xC008, 0xC002, 0x4002, 0x4003, 0x4000, 0x4001, 0x4004, 0x4005, 0x0000, 0x0000, 0x4009, 0x4008, 0x400B, 0x8000, 0x8001, 0x8002, 0x8003, 0x4006, 0x4007}, 0},
    {{0xC001, 0xC004, 0xC008, 0xC002, 0x4000, 0x4001, 0x4002, 0x4003, 0x4021, 0x4005, 0x0000, 0x0000, 0x4007, 0x4006, 0x0000, 0x0000, 0x0000, 0x0000, 0x0000, 0x0000, 0x0000}, 0},
    {{0xC001, 0xC004, 0xC008, 0xC002, 0x4001, 0x4002, 0x4000, 0x4003, 0x4004, 0x4005, 0x400A, 0x400B, 0x4009, 0x4008, 0x400C, 0x8000, 0x8001, 0x8002, 0x8003, 0x4006, 0x4007}, 0},
    {{0xC001, 0xC004, 0xC008, 0xC002, 0x4001, 0x4002, 0x4000, 0x4003, 0x4004, 0x4005, 0x400A, 0x400B, 0x4009, 0x4008, 0x400C, 0x8000, 0x8001, 0x8002, 0x8005, 0x4006, 0x4007}, 0},
    {{0xC001, 0xC004, 0xC008, 0xC002, 0x4000, 0x4001, 0x4003, 0x4004, 0x4006, 0x4007, 0x400D, 0x400E, 0x400B, 0x400A, 0x400F, 0x8000, 0x8001, 0x8003, 0x8004, 0x4008, 0x4009}, 0},
    {{0xC001, 0xC004, 0xC008, 0xC002, 0x4000, 0x4001, 0x4003, 0x4004, 0x4006, 0x4002, 0x0000, 0x0000, 0x4009, 0x0000, 0x0000, 0x0000, 0x0000, 0x0000, 0x0000, 0x0000, 0x0000}, 0},
    {{0xC001, 0xC004, 0xC008, 0xC002, 0x4001, 0x4002, 0x4000, 0x4003, 0x4004, 0x4005, 0x0000, 0x0000, 0x4009, 0x4008, 0x0000, 0x8000, 0x8001, 0x0000, 0x0000, 0x4006, 0x4007}, 0},
    {{0xC001, 0xC004, 0xC008, 0xC002, 0x4001, 0x4002, 0x4000, 0x4003, 0x4004, 0x4007, 0x0000, 0x0000, 0x4009, 0x0000, 0x0000, 0x8000, 0x8001, 0x8005, 0x8002, 0x8003, 0x8004}, 0},
    {{0xC001, 0xC004, 0xC008, 0xC002, 0x4001, 0x4002, 0x4000, 0x4003, 0x0000, 0x4007, 0x0000, 0x0000, 0x4009, 0x0000, 0x0000, 0x8000, 0x8001, 0x8005, 0x8002, 0x8003, 0x8004}, 0},
    {{0xC001, 0xC004, 0xC008, 0xC002, 0x4001, 0x4000, 0x4002, 0x4003, 0x0000, 0x4007, 0x0000, 0x0000, 0x4009, 0x0000, 0x0000, 0x8000, 0x8001, 0x8005, 0x8002, 0x8003, 0x8004}, 0},
    {{0x400C, 0x400E, 0x400F, 0x400D, 0x4001, 0x4000, 0x4002, 0x4003, 0x0000, 0x4007, 0x0000, 0x0000, 0x4009, 0x0000, 0x0000, 0x8000, 0x8001, 0x8005, 0x8002, 0x8003, 0x8004}, 0},
    {{0xC001, 0xC004, 0xC008, 0xC002, 0x4000, 0x4001, 0x4003, 0x4004, 0x4006, 0x4007, 0x400D, 0x400E, 0x400B, 0x400A, 0x400C, 0x8000, 0x8001, 0x8003, 0x8004, 0x4008, 0x4009}, 0},
    {{0xC001, 0xC004, 0xC008, 0xC002, 0x4001, 0x4002, 0x0000, 0x0000, 0x4006, 0x0000, 0x0000, 0x0000, 0x4008, 0x0000, 0x0000, 0x8000, 0x8001, 0x8003, 0x8002, 0x4009, 0x4007}, 0},
    {{0xC001, 0xC004, 0xC008, 0xC002, 0x4002, 0x4001, 0x4003, 0x4000, 0x4004, 0x4005, 0x400A, 0x400B, 0x4009, 0x4008, 0x0000, 0x8000, 0x8001, 0x8002, 0x8005, 0x8003, 0x8004}, 0},
    {{0x4002, 0x400E, 0x400F, 0x400D, 0x4000, 0x4001, 0x4003, 0x4004, 0x0000, 0x4006, 0x0000, 0x0000, 0x4009, 0x4007, 0x0000, 0x0000, 0x0000, 0x0000, 0x0000, 0x0000, 0x4002}, 0},
    {{0xC001, 0xC004, 0xC008, 0xC002, 0x4002, 0x4001, 0x4003, 0x4000, 0x4004, 0x4005, 0x400A, 0x400B, 0x4009, 0x4008, 0x400C, 0x8000, 0x8001, 0x8002, 0x8003, 0x4006, 0x4007}, 0},
    {{0xC001, 0xC004, 0xC008, 0xC002, 0x4000, 0x4001, 0x4002, 0x4003, 0x4004, 0x4005, 0x4008, 0x4009, 0x4007, 0x4006, 0x0000, 0x8000, 0x8001, 0x8003, 0x8004, 0x8002, 0x8005}, 0},
    {{0xC001, 0xC004, 0xC008, 0xC002, 0x4001, 0x4002, 0x0000, 0x0000, 0x4007, 0x4005, 0x0000, 0x0000, 0x4009, 0x0000, 0x0000, 0x8000, 0x8001, 0x8005, 0x8002, 0x4004, 0x0000}, 0},
    {{0xC001, 0xC004, 0xC008, 0xC002, 0x4001, 0x4002, 0x4003, 0x4000, 0x4004, 0x4005, 0x0000, 0x0000, 0x4008, 0x4009, 0x0000, 0x8000, 0x8001, 0x8002, 0x8003, 0x4006, 0x4007}, 0},
    {{0xC001, 0xC004, 0xC008, 0xC002, 0x4000, 0x4001, 0x4002, 0x4003, 0x4004, 0x4005, 0x0000, 0x0000, 0x4007, 0x4006, 0x0000, 0x8000, 0x8001, 0x0000, 0x0000, 0x0000, 0x0000}, 0},
    {{0xC001, 0xC004, 0xC008, 0xC002, 0x4000, 0x4001, 0x4003, 0x4004, 0x0000, 0x0000, 0x400D, 0x400E, 0x400B, 0x0000, 0x0000, 0x8000, 0x8001, 0x8003, 0x8004, 0x4006, 0x4007}, 0},
    {{0xC001, 0xC004, 0xC008, 0xC002, 0x4000, 0x4001, 0x4003, 0x4004, 0x4006, 0x4007, 0x400D, 0x400E, 0x400B, 0x400A, 0x0000, 0x8000, 0x8001, 0x8003, 0x8004, 0x4008, 0x4009}, 0},
    {{0xC001, 0xC004, 0xC008, 0xC002, 0x4001, 0x4000, 0x4003, 0x4002, 0x4005, 0x4004, 0x4008, 0x4007, 0x4006, 0x400A, 0x400B, 0x8000, 0x8001, 0x8003, 0x8004, 0x0000, 0x0000}, 0},
    {{0xC001, 0xC004, 0xC008, 0xC002, 0x4002, 0x4003, 0x4000, 0x4001, 0x4004, 0x4005, 0x0000, 0x400B, 0x4009, 0x4008, 0x0000, 0x8002, 0x8003, 0x8000, 0x8001, 0x4006, 0x4007}, 0},
    {{0x8201, 0x8101, 0x8200, 0x8100, 0x4000, 0x4001, 0x4002, 0x4003, 0x4004, 0x4005, 0x0000, 0x0000, 0x4007, 0x4006, 0x0000, 0x0000, 0x0000, 0x0000, 0x0000, 0x0000, 0x0000}, 0},
    {{0x4004, 0x4006, 0x4007, 0x4005, 0x8002, 0x400D, 0x8003, 0x400C, 0x0000, 0x0000, 0x0000, 0x0000, 0x4003, 0x0000, 0x0000, 0x8001, 0x0000, 0x0000, 0x0000, 0x8004, 0x400B}, 0},
    {{0xC001, 0xC004, 0xC008, 0xC002, 0x4000, 0x4001, 0x4003, 0x4004, 0x4006, 0x4007, 0x8202, 0x8105, 0x400B, 0x400A, 0x400C, 0x8000, 0x8001, 0x8003, 0x8004, 0x4008, 0x4009}, 0},
    {{0x8201, 0x8101, 0x8200, 0x8100, 0x4000, 0x4004, 0x4001, 0x4005, 0x4006, 0x4007, 0x0000, 0x0000, 0x4003, 0x4002, 0x0000, 0x0000, 0x0000, 0x0000, 0x0000, 0x0000, 0x0000}, 0},
    {{0x0000, 0x0000, 0x0000, 0x0000, 0x4000, 0x4001, 0x0000, 0x0000, 0x0000, 0x0000, 0x0000, 0x0000, 0x4003, 0x4002, 0x0000, 0x8000, 0x8001, 0x0000, 0x0000, 0x0000, 0x0000}, 0},
    {{0x0000, 0x0000, 0x0000, 0x0000, 0x4000, 0x4001, 0x4002, 0x4003, 0x4004, 0x4005, 0x0000, 0x0000, 0x4007, 0x4006, 0x0000, 0x8000, 0x8001, 0x0000, 0x0000, 0x0000, 0x0000}, 0},
    {{0x8204, 0x8101, 0x8200, 0x8103, 0x4001, 0x4002, 0x4000, 0x4003, 0x4004, 0x4005, 0x0000, 0x0000, 0x4009, 0x4008, 0x0000, 0x0000, 0x0000, 0x0000, 0x0000, 0x4006, 0x4007}, 0},
    {{0x4000, 0x4001, 0x4002, 0x4003, 0x4008, 0x4009, 0x400A, 0x400B, 0x400D, 0x400C, 0x4006, 0x4007, 0x4005, 0x4004, 0x0000, 0x8000, 0x8001, 0x0000, 0x0000, 0x400E, 0x400F}, 0},
    {{0xC001, 0xC004, 0xC008, 0xC002, 0x4000, 0x4001, 0x4002, 0x4003, 0x4004, 0x4006, 0x0000, 0x0000, 0x400A, 0x400C, 0x400B, 0x8000, 0x8001, 0x0000, 0x0000, 0x4009, 0x4007}, 0},
    {{0xC001, 0xC004, 0xC008, 0xC002, 0x4000, 0x4002, 0x4001, 0x4003, 0x4004, 0x4006, 0x400B, 0x400C, 0x400A, 0x4009, 0x4008, 0x8000, 0x8001, 0x8002, 0x8003, 0x4005, 0x4007}, 0},
    {{0xC001, 0xC004, 0xC008, 0xC002, 0x4000, 0x4002, 0x4001, 0x4003, 0x4004, 0x4006, 0x400A, 0x400B, 0x4009, 0x4008, 0x0000, 0x8000, 0x8001, 0x8002, 0x8003, 0x4005, 0x4007}, 0},
    {{0xC001, 0xC004, 0xC008, 0xC002, 0x4001, 0x4002, 0x4000, 0x4003, 0x4004, 0x4005, 0x400A, 0x400B, 0x4009, 0x4008, 0x0000, 0x8000, 0x8001, 0x8002, 0x8005, 0x4006, 0x4007}, 0},
    {{0x4006, 0x4008, 0x4009, 0x4007, 0x0000, 0x0000, 0x0000, 0x0000, 0x0000, 0x0000, 0x4005, 0x0000, 0x0000, 0x0000, 0x0000, 0x8000, 0x8001, 0x0000, 0x0000, 0x8205, 0x8105}, 0},
    {{0xC001, 0xC004, 0xC008, 0xC002, 0x4001, 0x4002, 0x4000, 0x4003, 0x4004, 0x4005, 0x400A, 0x400B, 0x4009, 0x4008, 0x0000, 0x8000, 0x8001, 0x8002, 0x8005, 0x8203, 0x8204}, 0},
    {{0xC001, 0xC004, 0xC008, 0xC002, 0x4001, 0x4002, 0x4000, 0x4003, 0x4004, 0x4005, 0x400A, 0x400B, 0x4009, 0x4008, 0x0000, 0x8000, 0x8001, 0x8002, 0x8005, 0x8403, 0x8404}, 0},
    {{0xC001, 0xC004, 0xC008, 0xC002, 0x4001, 0x4002, 0x4000, 0x4003, 0x4004, 0x4005, 0x400A, 0x400B, 0x4009, 0x4008, 0x400C, 0x8000, 0x8001, 0x8002, 0x8005, 0x8003, 0x8004}, 0},
    {{0x0000, 0x0000, 0x0000, 0x0000, 0x4000, 0x4001, 0x4003, 0x4004, 0x4006, 0x4007, 0x0000, 0x0000, 0x4002, 0x4005, 0x0000, 0x8000, 0x8001, 0x0000, 0x0000, 0x4008, 0x4009}, 0},
    {{0xC001, 0xC004, 0xC008, 0xC002, 0x4000, 0x4001, 0x4003, 0x4004, 0x4006, 0x4005, 0x0000, 0x0000, 0x4008, 0x4009, 0x0000, 0x8000, 0x8001, 0x0000, 0x0000, 0x4007, 0x4002}, 0},
    {{0xC001, 0xC004, 0xC008, 0xC002, 0x4000, 0x4001, 0x4003, 0x4004, 0x4006, 0x4005, 0x0000, 0x0000, 0x4009, 0x4008, 0x0000, 0x8000, 0x8001, 0x0000, 0x0000, 0x4007, 0x4002}, 0},
    {{0xC001, 0xC004, 0xC008, 0xC002, 0x4000, 0x4001, 0x4003, 0x4004, 0x4006, 0x4002, 0x0000, 0x0000, 0x4008, 0x4009, 0x0000, 0x8000, 0x8001, 0x0000, 0x0000, 0x4007, 0x4005}, 0},
    {{0x8201, 0x8101, 0x8200, 0x8100, 0x4000, 0x4001, 0x4002, 0x4003, 0x0000, 0x0000, 0x0000, 0x0000, 0x0000, 0x0000, 0x0000, 0x0000, 0x0000, 0x0000, 0x0000, 0x4004, 0x4005}, 0},
    {{0xC001, 0xC004, 0xC008, 0xC002, 0x4003, 0x4002, 0x4001, 0x4000, 0x4006, 0x4007, 0x0000, 0x0000, 0x4005, 0x4004, 0x0000, 0x0000, 0x0000, 0x8000, 0x8401, 0x4008, 0x0000}, 0},
    {{0xC001, 0xC004, 0xC008, 0xC002, 0x4000, 0x4001, 0x4002, 0x4003, 0x4005, 0x4004, 0x4008, 0x4009, 0x4006, 0x4007, 0x0000, 0x8000, 0x8001, 0x8003, 0x8004, 0x400A, 0x400B}, 0},
    {{0xC001, 0xC004, 0xC008, 0xC002, 0x4000, 0x4001, 0x4002, 0x4003, 0x4004, 0x4005, 0x4008, 0x4009, 0x4007, 0x4006, 0x0000, 0x8000, 0x8001, 0x8003, 0x8004, 0x0000, 0x0000}, 0},
    {{0xC001, 0xC004, 0xC008, 0xC002, 0x4000, 0x4001, 0x4002, 0x4003, 0x4005, 0x4004, 0x4008, 0x4009, 0x4006, 0x4007, 0x0000, 0x8000, 0x8001, 0x8003, 0x8004, 0x400A, 0x4007}, 0},
    {{0xC001, 0xC004, 0xC008, 0xC002, 0x4000, 0x4001, 0x4002, 0x4003, 0x400A, 0x400B, 0x4008, 0x4009, 0x4006, 0x4007, 0x0000, 0x8000, 0x8001, 0x8003, 0x8004, 0x4005, 0x4004}, 0},
    {{0xC001, 0xC004, 0xC008, 0xC002, 0x4000, 0x4001, 0x4002, 0x4003, 0x4004, 0x4005, 0x4008, 0x4009, 0x4007, 0x4006, 0x0000, 0x8000, 0x8001, 0x8003, 0x8004, 0x8102, 0x8202}, 0},
    {{0xC001, 0xC004, 0xC008, 0xC002, 0x4000, 0x4001, 0x4002, 0x4003, 0x4004, 0x4005, 0x4008, 0x4009, 0x4007, 0x4006, 0x400A, 0x8000, 0x8001, 0x8003, 0x8004, 0x8002, 0x8005}, 0},
    {{0xC001, 0xC004, 0xC008, 0xC002, 0x4000, 0x4001, 0x4003, 0x4004, 0x4006, 0x4005, 0x0000, 0x0000, 0x4008, 0x400A, 0x0000, 0x8000, 0x8001, 0x0000, 0x0000, 0x4007, 0x4002}, 0},
    {{0xC001, 0xC004, 0xC008, 0xC002, 0x4000, 0x4001, 0x4003, 0x4004, 0x4006, 0x4005, 0x0000, 0x0000, 0x0000, 0x4008, 0x0000, 0x8000, 0x8001, 0x8003, 0x8004, 0x4007, 0x4002}, 0},
    {{0xC001, 0xC004, 0xC008, 0xC002, 0x4000, 0x4001, 0x4003, 0x4004, 0x4006, 0x4007, 0x4008, 0x4005, 0x4008, 0x4002, 0x0000, 0x8000, 0x8001, 0x0000, 0x0000, 0x8405, 0x8402}, 0},
    {{0xC001, 0xC004, 0xC008, 0xC002, 0x4000, 0x4001, 0x4004, 0x0000, 0x4009, 0x400A, 0x4005, 0x4002, 0x0000, 0x4008, 0x0000, 0x8000, 0x8001, 0x8003, 0x8004, 0x4006, 0x4007}, 0},
    {{0xC001, 0xC004, 0xC008, 0xC002, 0x4000, 0x4001, 0x4003, 0x4004, 0x8204, 0x4005, 0x0000, 0x4009, 0x4008, 0x400A, 0x0000, 0x8000, 0x8001, 0x8003, 0x8005, 0x8104, 0x4002}, 0},
    {{0x8203, 0x8103, 0x8205, 0x8105, 0x4001, 0x4002, 0x4000, 0x4003, 0x4004, 0x4005, 0x0000, 0x0000, 0x4008, 0x4009, 0x0000, 0x8000, 0x8001, 0x8004, 0x8002, 0x4006, 0x4007}, 0},
    {{0x8201, 0x8101, 0x8200, 0x8100, 0x4001, 0x4002, 0x4000, 0x4003, 0x4004, 0x4005, 0x0000, 0x0000, 0x0000, 0x0000, 0x0000, 0x0000, 0x0000, 0x0000, 0x0000, 0x0000, 0x0000}, 1},
    {{0x8201, 0x8101, 0x8200, 0x8100, 0x4000, 0x4001, 0x4003, 0x4004, 0x4006, 0x4005, 0x0000, 0x0000, 0x4008, 0x0000, 0x0000, 0x0000, 0x0000, 0x0000, 0x0000, 0x4007, 0x4002}, 0},
    {{0xC001, 0xC004, 0xC008, 0xC002, 0x4000, 0x4001, 0x4003, 0x4004, 0x4006, 0x4007, 0x400D, 0x400E, 0x400B, 0x400A, 0x0000, 0x8000, 0x8001, 0x8002, 0x8005, 0x4008, 0x4009}, 0},
    {{0xC001, 0xC004, 0xC008, 0xC002, 0x4000, 0x4001, 0x4002, 0x4003, 0x4006, 0x4007, 0x400C, 0x400D, 0x400B, 0x400A, 0x0000, 0x8000, 0x8001, 0x8003, 0x8004, 0x4008, 0x4009}, 0},
    {{0xC001, 0xC004, 0xC008, 0xC002, 0x4000, 0x4001, 0x4003, 0x4004, 0x4006, 0x4007, 0x400C, 0x400D, 0x400B, 0x400A, 0x0000, 0x8000, 0x8001, 0x8003, 0x8004, 0x4008, 0x4009}, 0},
    {{0xC001, 0xC004, 0xC008, 0xC002, 0x4000, 0x4001, 0x4003, 0x4004, 0x8002, 0x4005, 0x0000, 0x0000, 0x4008, 0x0000, 0x0000, 0x8000, 0x8001, 0x0000, 0x0000, 0x8003, 0x4002}, 0},
    {{0xC001, 0xC004, 0xC008, 0xC002, 0x4002, 0x4001, 0x4003, 0x4000, 0x4006, 0x4007, 0x400A, 0x400B, 0x4009, 0x4008, 0x0000, 0x8000, 0x8001, 0x8003, 0x8002, 0x4004, 0x4005}, 0},
    {{0xC001, 0xC004, 0xC008, 0xC002, 0x4000, 0x4001, 0x4003, 0x4004, 0x4006, 0x4007, 0x0000, 0x0000, 0x400B, 0x400A, 0x0000, 0x8000, 0x8001, 0x8003, 0x8004, 0x0000, 0x0000}, 0},
    {{0x8201, 0x8101, 0x8200, 0x8100, 0x4001, 0x4002, 0x4000, 0x4003, 0x4006, 0x4007, 0x0000, 0x0000, 0x4009, 0x0000, 0x0000, 0x0000, 0x0000, 0x0000, 0x0000, 0x4004, 0x4005}, 0},
    {{0xC001, 0xC004, 0xC008, 0xC002, 0x4000, 0x4001, 0x4003, 0x4004, 0x4006, 0x4007, 0x400D, 0x400E, 0x400B, 0x400A, 0x400C, 0x8000, 0x8001, 0x8003, 0x8005, 0x4008, 0x4009}, 0},
    {{0xC001, 0xC004, 0xC008, 0xC002, 0x4000, 0x4001, 0x4002, 0x4003, 0x4004, 0x4006, 0x0000, 0x0000, 0x4009, 0x4008, 0x0000, 0x8000, 0x8001, 0x8005, 0x8002, 0x4005, 0x4007}, 0},
    {{0xC001, 0xC004, 0xC008, 0xC002, 0x4000, 0x4001, 0x4002, 0x4003, 0x4004, 0x4006, 0x400C, 0x400B, 0x400A, 0x4008, 0x4009, 0x8000, 0x8001, 0x8003, 0x8002, 0x4005, 0x4007}, 0},
    {{0xC001, 0xC004, 0xC008, 0xC002, 0x4002, 0x4001, 0x4003, 0x4000, 0x4006, 0x4007, 0x400A, 0x400B, 0x4008, 0x4009, 0x400C, 0x8000, 0x8001, 0x8002, 0x8005, 0x8403, 0x8404}, 0},
    {{0xC001, 0xC004, 0xC008, 0xC002, 0x4001, 0x4002, 0x4000, 0x4003, 0x4004, 0x4005, 0x400A, 0x400B, 0x4009, 0x4008, 0x0000, 0x8000, 0x8001, 0x8002, 0x8005, 0x8003, 0x8004}, 0},
    {{0x8201, 0x8101, 0x8200, 0x8100, 0x4002, 0x4001, 0x4003, 0x4000, 0x4006, 0x4007, 0x0000, 0x0000, 0x4009, 0x4008, 0x0000, 0x0000, 0x0000, 0x0000, 0x0000, 0x4004, 0x4005}, 0},
    {{0x400C, 0x400D, 0x400F, 0x400E, 0x4001, 0x4002, 0x4000, 0x4003, 0x4004, 0x4005, 0x0000, 0x0000, 0x4009, 0x4008, 0x0000, 0x8000, 0x8001, 0x8003, 0x8004, 0x0000, 0x0000}, 0},
    {{0xC001, 0xC004, 0xC008, 0xC002, 0x4002, 0x4003, 0x4000, 0x4001, 0x4004, 0x4005, 0x4008, 0x4009, 0x400B, 0x400A, 0x400C, 0x8000, 0x8001, 0x8002, 0x8003, 0x4006, 0x4007}, 0},
    {{0xC001, 0xC004, 0xC008, 0xC002, 0x4002, 0x4003, 0x4000, 0x4001, 0x4004, 0x4005, 0x4008, 0x4009, 0x400B, 0x400A, 0x0000, 0x8000, 0x8001, 0x8002, 0x8003, 0x4006, 0x4007}, 0},
    {{0xC001, 0xC004, 0xC008, 0xC002, 0x4002, 0x4003, 0x4000, 0x4001, 0x4004, 0x4005, 0x0000, 0x0000, 0x4009, 0x4008, 0x0000, 0x8000, 0x8001, 0x8002, 0x8003, 0x4006, 0x4007}, 0},
    {{0xC001, 0xC004, 0xC008, 0xC002, 0x4002, 0x4003, 0x4000, 0x4001, 0x4008, 0x400B, 0x400E, 0x400F, 0x4014, 0x4011, 0x0000, 0x8000, 0x8001, 0x8003, 0x8004, 0x400C, 0x400D}, 0},
    {{0xC001, 0xC004, 0xC008, 0xC002, 0x4002, 0x4003, 0x4000, 0x4001, 0x4004, 0x4005, 0x4008, 0x4009, 0x400B, 0x400A, 0x0000, 0x8000, 0x8001, 0x8003, 0x8002, 0x4006, 0x4007}, 0},
    {{0x400D, 0x400E, 0x400F, 0x4010, 0x4000, 0x4001, 0x4003, 0x4002, 0x4006, 0x4007, 0x400B, 0x400C, 0x4009, 0x4008, 0x0000, 0x8000, 0x8001, 0x8002, 0x8003, 0x4004, 0x4005}, 0},
    {{0x0000, 0x0000, 0x0000, 0x0000, 0x4000, 0x4001, 0x4002, 0x4003, 0x4004, 0x4005, 0x400A, 0x0000, 0x4008, 0x400D, 0x0000, 0x0000, 0x0000, 0x0000, 0x0000, 0x0000, 0x0000}, 1},
    {{0x0000, 0x0000, 0x0000, 0x0000, 0x4000, 0x4001, 0x4002, 0x4003, 0x4004, 0x4005, 0x400B, 0x0000, 0x4009, 0x400C, 0x0000, 0x0000, 0x0000, 0x0000, 0x0000, 0x0000, 0x0000}, 1},
    {{0xC001, 0xC004, 0xC008, 0xC002, 0x4000, 0x4001, 0x4002, 0x4003, 0x4004, 0x4005, 0x400A, 0x400B, 0x4009, 0x4008, 0x400C, 0x8000, 0x8001, 0x8002, 0x8003, 0x4006, 0x4007}, 0},
    {{0xC001, 0xC004, 0xC008, 0xC002, 0x4000, 0x4001, 0x4002, 0x4003, 0x4004, 0x4005, 0x0000, 0x0000, 0x4009, 0x4008, 0x0000, 0x0000, 0x0000, 0x0000, 0x0000, 0x4006, 0x400F}, 0},
    {{0xC001, 0xC004, 0xC008, 0xC002, 0x4001, 0x4000, 0x0000, 0x0000, 0x4004, 0x4005, 0x0000, 0x0000, 0x4009, 0x0000, 0x400C, 0x8000, 0x8001, 0x0000, 0x0000, 0x4006, 0x400A}, 2},
    {{0x400B, 0x4008, 0x400A, 0x4009, 0x4000, 0x4001, 0x4002, 0x4003, 0x400C, 0x4004, 0x400F, 0x4007, 0x4006, 0x400E, 0x4010, 0x8000, 0x8401, 0x8002, 0x8403, 0x400D, 0x4005}, 0},
    {{0x400B, 0x4008, 0x400A, 0x4009, 0x4001, 0x4003, 0x4000, 0x4002, 0x400D, 0x4005, 0x0000, 0x0000, 0x4006, 0x0000, 0x4010, 0x8000, 0x8401, 0x8002, 0x8403, 0x400C, 0x4004}, 0},
    {{0xC001, 0xC004, 0xC008, 0xC002, 0x4000, 0x4001, 0x4002, 0x4003, 0x4004, 0x4005, 0x4008, 0x4009, 0x400B, 0x400A, 0x0000, 0x8000, 0x8001, 0x8002, 0x8003, 0x4006, 0x4007}, 0},
    {{0x8201, 0x8101, 0x8200, 0x8100, 0x4000, 0x4001, 0x4002, 0x4003, 0x4004, 0x4008, 0x0000, 0x0000, 0x4007, 0x4006, 0x0000, 0x0000, 0x0000, 0x0000, 0x0000, 0x4005, 0x4009}, 0},
    {{0xC001, 0xC004, 0xC008, 0xC002, 0x4000, 0x4002, 0x4001, 0x4003, 0x4004, 0x4005, 0x0000, 0x0000, 0x0000, 0x0000, 0x0000, 0x8000, 0x8001, 0x0000, 0x0000, 0x4006, 0x4007}, 0},
    {{0x8201, 0x8101, 0x8200, 0x8100, 0x4000, 0x4001, 0x4003, 0x4004, 0x4006, 0x4005, 0x0000, 0x0000, 0x4009, 0x4008, 0x0000, 0x0000, 0x0000, 0x0000, 0x0000, 0x4007, 0x4002}, 0},
    {{0x8201, 0x8101, 0x8200, 0x8100, 0x4000, 0x4001, 0x4003, 0x4004, 0x4006, 0x4009, 0x0000, 0x0000, 0x4002, 0x4005, 0x0000, 0x0000, 0x0000, 0x0000, 0x0000, 0x4007, 0x4008}, 0},
    {{0x8201, 0x8101, 0x8200, 0x8100, 0x4000, 0x4001, 0x4003, 0x4004, 0x4006, 0x4005, 0x0000, 0x0000, 0x4009, 0x4008, 0x400A, 0x0000, 0x0000, 0x0000, 0x0000, 0x4007, 0x4002}, 0},
    {{0xC001, 0xC004, 0xC008, 0xC002, 0x4000, 0x4001, 0x4004, 0x4004, 0x4006, 0x4002, 0x0000, 0x0000, 0x0000, 0x0000, 0x0000, 0x8000, 0x8001, 0x0000, 0x0000, 0x4007, 0x4003}, 0},
    {{0x0000, 0x0000, 0x0000, 0x0000, 0x4000, 0x4001, 0x4004, 0x4005, 0x4006, 0x4002, 0x0000, 0x0000, 0x0000, 0x0000, 0x0000, 0x8000, 0x8001, 0x0000, 0x0000, 0x4007, 0x4003}, 0},
    {{0x8201, 0x8101, 0x8200, 0x8100, 0x4000, 0x4001, 0x4002, 0x4003, 0x4004, 0x4005, 0x0000, 0x0000, 0x0000, 0x0000, 0x0000, 0x0000, 0x0000, 0x0000, 0x0000, 0x4006, 0x4007}, 0},
    {{0xC001, 0xC004, 0xC008, 0xC002, 0x4000, 0x4001, 0x4002, 0x4003, 0x4004, 0x4005, 0x400A, 0x400B, 0x4009, 0x4008, 0x0000, 0x8000, 0x8001, 0x8002, 0x8003, 0x4006, 0x4007}, 0},
    {{0x8202, 0x8102, 0x8200, 0x8100, 0x4000, 0x4001, 0x4003, 0x4004, 0x4006, 0x4007, 0x0000, 0x0000, 0x400B, 0x400A, 0x0000, 0x0000, 0x0000, 0x0000, 0x0000, 0x0000, 0x0000}, 0},
    {{0xC001, 0xC004, 0xC008, 0xC002, 0x4000, 0x4001, 0x4003, 0x4004, 0x4008, 0x4009, 0x400D, 0x400E, 0x400B, 0x400A, 0x400C, 0x8000, 0x8001, 0x8003, 0x8004, 0x4006, 0x4007}, 0},
    {{0xC001, 0xC004, 0xC008, 0xC002, 0x4010, 0x4013, 0x4011, 0x4012, 0x4006, 0x4007, 0x400D, 0x0000, 0x400B, 0x400A, 0x400C, 0x8000, 0x8001, 0x8003, 0x8004, 0x4008, 0x4009}, 0},
    {{0xC001, 0xC004, 0xC008, 0xC002, 0x4002, 0x4003, 0x4000, 0x4001, 0x4004, 0x4005, 0x400A, 0x400B, 0x4009, 0x4008, 0x0000, 0x8000, 0x8001, 0x8002, 0x8003, 0x4006, 0x4007}, 0},
    {{0xC001, 0xC004, 0xC008, 0xC002, 0x4002, 0x4001, 0x4003, 0x4000, 0x4006, 0x4007, 0x400A, 0x400B, 0x4008, 0x4009, 0x0000, 0x8000, 0x8001, 0x8002, 0x8003, 0x4004, 0x4005}, 0},
    {{0xC001, 0xC004, 0xC008, 0xC002, 0x4003, 0x4004, 0x4000, 0x4001, 0x4006, 0x4007, 0x4002, 0x4005, 0x400A, 0x0000, 0x0000, 0x0000, 0x0000, 0x0000, 0x0000, 0x4008, 0x4009}, 0},
    {{0xC001, 0xC004, 0xC008, 0xC002, 0x4003, 0x4004, 0x4000, 0x4001, 0x4006, 0x4002, 0x0000, 0x0000, 0x0000, 0x0000, 0x0000, 0x8000, 0x8001, 0x0000, 0x0000, 0x4007, 0x4005}, 0},
    {{0xC001, 0xC004, 0xC008, 0xC002, 0x4003, 0x4004, 0x4000, 0x4001, 0x4006, 0x4007, 0x0000, 0x0000, 0x400B, 0x400A, 0x0000, 0x8000, 0x8001, 0x8002, 0x8005, 0x4008, 0x4009}, 0},
    {{0xC001, 0xC004, 0xC008, 0xC002, 0x4004, 0x4005, 0x4001, 0x4002, 0x4006, 0x4007, 0x0000, 0x0000, 0x400B, 0x400A, 0x0000, 0x8000, 0x8001, 0x8002, 0x8005, 0x4008, 0x4009}, 0},
    {{0x0000, 0x0000, 0x0000, 0x0000, 0x4003, 0x4004, 0x4000, 0x4001, 0x4006, 0x4002, 0x0000, 0x0000, 0x0000, 0x0000, 0x0000, 0x8000, 0x8001, 0x0000, 0x0000, 0x4007, 0x4005}, 0},
    {{0xC001, 0xC004, 0xC008, 0xC002, 0x4002, 0x4003, 0x4000, 0x4001, 0x4004, 0x4005, 0x4008, 0x4009, 0x400B, 0x400A, 0x0000, 0x8000, 0x8001, 0x8002, 0x8005, 0x4006, 0x4007}, 0},
    {{0x4008, 0x4009, 0x400A, 0x400B, 0x4000, 0x4001, 0x4002, 0x4003, 0x4005, 0x4004, 0x400E, 0x400F, 0x400C, 0x400D, 0x0000, 0x8000, 0x8001, 0x8002, 0x8005, 0x4006, 0x4007}, 0},
    {{0xC001, 0xC004, 0xC008, 0xC002, 0x4000, 0x4001, 0x4002, 0x4003, 0x4004, 0x4005, 0x400A, 0x400B, 0x4009, 0x4008, 0x400C, 0x8000, 0x8001, 0x8003, 0x8004, 0x4006, 0x4007}, 0},
    {{0xC001, 0xC004, 0xC008, 0xC002, 0x4002, 0x4001, 0x4000, 0x4003, 0x4004, 0x4005, 0x400A, 0x400B, 0x4009, 0x4008, 0x400C, 0x8000, 0x8001, 0x8002, 0x8003, 0x4006, 0x4007}, 0},
    {{0x8201, 0x8101, 0x8200, 0x8100, 0x4002, 0x4003, 0x4000, 0x4001, 0x4004, 0x4005, 0x0000, 0x0000, 0x0000, 0x0000, 0x0000, 0x0000, 0x0000, 0x0000, 0x0000, 0x4006, 0x4007}, 1},
    {{0x8201, 0x8101, 0x8200, 0x8100, 0x4002, 0x4003, 0x4000, 0x4001, 0x4006, 0x4004, 0x0000, 0x0000, 0x0000, 0x0000, 0x0000, 0x0000, 0x0000, 0x0000, 0x0000, 0x4007, 0x4005}, 0},
    {{0xC001, 0xC004, 0xC008, 0xC002, 0x4002, 0x4003, 0x4000, 0x4001, 0x4006, 0x4004, 0x4008, 0x4009, 0x0000, 0x0000, 0x0000, 0x8000, 0x8001, 0x8003, 0x8002, 0x4007, 0x4005}, 0},
    {{0xC001, 0xC004, 0xC008, 0xC002, 0x4001, 0x4002, 0x4000, 0x4003, 0x4004, 0x4005, 0x400A, 0x400B, 0x4009, 0x4008, 0x400C, 0x8000, 0x8001, 0x8003, 0x8002, 0x4006, 0x4007}, 0},
    {{0xC001, 0xC004, 0xC008, 0xC002, 0x4001, 0x4002, 0x4000, 0x4003, 0x4004, 0x4005, 0x400A, 0x400B, 0x4009, 0x400C, 0x4008, 0x8000, 0x8001, 0x8003, 0x8002, 0x4006, 0x4007}, 0},
    {{0xC001, 0xC004, 0xC008, 0xC002, 0x4001, 0x4002, 0x4000, 0x4003, 0x4004, 0x4005, 0x400A, 0x400B, 0x4009, 0x4008, 0x400C, 0x8000, 0x8001, 0x8002, 0x8004, 0x4006, 0x4007}, 0},
    {{0xC001, 0xC004, 0xC008, 0xC002, 0x4001, 0x4002, 0x4000, 0x4003, 0x4004, 0x4005, 0x0000, 0x0000, 0x4008, 0x4009, 0x0000, 0x8000, 0x8001, 0x8003, 0x8002, 0x4006, 0x4007}, 0},
    {{0xC001, 0xC004, 0xC008, 0xC002, 0x4001, 0x4002, 0x4000, 0x4003, 0x4004, 0x4005, 0x400A, 0x400B, 0x4009, 0x4008, 0x0000, 0x8000, 0x8001, 0x8003, 0x8004, 0x4006, 0x4007}, 0},
    {{0xC001, 0xC004, 0xC008, 0xC002, 0x4001, 0x4002, 0x4000, 0x4003, 0x4004, 0x4005, 0x400A, 0x400B, 0x4009, 0x4008, 0x0000, 0x8000, 0x8001, 0x8002, 0x8004, 0x8103, 0x8203}, 0},
    {{0xC001, 0xC004, 0xC008, 0xC002, 0x4002, 0x4003, 0x4000, 0x4001, 0x4004, 0x4005, 0x4008, 0x4009, 0x400A, 0x400B, 0x0000, 0x8000, 0x8001, 0x8002, 0x8003, 0x4006, 0x4007}, 0},
    {{0xC001, 0xC004, 0xC008, 0xC002, 0x4001, 0x4002, 0x4000, 0x4003, 0x4004, 0x4005, 0x400A, 0x400B, 0x4008, 0x4009, 0x0000, 0x8000, 0x8001, 0x8005, 0x8002, 0x4006, 0x4007}, 0},
    {{0x8201, 0x8101, 0x8200, 0x8100, 0x4000, 0x4001, 0x4003, 0x4004, 0x4006, 0x4005, 0x0000, 0x0000, 0x0000, 0x0000, 0x0000, 0x0000, 0x0000, 0x0000, 0x0000, 0x4007, 0x4002}, 0},
    {{0x400A, 0x400B, 0x400C, 0x400D, 0x4000, 0x4003, 0x0000, 0x0000, 0x4006, 0x4007, 0x0000, 0x0000, 0x4008, 0x0000, 0x0000, 0x8000, 0x8001, 0x0000, 0x0000, 0x4009, 0x0000}, 3},
    {{0xC001, 0xC004, 0xC008, 0xC002, 0x4007, 0x4006, 0x4004, 0x4005, 0x4000, 0x4002, 0x4008, 0x4009, 0x400C, 0x400A, 0x0000, 0x8000, 0x8001, 0x8002, 0x8003, 0x4001, 0x4003}, 0},
    {{0xC001, 0xC004, 0xC008, 0xC002, 0x4009, 0x4007, 0x4008, 0x4004, 0x4000, 0x4002, 0x400A, 0x400B, 0x400C, 0x0000, 0x0000, 0x8000, 0x8001, 0x0000, 0x0000, 0x4001, 0x4003}, 0},
    {{0x8201, 0x8101, 0x8200, 0x8100, 0x4000, 0x4001, 0x4002, 0x4003, 0x0000, 0x0000, 0x0000, 0x0000, 0x0000, 0x0000, 0x0000, 0x0000, 0x0000, 0x0000, 0x0000, 0x0000, 0x0000}, 0},
    {{0xC001, 0xC004, 0xC008, 0xC002, 0x4001, 0x4002, 0x4000, 0x4003, 0x4004, 0x4005, 0x0000, 0x0000, 0x4009, 0x4008, 0x0000, 0x8000, 0x8001, 0x8002, 0x8003, 0x4006, 0x4007}, 0},
    {{0xC001, 0xC004, 0xC008, 0xC002, 0x4001, 0x4002, 0x4000, 0x4003, 0x4004, 0x4005, 0x0000, 0x0000, 0x4009, 0x4008, 0x400C, 0x8000, 0x8001, 0x8002, 0x8003, 0x4006, 0x4007}, 0},
    {{0xC001, 0xC004, 0xC008, 0xC002, 0x4001, 0x4002, 0x4000, 0x4003, 0x4007, 0x4005, 0x400A, 0x400B, 0x4009, 0x4008, 0x400C, 0x8000, 0x8001, 0x8002, 0x8003, 0x4006, 0x4004}, 0},
    {{0xC001, 0xC004, 0xC008, 0xC002, 0x4000, 0x4001, 0x4002, 0x4003, 0x4004, 0x4005, 0x4007, 0x4009, 0x4008, 0x4006, 0x0000, 0x8000, 0x8001, 0x8002, 0x8005, 0x400A, 0x400B}, 0},
    {{0xC001, 0xC004, 0xC008, 0xC002, 0x4000, 0x4001, 0x4002, 0x4003, 0x4004, 0x4005, 0x4008, 0x4009, 0x4007, 0x4006, 0x0000, 0x8000, 0x8001, 0x8003, 0x8004, 0x400A, 0x400B}, 0},
    {{0xC001, 0xC004, 0xC008, 0xC002, 0x4000, 0x4001, 0x4002, 0x4003, 0x4004, 0x4005, 0x0000, 0x0000, 0x4007, 0x4006, 0x0000, 0x0000, 0x0000, 0x0000, 0x0000, 0x4008, 0x4009}, 0},
    {{0xC001, 0xC004, 0xC008, 0xC002, 0x4000, 0x4001, 0x4002, 0x4003, 0x4004, 0x4005, 0x0000, 0x0000, 0x4007, 0x4006, 0x0000, 0x8000, 0x8001, 0x8003, 0x8004, 0x400A, 0x400B}, 0},
    {{0xC001, 0xC004, 0xC008, 0xC002, 0x4000, 0x4001, 0x4002, 0x4003, 0x4004, 0x4005, 0x4008, 0x4009, 0x4007, 0x4006, 0x0000, 0x8000, 0x8001, 0x8007, 0x8005, 0x400A, 0x400B}, 0},
    {{0xC001, 0xC004, 0xC008, 0xC002, 0x4000, 0x4001, 0x4002, 0x4003, 0x4004, 0x4005, 0x0000, 0x0000, 0x4007, 0x4006, 0x0000, 0x8000, 0x8001, 0x0000, 0x0000, 0x400A, 0x400B}, 0},
    {{0xC001, 0xC004, 0xC008, 0xC002, 0x4001, 0x4002, 0x4000, 0x4003, 0x4004, 0x4005, 0x400A, 0x400B, 0x4009, 0x4008, 0x400C, 0x8000, 0x8001, 0x8003, 0x8004, 0x4006, 0x4007}, 0},
    {{0xC001, 0xC004, 0xC008, 0xC002, 0x4001, 0x4002, 0x4000, 0x4003, 0x4004, 0x4005, 0x0000, 0x0000, 0x4009, 0x4008, 0x400C, 0x8000, 0x8001, 0x8002, 0x8005, 0x4006, 0x4007}, 0},
    {{0xC001, 0xC004, 0xC008, 0xC002, 0x4001, 0x4002, 0x4000, 0x4003, 0x4004, 0x4005, 0x0000, 0x0000, 0x4009, 0x4008, 0x400C, 0x8000, 0x8001, 0x8002, 0x8005, 0x8003, 0x8004}, 0},
    {{0xC001, 0xC004, 0xC008, 0xC002, 0x4001, 0x4002, 0x4000, 0x4003, 0x4005, 0x4004, 0x400A, 0x400B, 0x4009, 0x4008, 0x400C, 0x8000, 0x8001, 0x8002, 0x8005, 0x8004, 0x4007}, 0},
    {{0xC001, 0xC004, 0xC008, 0xC002, 0x4000, 0x4001, 0x4002, 0x4003, 0x4005, 0x4004, 0x0000, 0x0000, 0x4009, 0x4008, 0x400C, 0x8000, 0x8001, 0x8002, 0x8003, 0x4007, 0x4006}, 0},
    {{0xC001, 0xC004, 0xC008, 0xC002, 0x4000, 0x4001, 0x4002, 0x4003, 0x4004, 0x4005, 0x4008, 0x4009, 0x4007, 0x4006, 0x0000, 0x8000, 0x8001, 0x8003, 0x8004, 0x8002, 0x8002}, 0},
    {{0xC001, 0xC004, 0xC008, 0xC002, 0x4000, 0x4001, 0x4002, 0x4003, 0x4004, 0x4005, 0x400A, 0x400B, 0x4007, 0x4006, 0x0000, 0x8000, 0x8001, 0x8003, 0x8004, 0x8002, 0x8002}, 0},
    {{0x0000, 0x0000, 0x0000, 0x0000, 0x4000, 0x4002, 0x4001, 0x4003, 0x4006, 0x4009, 0x0000, 0x0000, 0x4008, 0x4007, 0x0000, 0x8000, 0x8001, 0x0000, 0x0000, 0x4004, 0x4005}, 0},
    {{0x8201, 0x8101, 0x8200, 0x8100, 0x4000, 0x4001, 0x0000, 0x0000, 0x0000, 0x0000, 0x0000, 0x0000, 0x4003, 0x4002, 0x0000, 0x0000, 0x0000, 0x0000, 0x0000, 0x0000, 0x0000}, 0},
    {{0xC001, 0xC004, 0xC008, 0xC002, 0x4000, 0x4001, 0x4003, 0x4004, 0x4006, 0x4005, 0x0000, 0x0000, 0x4009, 0x0000, 0x0000, 0x8000, 0x8001, 0x0000, 0x0000, 0x4007, 0x4002}, 0},
    {{0x0000, 0x0000, 0x0000, 0x0000, 0x4000, 0x4002, 0x4001, 0x4003, 0x4004, 0x4006, 0x0000, 0x0000, 0x0000, 0x0000, 0x0000, 0x8000, 0x8001, 0x0000, 0x0000, 0x4005, 0x4007}, 0},
    {{0xC001, 0xC004, 0xC008, 0xC002, 0x4002, 0x4003, 0x4000, 0x4001, 0x4004, 0x4006, 0x400A, 0x400B, 0x4009, 0x4008, 0x0000, 0x8000, 0x8001, 0x8003, 0x8002, 0x4005, 0x4007}, 0},
    {{0x0000, 0x0000, 0x0000, 0x0000, 0x4002, 0x4003, 0x4000, 0x4001, 0x4004, 0x4006, 0x400A, 0x400B, 0x4009, 0x4008, 0x0000, 0x8000, 0x8001, 0x8003, 0x8002, 0x4005, 0x4007}, 0},
    {{0xC001, 0xC004, 0xC008, 0xC002, 0x4002, 0x4003, 0x4000, 0x4001, 0x4004, 0x4006, 0x400A, 0x400B, 0x4009, 0x4008, 0x0000, 0x8000, 0x8001, 0x8005, 0x8002, 0x4005, 0x4007}, 0},
    {{0x0000, 0x0000, 0x0000, 0x0000, 0x4002, 0x4004, 0x4003, 0x4005, 0x4006, 0x4008, 0x0000, 0x0000, 0x400B, 0x400A, 0x0000, 0x8000, 0x8001, 0x0000, 0x0000, 0x4007, 0x4009}, 0},
    {{0xC001, 0xC004, 0xC008, 0xC002, 0x4002, 0x4001, 0x4003, 0x4000, 0x4006, 0x4007, 0x400A, 0x400B, 0x4009, 0x4008, 0x0000, 0x8000, 0x8001, 0x8004, 0x8002, 0x4004, 0x4005}, 0},
    {{0x8201, 0x8101, 0x8200, 0x8100, 0x4002, 0x4001, 0x4003, 0x4000, 0x4004, 0x4005, 0x0000, 0x0000, 0x4009, 0x4008, 0x0000, 0x0000, 0x0000, 0x0000, 0x0000, 0x4006, 0x4007}, 0},
    {{0x8201, 0x8101, 0x8200, 0x8100, 0x4002, 0x4001, 0x4003, 0x4000, 0x4004, 0x4005, 0x0000, 0x0000, 0x4009, 0x4008, 0x0000, 0x0000, 0x0000, 0x0000, 0x0000, 0x0000, 0x4006}, 0},
    {{0x8201, 0x8101, 0x8200, 0x8100, 0x4002, 0x4001, 0x4003, 0x4000, 0x4004, 0x4005, 0x0000, 0x0000, 0x4009, 0x4008, 0x0000, 0x0000, 0x0000, 0x0000, 0x0000, 0x0000, 0x0000}, 0},
    {{0xC001, 0xC004, 0xC008, 0xC002, 0x4001, 0x4002, 0x4000, 0x4003, 0x400D, 0x4005, 0x0000, 0x0000, 0x4009, 0x0000, 0x0000, 0x0000, 0x0000, 0x0000, 0x0000, 0x400E, 0x4007}, 0},
    {{0xC001, 0xC008, 0xC004, 0xC002, 0x4002, 0x4001, 0x4000, 0x4003, 0x4006, 0x4007, 0x400A, 0x400B, 0x4008, 0x4009, 0x0000, 0x8000, 0x8001, 0x8002, 0x8003, 0x4004, 0x4005}, 0},
    {{0xC001, 0xC004, 0xC008, 0xC002, 0x4001, 0x4000, 0x4003, 0x4002, 0x8004, 0x8005, 0x0000, 0x0000, 0x4009, 0x4008, 0x400A, 0x8000, 0x8001, 0x8002, 0x8003, 0x4006, 0x4007}, 0},
    {{0x0000, 0x0000, 0x0000, 0x0000, 0x4002, 0x4001, 0x4003, 0x4000, 0x4005, 0x4007, 0x0000, 0x0000, 0x4008, 0x4009, 0x0000, 0x8000, 0x8001, 0x0000, 0x0000, 0x4004, 0x4006}, 0},
    {{0x0000, 0x0000, 0x0000, 0x0000, 0x4001, 0x4002, 0x4005, 0x4006, 0x4000, 0x4003, 0x0000, 0x0000, 0x4009, 0x4008, 0x0000, 0x8000, 0x8001, 0x0000, 0x0000, 0x4004, 0x4007}, 0},
    {{0xC001, 0xC004, 0xC008, 0xC002, 0x4002, 0x4001, 0x4003, 0x4000, 0x4005, 0x4007, 0x400A, 0x400B, 0x4008, 0x4009, 0x0000, 0x8000, 0x8001, 0x8002, 0x8003, 0x4004, 0x4006}, 0},
    {{0xC001, 0xC004, 0xC008, 0xC002, 0x4000, 0x4001, 0x4002, 0x4003, 0x0000, 0x0000, 0x0000, 0x0000, 0x4007, 0x0000, 0x4006, 0x8000, 0x8001, 0x8002, 0x8003, 0x8004, 0x8005}, 0},
    {{0xC001, 0xC004, 0xC008, 0xC002, 0x4000, 0x4001, 0x4002, 0x4003, 0x0000, 0x4006, 0x0000, 0x0000, 0x4007, 0x0000, 0x0000, 0x8000, 0x8001, 0x8002, 0x8403, 0x8005, 0x8004}, 0},
    {{0xC001, 0xC004, 0xC008, 0xC002, 0x4009, 0x4008, 0x4007, 0x4006, 0x4005, 0x4004, 0x4003, 0x4002, 0x4000, 0x400B, 0x0000, 0x8000, 0x8001, 0x8002, 0x8005, 0x8003, 0x8004}, 0},
    {{0xC001, 0xC004, 0xC008, 0xC002, 0x400B, 0x400A, 0x4009, 0x4008, 0x4007, 0x4006, 0x4005, 0x4004, 0x4003, 0x400D, 0x400C, 0x8000, 0x8001, 0x8003, 0x8006, 0x8004, 0x8005}, 0},
    {{0xC001, 0xC004, 0xC008, 0xC002, 0x4000, 0x4001, 0x4004, 0x4006, 0x4006, 0x4007, 0x0000, 0x0000, 0x400B, 0x400A, 0x0000, 0x8000, 0x8001, 0x8002, 0x8005, 0x4008, 0x4009}, 0},
    {{0x8201, 0x8101, 0x8200, 0x8100, 0x4004, 0x4002, 0x4008, 0x4003, 0x0000, 0x4000, 0x0000, 0x0000, 0x4007, 0x4006, 0x4009, 0x0000, 0x0000, 0x0000, 0x0000, 0x0000, 0x4001}, 0},
    {{0x0000, 0x0000, 0x0000, 0x0000, 0x4004, 0x4002, 0x4008, 0x4003, 0x0000, 0x4000, 0x0000, 0x0000, 0x4007, 0x4006, 0x4009, 0x8000, 0x8001, 0x0000, 0x0000, 0x0000, 0x4001}, 0},
    {{0x0000, 0x0000, 0x0000, 0x0000, 0x4001, 0x4000, 0x4002, 0x4003, 0x0000, 0x0000, 0x0000, 0x0000, 0x0000, 0x0000, 0x0000, 0x8000, 0x8001, 0x0000, 0x0000, 0x0000, 0x0000}, 0},
    {{0xC001, 0xC004, 0xC008, 0xC002, 0x4000, 0x4001, 0x4002, 0x4003, 0x4004, 0x4005, 0x4007, 0x4008, 0x400A, 0x4009, 0x0000, 0x8000, 0x8001, 0x8002, 0x8003, 0x8005, 0x8004}, 0},
    {{0x400C, 0x400E, 0x400F, 0x400D, 0x4002, 0x4001, 0x4003, 0x4000, 0x4006, 0x4007, 0x400A, 0x400B, 0x4009, 0x4008, 0x0000, 0x8000, 0x8001, 0x8003, 0x8002, 0x4004, 0x4005}, 0},
    {{0x400B, 0x400A, 0x4008, 0x4009, 0x4000, 0x4002, 0x4001, 0x4003, 0x0000, 0x4006, 0x0000, 0x0000, 0x4007, 0x0000, 0x0000, 0x8000, 0x8001, 0x8005, 0x8002, 0x8004, 0x8003}, 0},
    {{0xC001, 0xC004, 0xC008, 0xC002, 0x4002, 0x4001, 0x4003, 0x4000, 0x4006, 0x4007, 0x4009, 0x4000, 0x4008, 0x400B, 0x0000, 0x8000, 0x8001, 0x8003, 0x8002, 0x4004, 0x4005}, 0},
    {{0xC001, 0xC004, 0xC008, 0xC002, 0x4002, 0x4001, 0x4003, 0x4000, 0x4006, 0x4007, 0x0000, 0x0000, 0x4009, 0x4008, 0x0000, 0x8000, 0x8001, 0x0000, 0x0000, 0x4004, 0x4005}, 0},
    {{0xC001, 0xC004, 0xC008, 0xC002, 0x4001, 0x4002, 0x4000, 0x4003, 0x4004, 0x4005, 0x400A, 0x400B, 0x4009, 0x400D, 0x0000, 0x8000, 0x8001, 0x8002, 0x8005, 0x8003, 0x8004}, 0},
    {{0xC001, 0xC004, 0xC008, 0xC002, 0x4001, 0x4002, 0x4000, 0x4003, 0x4005, 0x4004, 0x0000, 0x0000, 0x4009, 0x400C, 0x4008, 0x0000, 0x0000, 0x0000, 0x0000, 0x4007, 0x4006}, 0},
    {{0xC001, 0xC004, 0xC008, 0xC002, 0x4000, 0x4001, 0x4002, 0x4003, 0x4004, 0x4005, 0x4008, 0x4009, 0x4006, 0x4007, 0x0000, 0x8000, 0x8001, 0x8003, 0x8004, 0x400A, 0x400B}, 0},
    {{0xC001, 0xC004, 0xC008, 0xC002, 0x4000, 0x4001, 0x4002, 0x4003, 0x4004, 0x4005, 0x4008, 0x4009, 0x4006, 0x4007, 0x0000, 0x8000, 0x8001, 0x8002, 0x8004, 0x400A, 0x400B}, 0},
    {{0xC001, 0xC004, 0xC008, 0xC002, 0x4000, 0x4001, 0x4002, 0x4003, 0x4004, 0x4005, 0x4008, 0x4009, 0x4007, 0x4006, 0x0000, 0x8000, 0x8001, 0x8003, 0x8004, 0x8402, 0x8405}, 0},
    {{0x8204, 0x8104, 0x8203, 0x8103, 0x4002, 0x4001, 0x4003, 0x4000, 0x4006, 0x4004, 0x0000, 0x0000, 0x4009, 0x4008, 0x0000, 0x0000, 0x0000, 0x0000, 0x0000, 0x4007, 0x4005}, 0},
    {{0x8204, 0x8104, 0x8203, 0x8103, 0x4002, 0x4001, 0x0000, 0x0000, 0x0000, 0x0000, 0x0000, 0x0000, 0x4009, 0x0000, 0x0000, 0x0000, 0x0000, 0x0000, 0x0000, 0x0000, 0x4005}, 0},
    {{0x8204, 0x8104, 0x8203, 0x8103, 0x4002, 0x4001, 0x4003, 0x4000, 0x0000, 0x4004, 0x0000, 0x0000, 0x4009, 0x4008, 0x0000, 0x0000, 0x0000, 0x0000, 0x0000, 0x0000, 0x4005}, 0},
    {{0x0000, 0x0000, 0x0000, 0x0000, 0x4002, 0x4001, 0x4003, 0x4000, 0x0000, 0x4004, 0x0000, 0x0000, 0x4009, 0x4008, 0x0000, 0x8003, 0x8004, 0x0000, 0x0000, 0x0000, 0x4005}, 0},
    {{0xC001, 0xC004, 0xC008, 0xC002, 0x4000, 0x4001, 0x4002, 0x4003, 0x0000, 0x0000, 0x0000, 0x0000, 0x4005, 0x4004, 0x0000, 0x8000, 0x8001, 0x0000, 0x0000, 0x0000, 0x0000}, 0},
    {{0xC001, 0xC004, 0xC008, 0xC002, 0x4000, 0x4001, 0x4002, 0x4003, 0x4004, 0x4006, 0x400A, 0x400B, 0x4009, 0x4008, 0x0000, 0x8000, 0x8001, 0x8002, 0x8003, 0x4005, 0x4007}, 0},
    {{0x8201, 0x8101, 0x8200, 0x8100, 0x4001, 0x4000, 0x0000, 0x0000, 0x0000, 0x0000, 0x0000, 0x0000, 0x4002, 0x4003, 0x0000, 0x0000, 0x0000, 0x0000, 0x0000, 0x0000, 0x0000}, 0},
    {{0x0000, 0x0000, 0x0000, 0x0000, 0x4000, 0x0000, 0x0000, 0x0000, 0x0000, 0x0000, 0x0000, 0x0000, 0x0000, 0x0000, 0x0000, 0x8000, 0x8001, 0x0000, 0x0000, 0x0000, 0x0000}, 0},
    {{0xC001, 0xC004, 0xC008, 0xC002, 0x4002, 0x4001, 0x4003, 0x4000, 0x4006, 0x4007, 0x400A, 0x400B, 0x4009, 0x4008, 0x0000, 0x8000, 0x8001, 0x8005, 0x8002, 0x4004, 0x4005}, 0},
    {{0xC001, 0xC004, 0xC008, 0xC002, 0x4000, 0x4001, 0x4002, 0x4003, 0x4004, 0x4005, 0x4008, 0x4009, 0x4007, 0x4006, 0x0000, 0x8000, 0x8001, 0x8002, 0x8005, 0x8002, 0x0000}, 0},
    {{0xC001, 0xC004, 0xC008, 0xC002, 0x4001, 0x4000, 0x4002, 0x4003, 0x4004, 0x4005, 0x400A, 0x400B, 0x4009, 0x4008, 0x400C, 0x8000, 0x8001, 0x8002, 0x8003, 0x4006, 0x4007}, 0},
    {{0xC001, 0xC004, 0xC008, 0xC002, 0x4001, 0x4002, 0x4000, 0x4003, 0x4004, 0x4005, 0x400A, 0x0000, 0x4009, 0x4008, 0x400C, 0x0000, 0x0000, 0x0000, 0x0000, 0x4006, 0x4007}, 0},
    {{0xC001, 0xC004, 0xC008, 0xC002, 0x4000, 0x4001, 0x4002, 0x4003, 0x4004, 0x4005, 0x4009, 0x400A, 0x4007, 0x4006, 0x0000, 0x8000, 0x8001, 0x8003, 0x8004, 0x8002, 0x8005}, 0},
    {{0xC001, 0xC004, 0xC008, 0xC002, 0x4002, 0x4003, 0x4001, 0x4000, 0x4004, 0x4005, 0x400A, 0x400B, 0x4009, 0x4008, 0x400C, 0x8000, 0x8001, 0x8002, 0x8003, 0x4006, 0x4007}, 0},
    {{0xC001, 0xC004, 0xC008, 0xC002, 0x4000, 0x4001, 0x4002, 0x4003, 0x4004, 0x4006, 0x400A, 0x400B, 0x4009, 0x4008, 0x0000, 0x8000, 0x8001, 0x8003, 0x8002, 0x4005, 0x4007}, 0},
    {{0xC001, 0xC004, 0xC008, 0xC002, 0x4002, 0x4001, 0x4003, 0x4000, 0x4004, 0x4005, 0x0000, 0x0000, 0x4009, 0x4008, 0x0000, 0x8000, 0x8001, 0x8002, 0x8003, 0x4006, 0x4007}, 0},
    {{0x8201, 0x8101, 0x8200, 0x8100, 0x4001, 0x4000, 0x4004, 0x4003, 0x4006, 0x4005, 0x0000, 0x0000, 0x4008, 0x0000, 0x0000, 0x0000, 0x0000, 0x0000, 0x0000, 0x4007, 0x4002}, 0},
    {{0xC001, 0xC004, 0xC008, 0xC002, 0x4002, 0x4001, 0x4003, 0x4000, 0x4006, 0x4007, 0x4009, 0x400A, 0x400B, 0x4008, 0x0000, 0x8000, 0x8001, 0x8005, 0x8002, 0x4004, 0x4005}, 0},
    {{0xC001, 0xC004, 0xC008, 0xC002, 0x4002, 0x4001, 0x4003, 0x4000, 0x4006, 0x4007, 0x4009, 0x400A, 0x400B, 0x4008, 0x0000, 0x8000, 0x8001, 0x8003, 0x8002, 0x4004, 0x4005}, 0},
    {{0xC001, 0xC004, 0xC008, 0xC002, 0x4000, 0x4001, 0x4003, 0x4004, 0x4005, 0x4006, 0x0000, 0x0000, 0x4009, 0x0000, 0x0000, 0x0000, 0x0000, 0x0000, 0x0000, 0x4007, 0x4002}, 0},
    {{0xC004, 0xC008, 0xC002, 0xC001, 0x4001, 0x4002, 0x4000, 0x4003, 0x4006, 0x4007, 0x0000, 0x0000, 0x4009, 0x4008, 0x0000, 0x8000, 0x8001, 0x8403, 0x8002, 0x4008, 0x0000}, 0},
    {{0xC001, 0xC004, 0xC008, 0xC002, 0x0000, 0x4002, 0x4000, 0x4003, 0x4004, 0x4005, 0x400A, 0x400B, 0x4009, 0x4008, 0x400C, 0x8000, 0x8001, 0x8002, 0x8003, 0x4006, 0x4001}, 0},
    {{0xC001, 0xC004, 0xC008, 0xC002, 0x4000, 0x4001, 0x4003, 0x4002, 0x4004, 0x4005, 0x400A, 0x400B, 0x4009, 0x4008, 0x0000, 0x8000, 0x8001, 0x8002, 0x8003, 0x4006, 0x4007}, 0},
    {{0x8201, 0x8101, 0x8200, 0x8100, 0x4001, 0x4000, 0x0000, 0x0000, 0x0000, 0x0000, 0x0000, 0x0000, 0x4003, 0x4002, 0x0000, 0x0000, 0x0000, 0x0000, 0x0000, 0x0000, 0x0000}, 0},
    {{0xC001, 0xC004, 0xC008, 0xC002, 0x4000, 0x4001, 0x4002, 0x4003, 0x4004, 0x4005, 0x0000, 0x0000, 0x4007, 0x4006, 0x0000, 0x8000, 0x8001, 0x8003, 0x8004, 0x4008, 0x4009}, 0},
    {{0xC001, 0xC004, 0xC008, 0xC002, 0x4001, 0x4002, 0x4000, 0x4003, 0x4004, 0x4005, 0x400A, 0x400B, 0x4009, 0x4008, 0x400C, 0x0000, 0x0000, 0x0000, 0x0000, 0x4006, 0x4007}, 0},
    {{0xC001, 0xC004, 0xC008, 0xC002, 0x4001, 0x4002, 0x4000, 0x4003, 0x400A, 0x4005, 0x4004, 0x4006, 0x4009, 0x4008, 0x0000, 0x8000, 0x8001, 0x8002, 0x8003, 0x400B, 0x4007}, 0},
    {{0xC001, 0xC004, 0xC008, 0xC002, 0x4001, 0x4002, 0x4000, 0x4003, 0x4005, 0x4007, 0x0000, 0x0000, 0x4009, 0x4008, 0x400C, 0x0000, 0x0000, 0x0000, 0x0000, 0x4004, 0x4006}, 0},
    {{0xC001, 0xC004, 0xC008, 0xC002, 0x4001, 0x4002, 0x4000, 0x4003, 0x4004, 0x4005, 0x400A, 0x400B, 0x4009, 0x4008, 0x0000, 0x8000, 0x8001, 0x8002, 0x8003, 0x8003, 0x8004}, 0},
    {{0xC001, 0xC004, 0xC008, 0xC002, 0x4001, 0x4002, 0x4000, 0x4003, 0x4004, 0x4005, 0x0000, 0x0000, 0x4008, 0x4009, 0x400C, 0x0000, 0x0000, 0x0000, 0x0000, 0x4006, 0x4007}, 0},
    {{0xC001, 0xC004, 0xC008, 0xC002, 0x4001, 0x4002, 0x4000, 0x4003, 0x4004, 0x4005, 0x0000, 0x0000, 0x4009, 0x4008, 0x0000, 0x0000, 0x0000, 0x0000, 0x0000, 0x4006, 0x4007}, 0},
    {{0xC001, 0xC004, 0xC008, 0xC002, 0x4001, 0x4002, 0x4000, 0x4003, 0x4004, 0x4005, 0x400A, 0x400B, 0x400D, 0x4008, 0x0000, 0x8000, 0x8001, 0x8002, 0x8005, 0x8003, 0x8004}, 0},
    {{0xC001, 0xC004, 0xC008, 0xC002, 0x4000, 0x4004, 0x4002, 0x4001, 0x4003, 0x4006, 0x0000, 0x0000, 0x4009, 0x400B, 0x0000, 0x0000, 0x0000, 0x0000, 0x0000, 0x0000, 0x0000}, 0},
    {{0xC001, 0xC004, 0xC008, 0xC002, 0x4001, 0x4002, 0x4000, 0x4003, 0x4004, 0x4005, 0x400A, 0x400B, 0x4009, 0x4008, 0x0000, 0x8000, 0x8001, 0x8003, 0x8004, 0x8002, 0x8005}, 0},
    {{0x400B, 0x400C, 0x400D, 0x400E, 0x4000, 0x4001, 0x4002, 0x4003, 0x4009, 0x400A, 0x4007, 0x4008, 0x4006, 0x4004, 0x0000, 0x8000, 0x8001, 0x8002, 0x8003, 0x8004, 0x8005}, 0},
    {{0xC001, 0xC004, 0xC008, 0xC002, 0x4001, 0x4000, 0x4003, 0x4002, 0x4004, 0x4005, 0x4008, 0x4009, 0x4007, 0x4006, 0x0000, 0x8000, 0x8001, 0x8003, 0x8004, 0x0000, 0x0000}, 0},
    {{0xC001, 0xC004, 0xC008, 0xC002, 0x4001, 0x4002, 0x0000, 0x0000, 0x0000, 0x0000, 0x0000, 0x0000, 0x4009, 0x4008, 0x0000, 0x0000, 0x0000, 0x0000, 0x0000, 0x0000, 0x0000}, 0},
    {{0xC001, 0xC004, 0xC008, 0xC002, 0x4001, 0x4002, 0x4000, 0x4003, 0x4004, 0x4005, 0x400A, 0x400B, 0x4009, 0x4008, 0x0000, 0x8000, 0x8001, 0x0000, 0x0000, 0x4006, 0x4007}, 0},
    {{0xC001, 0xC004, 0xC008, 0xC002, 0x4000, 0x4001, 0x4002, 0x4003, 0x4004, 0x4005, 0x4008, 0x4009, 0x4007, 0x4006, 0x0000, 0x8000, 0x8001, 0x0000, 0x0000, 0x8102, 0x8202}, 0},
    {{0xC001, 0xC004, 0xC008, 0xC002, 0x4001, 0x4000, 0x4003, 0x4002, 0x4004, 0x4005, 0x400A, 0x400B, 0x4009, 0x4008, 0x400C, 0x8000, 0x8001, 0x8002, 0x8003, 0x4006, 0x4007}, 0},
    {{0xC001, 0xC004, 0xC008, 0xC002, 0x4000, 0x4001, 0x4003, 0x4004, 0x4006, 0x4007, 0x400D, 0x400E, 0x400B, 0x0000, 0x0000, 0x8000, 0x8001, 0x8002, 0x8005, 0x0000, 0x0000}, 0},
    {{0xC001, 0xC004, 0xC008, 0xC002, 0x4002, 0x4001, 0x4003, 0x4000, 0x4004, 0x4005, 0x400A, 0x400B, 0x4009, 0x4008, 0x0000, 0x8000, 0x8001, 0x8003, 0x8002, 0x4006, 0x4007}, 0},
    {{0xC001, 0xC004, 0xC008, 0xC002, 0x4002, 0x4001, 0x4003, 0x4000, 0x4006, 0x4007, 0x400A, 0x400B, 0x4008, 0x4009, 0x0000, 0x8000, 0x8001, 0x8003, 0x8002, 0x4004, 0x4005}, 0},
    {{0xC001, 0xC004, 0xC008, 0xC002, 0x4002, 0x4003, 0x4000, 0x4001, 0x4004, 0x4006, 0x400A, 0x400B, 0x4009, 0x0000, 0x4008, 0x8000, 0x8001, 0x8003, 0x8002, 0x4005, 0x4007}, 0},
    {{0xC001, 0xC004, 0xC008, 0xC002, 0x4000, 0x4001, 0x4002, 0x4003, 0x4004, 0x4005, 0x4008, 0x4009, 0x4007, 0x4006, 0x0000, 0x8000, 0x8001, 0x8005, 0x8002, 0x8002, 0x8005}, 0},
    {{0xC001, 0xC004, 0xC008, 0xC002, 0x4000, 0x4001, 0x4002, 0x4003, 0x4004, 0x4005, 0x0000, 0x0000, 0x4009, 0x0000, 0x0000, 0x0000, 0x0000, 0x0000, 0x0000, 0x0000, 0x0000}, 0},
    {{0xC001, 0xC004, 0xC008, 0xC002, 0x4001, 0x4002, 0x4000, 0x4003, 0x4004, 0x4005, 0x0000, 0x0000, 0x400A, 0x4008, 0x0000, 0x8000, 0x8001, 0x0000, 0x0000, 0x4006, 0x4007}, 0},
    {{0xC001, 0xC004, 0xC008, 0xC002, 0x4001, 0x4000, 0x4002, 0x4003, 0x4004, 0x4005, 0x400A, 0x400B, 0x4009, 0x4008, 0x0000, 0x8000, 0x8001, 0x8002, 0x8003, 0x4006, 0x4007}, 0},
    {{0xC001, 0xC004, 0xC008, 0xC002, 0x4001, 0x4002, 0x4000, 0x4003, 0x4004, 0x4005, 0x0000, 0x0000, 0x4008, 0x400A, 0x4009, 0x0000, 0x0000, 0x0000, 0x0000, 0x4006, 0x4007}, 0},
    {{0xC001, 0xC004, 0xC008, 0xC002, 0x4001, 0x4000, 0x4004, 0x4003, 0x4008, 0x4009, 0x400D, 0x400E, 0x400B, 0x400A, 0x0000, 0x8000, 0x8001, 0x8003, 0x8004, 0x4006, 0x4007}, 0},
    {{0xC001, 0xC004, 0xC008, 0xC002, 0x4001, 0x4000, 0x4003, 0x4004, 0x4006, 0x4007, 0x400D, 0x400E, 0x400B, 0x400A, 0x400C, 0x8000, 0x8001, 0x8002, 0x8004, 0x4008, 0x4009}, 0},
    {{0xC001, 0xC004, 0xC008, 0xC002, 0x4000, 0x4001, 0x4003, 0x4004, 0x4006, 0x4007, 0x0000, 0x0000, 0x400B, 0x400C, 0x0000, 0x8000, 0x8001, 0x8002, 0x8003, 0x0000, 0x0000}, 0},
    {{0x400C, 0x400D, 0x400E, 0x400F, 0x4000, 0x4001, 0x4002, 0x4003, 0x4004, 0x4005, 0x400A, 0x400B, 0x4009, 0x4012, 0x4013, 0x8000, 0x8001, 0x8002, 0x8005, 0x8003, 0x8004}, 0},
    {{0xC001, 0xC004, 0xC008, 0xC002, 0x4000, 0x4001, 0x4003, 0x4004, 0x4006, 0x4007, 0x0000, 0x0000, 0x400B, 0x400A, 0x0000, 0x8000, 0x8001, 0x8002, 0x8005, 0x4008, 0x4009}, 0},
    {{0xC001, 0xC004, 0xC008, 0xC002, 0x4001, 0x4000, 0x4003, 0x4002, 0x4004, 0x4006, 0x400A, 0x400B, 0x0000, 0x4008, 0x0000, 0x8000, 0x8001, 0x8002, 0x8003, 0x4005, 0x4007}, 0},
    {{0xC001, 0xC004, 0xC008, 0xC002, 0x4000, 0x4001, 0x4003, 0x4004, 0x4006, 0x4008, 0x400A, 0x400B, 0x400E, 0x400C, 0x0000, 0x8000, 0x8001, 0x8003, 0x8002, 0x4007, 0x4009}, 0},
    {{0x0000, 0x0000, 0x0000, 0x0000, 0x4006, 0x4007, 0x4004, 0x4005, 0x4000, 0x4001, 0x0000, 0x0000, 0x4003, 0x4002, 0x0000, 0x8000, 0x8001, 0x0000, 0x0000, 0x0000, 0x0000}, 0},
    {{0xC001, 0xC004, 0xC008, 0xC002, 0x4000, 0x4001, 0x4003, 0x4004, 0x4006, 0x4007, 0x400D, 0x400E, 0x0000, 0x0000, 0x0000, 0x8000, 0x8001, 0x8003, 0x8004, 0x4008, 0x4009}, 0},
    {{0xC001, 0xC004, 0xC008, 0xC002, 0x4002, 0x4003, 0x4000, 0x4001, 0x4004, 0x4005, 0x400A, 0x400B, 0x4009, 0x4008, 0x0000, 0x8000, 0x8001, 0x8002, 0x8004, 0x4006, 0x4007}, 0},
    {{0xC001, 0xC004, 0xC008, 0xC002, 0x4002, 0x4001, 0x4003, 0x4000, 0x4004, 0x4005, 0x400A, 0x400B, 0x400F, 0x4008, 0x0000, 0x8000, 0x8001, 0x8002, 0x8002, 0x4006, 0x4007}, 0},
    {{0xC001, 0xC004, 0xC008, 0xC002, 0x4002, 0x4001, 0x4003, 0x4000, 0x4004, 0x4005, 0x400A, 0x0000, 0x4009, 0x4008, 0x0000, 0x8000, 0x8001, 0x0000, 0x0000, 0x4006, 0x4007}, 0},
    {{0xC001, 0xC004, 0xC008, 0xC002, 0x4000, 0x4001, 0x4003, 0x4004, 0x0000, 0x0000, 0x0000, 0x0000, 0x400B, 0x0000, 0x0000, 0x8000, 0x8001, 0x8003, 0x8004, 0x8202, 0x8205}, 0},
    {{0xC001, 0xC004, 0xC008, 0xC002, 0x4000, 0x4002, 0x4001, 0x4003, 0x4008, 0x4009, 0x4006, 0x4007, 0x4005, 0x4004, 0x0000, 0x8000, 0x8001, 0x8002, 0x8003, 0x400A, 0x400B}, 0},
    {{0x4003, 0x4002, 0x4001, 0x4000, 0x4007, 0x4006, 0x0000, 0x0000, 0x400D, 0x400C, 0x0000, 0x0000, 0x4004, 0x0000, 0x0000, 0x8000, 0x8001, 0x0000, 0x0000, 0x4005, 0x0000}, 4},
    {{0x0000, 0x0000, 0x0000, 0x0000, 0x4002, 0x4003, 0x4000, 0x4001, 0x4005, 0x4004, 0x0000, 0x0000, 0x0000, 0x4008, 0x0000, 0x8000, 0x8001, 0x0000, 0x0000, 0x4006, 0x4007}, 0},
    {{0x4005, 0x4006, 0x4007, 0x4008, 0x4000, 0x4001, 0x4002, 0x4003, 0x4009, 0x400A, 0x400D, 0x400E, 0x4004, 0x400F, 0x4010, 0x8000, 0x8001, 0x8003, 0x8004, 0x400B, 0x400C}, 0},
    {{0x8201, 0x8101, 0x8200, 0x8100, 0x4002, 0x4001, 0x4003, 0x4000, 0x4004, 0x4005, 0x0000, 0x0000, 0x4007, 0x4006, 0x0000, 0x0000, 0x0000, 0x0000, 0x0000, 0x0000, 0x0000}, 0},
    {{0x8201, 0x8101, 0x8200, 0x8100, 0x4000, 0x4001, 0x4004, 0x4003, 0x4004, 0x4005, 0x0000, 0x0000, 0x400B, 0x400A, 0x0000, 0x0000, 0x0000, 0x0000, 0x0000, 0x4006, 0x4007}, 0},
    {{0xC001, 0xC004, 0xC008, 0xC002, 0x4002, 0x4001, 0x4003, 0x4000, 0x4006, 0x4007, 0x4009, 0x400A, 0x400B, 0x4008, 0x0000, 0x8000, 0x8001, 0x8003, 0x8004, 0x4004, 0x4005}, 0},
    {{0xC001, 0xC004, 0xC008, 0xC002, 0x4000, 0x4002, 0x4001, 0x4003, 0x4004, 0x4006, 0x400A, 0x400B, 0x4009, 0x4008, 0x0000, 0x8000, 0x8001, 0x8001, 0x8002, 0x4005, 0x4007}, 0},
    {{0xC001, 0xC004, 0xC008, 0xC002, 0x4000, 0x4001, 0x4002, 0x4003, 0x4004, 0x4005, 0x400B, 0x400C, 0x4009, 0x4008, 0x400A, 0x8000, 0x8001, 0x8003, 0x8002, 0x4006, 0x4007}, 0},
    {{0xC001, 0xC004, 0xC008, 0xC002, 0x4001, 0x4000, 0x0000, 0x0000, 0x0000, 0x0000, 0x0000, 0x0000, 0x400B, 0x400A, 0x0000, 0x0000, 0x0000, 0x0000, 0x0000, 0x0000, 0x0000}, 0},
    {{0x8201, 0x8101, 0x8200, 0x8100, 0x4000, 0x4001, 0x4003, 0x4004, 0x0000, 0x4005, 0x0000, 0x0000, 0x4006, 0x0000, 0x0000, 0x0000, 0x0000, 0x0000, 0x0000, 0x4007, 0x4002}, 0},
    {{0xC001, 0xC004, 0xC008, 0xC002, 0x4000, 0x4001, 0x4003, 0x4002, 0x0000, 0x0000, 0x0000, 0x0000, 0x4009, 0x4008, 0x0000, 0x0000, 0x0000, 0x0000, 0x0000, 0x0000, 0x0000}, 0},
    {{0xC001, 0xC004, 0xC008, 0xC002, 0x4002, 0x4001, 0x4003, 0x4000, 0x4004, 0x4005, 0x400A, 0x400B, 0x4009, 0x4008, 0x0000, 0x8000, 0x8001, 0x8005, 0x8002, 0x4006, 0x4007}, 0},
    {{0x8201, 0x8101, 0x8200, 0x8100, 0x4000, 0x4001, 0x4003, 0x4004, 0x4005, 0x4002, 0x0000, 0x0000, 0x4008, 0x0000, 0x0000, 0x0000, 0x0000, 0x0000, 0x0000, 0x4006, 0x4007}, 0},
    {{0xC001, 0xC004, 0xC008, 0xC002, 0x4000, 0x4001, 0x4003, 0x4002, 0x4004, 0x4005, 0x400A, 0x400B, 0x4009, 0x4008, 0x400C, 0x8000, 0x8001, 0x8002, 0x8003, 0x4006, 0x4007}, 0},
    {{0xC001, 0xC004, 0xC008, 0xC002, 0x4000, 0x4001, 0x4002, 0x4003, 0x4004, 0x4005, 0x4006, 0x4007, 0x4009, 0x4008, 0x400A, 0x8000, 0x8001, 0x8005, 0x8002, 0x8003, 0x8004}, 0},
    {{0x400C, 0x400E, 0x400F, 0x400D, 0x4000, 0x4001, 0x4002, 0x4003, 0x4004, 0x4006, 0x400A, 0x400B, 0x0000, 0x0000, 0x0000, 0x8000, 0x8001, 0x8002, 0x8005, 0x4005, 0x4007}, 0},
    {{0x400B, 0x400E, 0x400C, 0x400D, 0x4000, 0x4001, 0x4002, 0x4003, 0x4004, 0x4005, 0x4008, 0x4009, 0x4007, 0x4006, 0x400A, 0x8000, 0x8001, 0x8003, 0x8004, 0x8102, 0x8202}, 0},
    {{0xC001, 0xC004, 0xC008, 0xC002, 0x4000, 0x4001, 0x4002, 0x4003, 0x4004, 0x4005, 0x4008, 0x4009, 0x4007, 0x4006, 0x0000, 0x8000, 0x8001, 0x8003, 0x8004, 0x0000, 0x8002}, 0},
    {{0xC001, 0xC004, 0xC008, 0xC002, 0x4000, 0x4001, 0x4002, 0x4003, 0x4004, 0x4005, 0x4008, 0x4009, 0x4007, 0x400C, 0x400A, 0x8000, 0x0000, 0x8003, 0x8004, 0x0000, 0x0000}, 5},
    {{0xC001, 0xC004, 0xC008, 0xC002, 0x4000, 0x4001, 0x4002, 0x4003, 0x4004, 0x4005, 0x0000, 0x0000, 0x4007, 0x4006, 0x0000, 0x0000, 0x0000, 0x0000, 0x0000, 0x400A, 0x400B}, 0},
    {{0xC001, 0xC004, 0xC008, 0xC002, 0x4000, 0x4001, 0x4002, 0x4003, 0x4004, 0x4005, 0x4008, 0x4009, 0x4007, 0x4006, 0x0000, 0x8000, 0x8001, 0x8003, 0x8004, 0x8002, 0x8003}, 0},
    {{0x8201, 0x8101, 0x8200, 0x8100, 0x4000, 0x4001, 0x0000, 0x0000, 0x0000, 0x0000, 0x0000, 0x0000, 0x4003, 0x0000, 0x0000, 0x0000, 0x0000, 0x0000, 0x0000, 0x0000, 0x4002}, 0},
    {{0x400A, 0x400B, 0x400C, 0x400D, 0x4001, 0x4003, 0x4000, 0x4002, 0x4006, 0x4007, 0x400E, 0x400F, 0x4005, 0x4004, 0x0000, 0x8000, 0x8001, 0x8003, 0x8004, 0x4008, 0x4009}, 0},
    {{0x8201, 0x8101, 0x8200, 0x8100, 0x4004, 0x4000, 0x4005, 0x4001, 0x4006, 0x4007, 0x0000, 0x0000, 0x4003, 0x4002, 0x0000, 0x0000, 0x0000, 0x0000, 0x0000, 0x0000, 0x0000}, 0},
    {{0xC001, 0xC004, 0xC008, 0xC002, 0x4000, 0x4004, 0x4001, 0x4005, 0x4006, 0x4007, 0x0000, 0x0000, 0x4003, 0x4002, 0x0000, 0x8000, 0x8001, 0x0000, 0x0000, 0x0000, 0x0000}, 0},
    {{0xC001, 0xC004, 0xC008, 0xC002, 0x4001, 0x4002, 0x4000, 0x4003, 0x4004, 0x4005, 0x400A, 0x400B, 0x4009, 0x4008, 0x0000, 0x8000, 0x8001, 0x8003, 0x8002, 0x4006, 0x4007}, 0},
    {{0xC001, 0xC004, 0xC008, 0xC002, 0x4000, 0x4001, 0x4003, 0x4004, 0x4006, 0x4007, 0x400D, 0x400E, 0x0000, 0x0000, 0x0000, 0x8000, 0x8001, 0x8002, 0x8005, 0x8004, 0x8003}, 0},
    {{0xC001, 0xC004, 0xC008, 0xC002, 0x4000, 0x4001, 0x4002, 0x4003, 0x4004, 0x4005, 0x4006, 0x4007, 0x4009, 0x4008, 0x400A, 0x8000, 0x8001, 0x8003, 0x8004, 0x400C, 0x400B}, 0},
    {{0xC001, 0xC004, 0xC008, 0xC002, 0x401B, 0x401A, 0x4019, 0x4018, 0x4017, 0x4016, 0x4011, 0x4010, 0x4012, 0x4013, 0x4006, 0x8000, 0x8001, 0x8003, 0x8004, 0x4015, 0x4014}, 0},
    {{0xC001, 0xC004, 0xC008, 0xC002, 0x4000, 0x4001, 0x4003, 0x4004, 0x4006, 0x4007, 0x400D, 0x400E, 0x400B, 0x400A, 0x0000, 0x8000, 0x8001, 0x8003, 0x0000, 0x4008, 0x4009}, 6},
    {{0xC001, 0xC004, 0xC008, 0xC002, 0x4000, 0x4001, 0x4002, 0x4003, 0x4004, 0x4005, 0x400A, 0x400B, 0x4007, 0x4006, 0x4008, 0x8000, 0x8001, 0x8002, 0x8005, 0x8003, 0x8004}, 0},
    {{0x400C, 0x400E, 0x400F, 0x400D, 0x4002, 0x4001, 0x4003, 0x4000, 0x4006, 0x4007, 0x400A, 0x400B, 0x4008, 0x4009, 0x0000, 0x8000, 0x8001, 0x8002, 0x8003, 0x4004, 0x4005}, 0},
    {{0xC001, 0xC004, 0xC008, 0xC002, 0x4005, 0x4006, 0x4001, 0x4002, 0x4000, 0x4003, 0x0000, 0x0000, 0x4009, 0x4008, 0x400A, 0x8000, 0x8001, 0x0000, 0x0000, 0x4004, 0x4007}, 0},
    {{0xC001, 0xC004, 0xC008, 0xC002, 0x4000, 0x4001, 0x4002, 0x4003, 0x4004, 0x4005, 0x4008, 0x4007, 0x4009, 0x4008, 0x0000, 0x8000, 0x8001, 0x8002, 0x8003, 0x0000, 0x0000}, 0},
    {{0xC001, 0xC004, 0xC008, 0xC002, 0x4000, 0x4001, 0x4002, 0x4003, 0x4004, 0x4005, 0x4008, 0x4009, 0x4007, 0x4006, 0x0000, 0x8000, 0x8001, 0x8003, 0x8002, 0x8204, 0x8004}, 0},
    {{0x400C, 0x400E, 0x400F, 0x400D, 0x4002, 0x4003, 0x4001, 0x4000, 0x0000, 0x4007, 0x0000, 0x0000, 0x4009, 0x0000, 0x0000, 0x8000, 0x8001, 0x8005, 0x8002, 0x8003, 0x8004}, 0},
    {{0xC001, 0xC004, 0xC008, 0xC002, 0x4000, 0x4001, 0x4002, 0x4003, 0x4006, 0x4004, 0x400A, 0x400B, 0x4009, 0x4008, 0x0000, 0x8000, 0x8001, 0x8003, 0x8002, 0x4007, 0x4005}, 0},
    {{0xC001, 0xC004, 0xC008, 0xC002, 0x4000, 0x4001, 0x4002, 0x4003, 0x4004, 0x4005, 0x4008, 0x4009, 0x4006, 0x4007, 0x0000, 0x8000, 0x8001, 0x8003, 0x8004, 0x8003, 0x8006}, 0},
    {{0xC001, 0xC004, 0xC008, 0xC002, 0x4000, 0x4001, 0x4002, 0x4003, 0x4004, 0x4005, 0x4008, 0x4009, 0x4007, 0x4006, 0x0000, 0x8000, 0x8001, 0x8003, 0x8004, 0x4006, 0x4007}, 0},
    {{0xC001, 0xC004, 0xC008, 0xC002, 0x4000, 0x4001, 0x4002, 0x4003, 0x4004, 0x4005, 0x0000, 0x0000, 0x4006, 0x4007, 0x0000, 0x8000, 0x8001, 0x8002, 0x8005, 0x400A, 0x400B}, 0},
    {{0xC001, 0xC004, 0xC008, 0xC002, 0x4000, 0x4001, 0x4002, 0x4003, 0x4004, 0x4005, 0x4008, 0x4009, 0x4007, 0x4006, 0x0000, 0x8000, 0x8001, 0x8003, 0x8004, 0x8005, 0x8002}, 0},
    {{0xC001, 0xC004, 0xC008, 0xC002, 0x4002, 0x4001, 0x4003, 0x4000, 0x4004, 0x4005, 0x400A, 0x400B, 0x4009, 0x4008, 0x0000, 0x8001, 0x8000, 0x8003, 0x8002, 0x4004, 0x4007}, 0},
    {{0xC001, 0xC004, 0xC008, 0xC002, 0x4001, 0x4002, 0x4000, 0x4003, 0x4004, 0x4005, 0x0000, 0x0000, 0x4009, 0x4008, 0x0000, 0x8000, 0x8001, 0x8002, 0x8005, 0x4006, 0x4007}, 0},
    {{0x0000, 0x0000, 0x0000, 0x0000, 0x4000, 0x4001, 0x4002, 0x4003, 0x4004, 0x4005, 0x0000, 0x0000, 0x4007, 0x4006, 0x0000, 0x8000, 0x8004, 0x0000, 0x0000, 0x0000, 0x0000}, 0},
    {{0x0000, 0x0000, 0x0000, 0x0000, 0x4002, 0x4001, 0x4003, 0x4000, 0x0000, 0x0000, 0x0000, 0x0000, 0x4007, 0x4006, 0x0000, 0x8000, 0x8001, 0x0000, 0x0000, 0x0000, 0x0000}, 0},
    {{0x0000, 0x0000, 0x0000, 0x0000, 0x4003, 0x4004, 0x4000, 0x4001, 0x4002, 0x4005, 0x0000, 0x0000, 0x4006, 0x4007, 0x0000, 0x8000, 0x8001, 0x0000, 0x0000, 0x0000, 0x0000}, 0},
    {{0xC001, 0xC004, 0xC008, 0xC002, 0x0000, 0x0000, 0x0000, 0x0000, 0x4001, 0x4000, 0x4004, 0x0000, 0x0000, 0x0000, 0x0000, 0x8000, 0x8001, 0x0000, 0x0000, 0x4003, 0x4002}, 0},
    {{0x8204, 0x8104, 0x8200, 0x8100, 0x4000, 0x4001, 0x4002, 0x4003, 0x4004, 0x4005, 0x0000, 0x0000, 0x4007, 0x4006, 0x0000, 0x0000, 0x0000, 0x0000, 0x0000, 0x0000, 0x0000}, 0},
    {{0x8204, 0x8104, 0x8200, 0x8100, 0x4001, 0x4000, 0x0000, 0x0000, 0x0000, 0x0000, 0x0000, 0x0000, 0x4003, 0x4002, 0x0000, 0x0000, 0x0000, 0x0000, 0x0000, 0x0000, 0x0000}, 0},
    {{0xC001, 0xC004, 0xC008, 0xC002, 0x4002, 0x4001, 0x4003, 0x4000, 0x4006, 0x4007, 0x0000, 0x0000, 0x4009, 0x4008, 0x400A, 0x8000, 0x8001, 0x8002, 0x8003, 0x4004, 0x4005}, 0},
    {{0xC001, 0xC004, 0xC008, 0xC002, 0x4005, 0x4003, 0x4004, 0x4002, 0x4008, 0x4009, 0x400A, 0x400B, 0x400D, 0x400C, 0x0000, 0x8000, 0x8001, 0x8002, 0x8003, 0x4006, 0x4007}, 0},
    {{0xC001, 0xC004, 0xC008, 0xC002, 0x4000, 0x4001, 0x4004, 0x4005, 0x4006, 0x4002, 0x400A, 0x400B, 0x4008, 0x4009, 0x0000, 0x8000, 0x8001, 0x8002, 0x8005, 0x4007, 0x4003}, 0},
    {{0xC001, 0xC004, 0xC008, 0xC002, 0x4002, 0x4001, 0x4003, 0x4000, 0x4006, 0x4007, 0x400A, 0x400B, 0x4009, 0x4008, 0x0000, 0x8000, 0x8001, 0x8002, 0x8003, 0x4004, 0x4005}, 0},
    {{0xC001, 0xC004, 0xC008, 0xC002, 0x4001, 0x4000, 0x4004, 0x4003, 0x4006, 0x4007, 0x400D, 0x400E, 0x400B, 0x400A, 0x0000, 0x8000, 0x8001, 0x8003, 0x8004, 0x4008, 0x4009}, 0},
    {{0xC001, 0xC004, 0xC008, 0xC002, 0x4000, 0x4001, 0x4002, 0x4003, 0x4006, 0x4007, 0x400A, 0x400B, 0x4008, 0x4009, 0x0000, 0x8000, 0x8001, 0x8002, 0x8003, 0x4004, 0x4005}, 0},
    {{0xC001, 0xC004, 0xC008, 0xC002, 0x4002, 0x4001, 0x4003, 0x4000, 0x4004, 0x4005, 0x400A, 0x400B, 0x4009, 0x4008, 0x0000, 0x8000, 0x8001, 0x8003, 0x8004, 0x4006, 0x4007}, 0},
    {{0xC001, 0xC004, 0xC008, 0xC002, 0x4000, 0x4001, 0x4003, 0x4004, 0x4006, 0x4007, 0x400D, 0x4005, 0x400F, 0x4002, 0x400B, 0x8000, 0x8001, 0x8003, 0x8004, 0x4008, 0x4009}, 0},
    {{0xC001, 0xC004, 0xC008, 0xC002, 0x4000, 0x4001, 0x4003, 0x4004, 0x4006, 0x4007, 0x400D, 0x400E, 0x400B, 0x400A, 0x400C, 0x8000, 0x0000, 0x8003, 0x0000, 0x4008, 0x4009}, 7},
    {{0xC001, 0xC004, 0xC008, 0xC002, 0x4000, 0x4001, 0x4002, 0x4003, 0x4004, 0x4005, 0x4008, 0x4009, 0x4007, 0x4006, 0x0000, 0x8000, 0x8001, 0x8002, 0x8005, 0x0000, 0x0000}, 0},
    {{0xC001, 0xC004, 0xC008, 0xC002, 0x4002, 0x4001, 0x4003, 0x4000, 0x4006, 0x4007, 0x0000, 0x0000, 0x4008, 0x4009, 0x0000, 0x8000, 0x8001, 0x8002, 0x8003, 0x4004, 0x4005}, 0},
    {{0xC001, 0xC004, 0xC008, 0xC002, 0x4001, 0x4002, 0x4000, 0x4003, 0x4021, 0x4005, 0x400A, 0x400B, 0x4009, 0x4007, 0x0000, 0x8000, 0x8001, 0x8002, 0x8003, 0x4006, 0x4007}, 0},
    {{0xC001, 0xC004, 0xC008, 0xC002, 0x4000, 0x4001, 0x4003, 0x4002, 0x4004, 0x4005, 0x400A, 0x400B, 0x4009, 0x4008, 0x0000, 0x8000, 0x8001, 0x8003, 0x8002, 0x4006, 0x4007}, 0},
    {{0xC001, 0xC004, 0xC008, 0xC002, 0x4000, 0x4001, 0x4003, 0x4002, 0x4004, 0x4005, 0x400A, 0x400B, 0x4009, 0x4008, 0x0000, 0x8000, 0x8001, 0x8005, 0x8002, 0x4006, 0x4007}, 0},
    {{0xC001, 0xC004, 0xC008, 0xC002, 0x400F, 0x400E, 0x400D, 0x400C, 0x400B, 0x400A, 0x4009, 0x4008, 0x4006, 0x4007, 0x4005, 0x8000, 0x8001, 0x8003, 0x8004, 0x8002, 0x8005}, 0},
    {{0x0000, 0x0000, 0x0000, 0x0000, 0x4003, 0x4001, 0x4004, 0x4000, 0x0000, 0x0000, 0x0000, 0x0000, 0x4006, 0x4007, 0x0000, 0x8000, 0x8001, 0x0000, 0x0000, 0x0000, 0x0000}, 0},
    {{0xC001, 0xC004, 0xC008, 0xC002, 0x4000, 0x4001, 0x4002, 0x4003, 0x4004, 0x4005, 0x4009, 0x400A, 0x4007, 0x4006, 0x4008, 0x8000, 0x8001, 0x8003, 0x8004, 0x8002, 0x8005}, 0},
    {{0xC001, 0xC004, 0xC008, 0xC002, 0x4000, 0x4001, 0x4003, 0x4004, 0x4006, 0x4007, 0x400D, 0x400E, 0x400B, 0x400A, 0x0000, 0x8000, 0x0000, 0x0000, 0x0000, 0x4008, 0x4009}, 5},
    {{0xC001, 0xC004, 0xC008, 0xC002, 0x4002, 0x4001, 0x4003, 0x4000, 0x4004, 0x4005, 0x0000, 0x400B, 0x4009, 0x4008, 0x400C, 0x8000, 0x8001, 0x8002, 0x8003, 0x4006, 0x4007}, 0},
    {{0xC001, 0xC004, 0xC008, 0xC002, 0x4000, 0x4001, 0x4003, 0x4004, 0x4006, 0x4007, 0x400D, 0x400E, 0x400B, 0x400A, 0x0000, 0x8000, 0x8001, 0x8002, 0x8003, 0x4008, 0x4009}, 0},
    {{0xC001, 0xC004, 0xC008, 0xC002, 0x4000, 0x4001, 0x4003, 0x4004, 0x4006, 0x4007, 0x400D, 0x400E, 0x400B, 0x400A, 0x0000, 0x8000, 0x8001, 0x0000, 0x0000, 0x0000, 0x0000}, 0},
    {{0x400B, 0x400A, 0x4009, 0x4008, 0x4003, 0x4000, 0x4001, 0x4002, 0x4004, 0x4005, 0x0000, 0x0000, 0x4007, 0x0000, 0x0000, 0x0000, 0x0000, 0x0000, 0x0000, 0x0000, 0x0000}, 0},
    {{0xC001, 0xC004, 0xC008, 0xC002, 0x4000, 0x4001, 0x4003, 0x4004, 0x4006, 0x4007, 0x400D, 0x400E, 0x400B, 0x400A, 0x4014, 0x8000, 0x8001, 0x8002, 0x8005, 0x4008, 0x8007}, 0},
    {{0xC001, 0xC004, 0xC008, 0xC002, 0x4000, 0x4001, 0x4003, 0x4004, 0x4006, 0x4007, 0x400D, 0x400E, 0x400B, 0x400A, 0x400C, 0x8000, 0x8001, 0x8003, 0x8004, 0x0000, 0x0000}, 0},
    {{0xC001, 0xC004, 0xC008, 0xC002, 0x4006, 0x4007, 0x4009, 0x400A, 0x400C, 0x400D, 0x4013, 0x4014, 0x4011, 0x4010, 0x4012, 0x8000, 0x8001, 0x8003, 0x8004, 0x400E, 0x400F}, 0},
    {{0x8201, 0x8101, 0x8200, 0x8100, 0x4001, 0x4000, 0x4004, 0x4003, 0x4006, 0x4007, 0x0000, 0x0000, 0x400B, 0x400A, 0x0000, 0x0000, 0x0000, 0x0000, 0x0000, 0x0000, 0x0000}, 0},
    {{0x4008, 0x4009, 0x400A, 0x400B, 0x4000, 0x4003, 0x4001, 0x4002, 0x4004, 0x4005, 0x4006, 0x4007, 0x0000, 0x0000, 0x400E, 0x8000, 0x8001, 0x8003, 0x8004, 0x8002, 0x8005}, 0},
    {{0xC001, 0xC004, 0xC008, 0xC002, 0x4000, 0x4001, 0x4002, 0x4003, 0x4004, 0x4005, 0x0000, 0x0000, 0x0000, 0x0000, 0x4008, 0x8000, 0x8001, 0x8002, 0x8003, 0x4006, 0x4007}, 0},
    {{0xC001, 0xC004, 0xC008, 0xC002, 0x4007, 0x4006, 0x0000, 0x0000, 0x0000, 0x0000, 0x0000, 0x0000, 0x4004, 0x4005, 0x0000, 0x8000, 0x8001, 0x0000, 0x0000, 0x0000, 0x0000}, 0},
    {{0x4004, 0x4005, 0x4006, 0x4007, 0x4002, 0x4001, 0x400A, 0x4009, 0x0000, 0x0000, 0x0000, 0x0000, 0x4003, 0x0000, 0x0000, 0x8000, 0x0000, 0x0000, 0x8001, 0x8002, 0x8003}, 0},
    {{0xC001, 0xC004, 0xC008, 0xC002, 0x4002, 0x4001, 0x400B, 0x400C, 0x400D, 0x4000, 0x0000, 0x0000, 0x4003, 0x4004, 0x0000, 0x8000, 0x8001, 0x0000, 0x0000, 0x4008, 0x400A}, 0},
    {{0xC001, 0xC004, 0xC008, 0xC002, 0x4000, 0x4001, 0x4002, 0x4003, 0x0000, 0x0000, 0x0000, 0x0000, 0x0000, 0x0000, 0x0000, 0x8001, 0x8002, 0x0000, 0x0000, 0x0000, 0x0000}, 0},
    {{0xC001, 0xC004, 0xC008, 0xC002, 0x4000, 0x4001, 0x0000, 0x0000, 0x4006, 0x4002, 0x0000, 0x0000, 0x4003, 0x4004, 0x0000, 0x8000, 0x8001, 0x0000, 0x0000, 0x4005, 0x0000}, 0},
    {{0x8201, 0x8101, 0x8200, 0x8100, 0x4001, 0x4004, 0x4000, 0x4005, 0x4006, 0x4007, 0x0000, 0x0000, 0x4003, 0x0000, 0x0000, 0x0000, 0x0000, 0x0000, 0x0000, 0x0000, 0x0000}, 0},
    {{0x400C, 0x400D, 0x400E, 0x400F, 0x4001, 0x4004, 0x4000, 0x4005, 0x4006, 0x4007, 0x0000, 0x0000, 0x4003, 0x4002, 0x400A, 0x8000, 0x8001, 0x8003, 0x8004, 0x4008, 0x4009}, 0},
    {{0x400A, 0x400B, 0x400C, 0x400D, 0x4000, 0x4007, 0x4001, 0x4008, 0x0000, 0x4002, 0x0000, 0x0000, 0x4003, 0x0000, 0x0000, 0x8000, 0x8001, 0x8003, 0x8004, 0x8105, 0x8102}, 0},
    {{0x400A, 0x400B, 0x400C, 0x400D, 0x4000, 0x4001, 0x0000, 0x0000, 0x4004, 0x4005, 0x0000, 0x0000, 0x4003, 0x0000, 0x0000, 0x8000, 0x8001, 0x0000, 0x0000, 0x4002, 0x0000}, 8},
    {{0x400C, 0x400D, 0x400E, 0x400F, 0x4000, 0x4001, 0x4003, 0x4004, 0x4006, 0x4005, 0x0000, 0x0000, 0x4008, 0x0000, 0x0000, 0x8000, 0x8001, 0x0000, 0x0000, 0x4007, 0x4002}, 0},
    {{0x400C, 0x400D, 0x400E, 0x400F, 0x4001, 0x4002, 0x4000, 0x4003, 0x4006, 0x4007, 0x400A, 0x400B, 0x4004, 0x4005, 0x0000, 0x8000, 0x8001, 0x8003, 0x8004, 0x4008, 0x4009}, 0},
    {{0x8201, 0x8101, 0x8200, 0x8100, 0x4001, 0x4004, 0x4000, 0x4005, 0x4006, 0x4007, 0x0000, 0x0000, 0x4003, 0x4002, 0x0000, 0x0000, 0x0000, 0x0000, 0x0000, 0x0000, 0x0000}, 0},
    {{0x400A, 0x400B, 0x400C, 0x400D, 0x4000, 0x4007, 0x4001, 0x4008, 0x0000, 0x4002, 0x0000, 0x0000, 0x4003, 0x0000, 0x0000, 0x8000, 0x8001, 0x8003, 0x8004, 0x4004, 0x4005}, 0},
    {{0x400C, 0x400D, 0x400E, 0x400F, 0x4001, 0x4000, 0x4005, 0x4004, 0x0000, 0x0000, 0x0000, 0x0000, 0x4003, 0x0000, 0x0000, 0x8000, 0x8001, 0x0000, 0x0000, 0x8105, 0x8102}, 0},
    {{0xC001, 0xC004, 0xC008, 0xC002, 0x4001, 0x4002, 0x4000, 0x4003, 0x4004, 0x4005, 0x0000, 0x0000, 0x4009, 0x4008, 0x400C, 0x0000, 0x0000, 0x0000, 0x0000, 0x8003, 0x8004}, 0},
    {{0xC001, 0xC004, 0xC008, 0xC002, 0x4001, 0x4002, 0x4000, 0x4003, 0x4004, 0x4005, 0x400A, 0x400B, 0x4009, 0x400D, 0x400C, 0x8000, 0x8001, 0x8002, 0x8005, 0x8003, 0x8004}, 0},
    {{0xC001, 0xC004, 0xC008, 0xC002, 0x4000, 0x4001, 0x0000, 0x0000, 0x0000, 0x0000, 0x0000, 0x0000, 0x4006, 0x4007, 0x0000, 0x8000, 0x8001, 0x0000, 0x0000, 0x0000, 0x0000}, 0},
    {{0x8202, 0x8102, 0x8200, 0x8100, 0x4000, 0x4001, 0x4003, 0x4004, 0x4008, 0x4006, 0x0000, 0x0000, 0x400B, 0x400A, 0x4002, 0x0000, 0x0000, 0x0000, 0x0000, 0x4009, 0x4007}, 0},
    {{0xC001, 0xC004, 0xC008, 0xC002, 0x4000, 0x4001, 0x4003, 0x4004, 0x4006, 0x4007, 0x0000, 0x0000, 0x400B, 0x400A, 0x0000, 0x8000, 0x8001, 0x0000, 0x0000, 0x0000, 0x0000}, 0},
    {{0x0000, 0x0000, 0x0000, 0x0000, 0x4000, 0x4001, 0x4003, 0x4004, 0x4006, 0x4007, 0x0000, 0x0000, 0x400B, 0x400A, 0x0000, 0x8000, 0x8001, 0x0000, 0x0000, 0x0000, 0x0000}, 0},
    {{0xC001, 0xC004, 0xC008, 0xC002, 0x4001, 0x4000, 0x4004, 0x4003, 0x4006, 0x4007, 0x400D, 0x400E, 0x400B, 0x400A, 0x4002, 0x8000, 0x8001, 0x8002, 0x8005, 0x4008, 0x4009}, 0},
    {{0xC001, 0xC004, 0xC008, 0xC002, 0x4001, 0x4000, 0x4004, 0x4003, 0x4006, 0x4007, 0x400D, 0x400E, 0x400B, 0x400A, 0x4002, 0x8000, 0x8001, 0x8003, 0x8004, 0x4008, 0x4009}, 0},
    {{0xC001, 0xC004, 0xC008, 0xC002, 0x4000, 0x4001, 0x0000, 0x0000, 0x4006, 0x4007, 0x0000, 0x0000, 0x400B, 0x0000, 0x400C, 0x8000, 0x8001, 0x8003, 0x8004, 0x4008, 0x4009}, 0},
    {{0xC001, 0xC004, 0xC008, 0xC002, 0x4000, 0x4003, 0x4001, 0x4004, 0x0000, 0x400A, 0x400D, 0x400E, 0x400B, 0x0000, 0x0000, 0x8000, 0x8001, 0x8002, 0x8003, 0x8005, 0x8004}, 0},
    {{0xC001, 0xC004, 0xC008, 0xC002, 0x4000, 0x4001, 0x4003, 0x4004, 0x4006, 0x4007, 0x400D, 0x400E, 0x400B, 0x400A, 0x400C, 0x8000, 0x8001, 0x8002, 0x8003, 0x8005, 0x8004}, 0},
    {{0xC001, 0xC004, 0xC008, 0xC002, 0x4000, 0x4001, 0x0000, 0x0000, 0x4006, 0x4007, 0x400D, 0x0000, 0x400B, 0x400A, 0x400C, 0x8000, 0x8001, 0x8003, 0x8004, 0x4008, 0x4009}, 0},
    {{0xC001, 0xC004, 0xC008, 0xC002, 0x4000, 0x4001, 0x4003, 0x4004, 0x4006, 0x4007, 0x400D, 0x400E, 0x400B, 0x400A, 0x4002, 0x8000, 0x8001, 0x8003, 0x8004, 0x4008, 0x4009}, 0},
    {{0xC001, 0xC004, 0xC008, 0xC002, 0x4001, 0x4000, 0x4004, 0x4003, 0x4006, 0x4007, 0x0000, 0x0000, 0x400B, 0x400A, 0x0000, 0x8000, 0x8001, 0x8002, 0x8003, 0x0000, 0x0000}, 0},
    {{0xC001, 0xC004, 0xC008, 0xC002, 0x4000, 0x4001, 0x0000, 0x0000, 0x4006, 0x4007, 0x0000, 0x0000, 0x400B, 0x0000, 0x0000, 0x8000, 0x8001, 0x0000, 0x0000, 0x400A, 0x0000}, 9},
    {{0xC001, 0xC004, 0xC008, 0xC002, 0x4001, 0x4000, 0x4004, 0x4003, 0x0000, 0x4006, 0x0000, 0x0000, 0x400B, 0x400A, 0x0000, 0x8000, 0x8001, 0x8003, 0x8005, 0x0000, 0x4007}, 0},
    {{0xC001, 0xC004, 0xC008, 0xC002, 0x4000, 0x4001, 0x4003, 0x4004, 0x4008, 0x4006, 0x0000, 0x0000, 0x400B, 0x400A, 0x4002, 0x8000, 0x8001, 0x8003, 0x8004, 0x4009, 0x4007}, 0},
    {{0xC001, 0xC004, 0xC008, 0xC002, 0x4000, 0x4001, 0x4003, 0x4004, 0x0000, 0x4006, 0x0000, 0x0000, 0x400B, 0x400A, 0x0000, 0x8000, 0x8002, 0x8003, 0x8005, 0x0000, 0x4007}, 0},
    {{0xC001, 0xC004, 0xC008, 0xC002, 0x4001, 0x4000, 0x4004, 0x4003, 0x4006, 0x4007, 0x0000, 0x0000, 0x400B, 0x400A, 0x0000, 0x8000, 0x8002, 0x8003, 0x8005, 0x0000, 0x0000}, 0},
    {{0xC001, 0xC004, 0xC008, 0xC002, 0x4001, 0x4000, 0x0000, 0x0000, 0x0000, 0x0000, 0x0000, 0x0000, 0x400B, 0x400A, 0x0000, 0x8000, 0x8002, 0x8003, 0x8005, 0x0000, 0x0000}, 0},
    {{0xC001, 0xC004, 0xC008, 0xC002, 0x4000, 0x4001, 0x4003, 0x4004, 0x4006, 0x4007, 0x0000, 0x0000, 0x400B, 0x400A, 0x0000, 0x8000, 0x8002, 0x8003, 0x8005, 0x4008, 0x4009}, 0},
    {{0xC001, 0xC004, 0xC008, 0xC002, 0x4001, 0x4000, 0x4004, 0x4003, 0x4006, 0x4007, 0x400D, 0x400E, 0x400B, 0x400A, 0x400C, 0x8000, 0x8001, 0x8003, 0x8004, 0x4008, 0x4009}, 0},
    {{0xC001, 0xC004, 0xC008, 0xC002, 0x4001, 0x4000, 0x4004, 0x4003, 0x4006, 0x4007, 0x400D, 0x400E, 0x400B, 0x400A, 0x0000, 0x8000, 0x8001, 0x8002, 0x8003, 0x4008, 0x4009}, 0},
    {{0xC001, 0xC004, 0xC008, 0xC002, 0x4001, 0x4000, 0x4004, 0x4003, 0x4006, 0x4007, 0x400D, 0x400E, 0x400B, 0x400A, 0x4002, 0x8000, 0x8001, 0x8002, 0x8003, 0x4008, 0x4009}, 0},
    {{0xC001, 0xC004, 0xC008, 0xC002, 0x4000, 0x4001, 0x4003, 0x4004, 0x4008, 0x4006, 0x0000, 0x0000, 0x400A, 0x0000, 0x0000, 0x8000, 0x8002, 0x8003, 0x8005, 0x4009, 0x4007}, 0},
    {{0xC001, 0xC004, 0xC008, 0xC002, 0x4001, 0x4000, 0x4004, 0x4003, 0x4006, 0x4007, 0x0000, 0x0000, 0x400B, 0x400A, 0x400C, 0x8000, 0x8001, 0x8003, 0x8004, 0x4008, 0x4009}, 0},
    {{0xC001, 0xC004, 0xC008, 0xC002, 0x4000, 0x4001, 0x4003, 0x4004, 0x4006, 0x4007, 0x0000, 0x0000, 0x400B, 0x400A, 0x400C, 0x8000, 0x8001, 0x8003, 0x8004, 0x0000, 0x0000}, 0},
    {{0x0000, 0x0000, 0x0000, 0x0000, 0x4001, 0x4000, 0x4004, 0x4003, 0x4006, 0x4007, 0x0000, 0x0000, 0x400B, 0x400A, 0x0000, 0x8000, 0x8001, 0x0000, 0x0000, 0x0000, 0x0000}, 0},
    {{0x0000, 0x0000, 0x0000, 0x0000, 0x0000, 0x0000, 0x0000, 0x0000, 0x0000, 0x0000, 0x0000, 0x0000, 0x0000, 0x0000, 0x0000, 0x8000, 0x8001, 0x8005, 0x8002, 0x0000, 0x0000}, 0},
    {{0xC001, 0xC004, 0xC008, 0xC002, 0x4001, 0x4002, 0x0000, 0x0000, 0x4004, 0x4005, 0x0000, 0x0000, 0x4009, 0x0000, 0x0000, 0x8000, 0x8001, 0x8002, 0x8003, 0x4006, 0x0000}, 0},
    {{0xC001, 0xC004, 0xC008, 0xC002, 0x4000, 0x4001, 0x4002, 0x4003, 0x4004, 0x4005, 0x0000, 0x0000, 0x4009, 0x4008, 0x0000, 0x0000, 0x0000, 0x0000, 0x0000, 0x0000, 0x0000}, 0},
    {{0xC001, 0xC004, 0xC008, 0xC002, 0x4001, 0x4000, 0x0000, 0x0000, 0x4004, 0x4005, 0x0000, 0x0000, 0x4009, 0x0000, 0x0000, 0x8000, 0x8001, 0x0000, 0x0000, 0x400E, 0x0000}, 10},
    {{0x0000, 0x0000, 0x0000, 0x0000, 0x4000, 0x4001, 0x0000, 0x0000, 0x4002, 0x4003, 0x0000, 0x0000, 0x4005, 0x4004, 0x0000, 0x8000, 0x8001, 0x0000, 0x0000, 0x0000, 0x0000}, 0},
    {{0x8204, 0x8104, 0x8200, 0x8100, 0x4003, 0x4007, 0x4002, 0x4006, 0x4000, 0x4001, 0x0000, 0x0000, 0x4004, 0x4005, 0x0000, 0x0000, 0x0000, 0x0000, 0x0000, 0x0000, 0x0000}, 0},
    {{0x4004, 0x4005, 0x4006, 0x4007, 0x4000, 0x4002, 0x4001, 0x4003, 0x400A, 0x400B, 0x4008, 0x4009, 0x4010, 0x4011, 0x4012, 0x8000, 0x8001, 0x8002, 0x8005, 0x8003, 0x8004}, 0},
    {{0x4004, 0x4005, 0x4006, 0x4007, 0x4001, 0x4000, 0x4003, 0x4002, 0x400A, 0x400B, 0x4008, 0x4009, 0x4010, 0x4011, 0x4012, 0x8000, 0x8001, 0x8002, 0x8005, 0x8003, 0x8004}, 0},
    {{0x0000, 0x0000, 0x0000, 0x0000, 0x4001, 0x4004, 0x4000, 0x4003, 0x4008, 0x4009, 0x0000, 0x0000, 0x400B, 0x400A, 0x0000, 0x8000, 0x8001, 0x8002, 0x8005, 0x4006, 0x4007}, 0},
    {{0xC001, 0xC004, 0xC008, 0xC002, 0x4001, 0x4004, 0x4000, 0x4003, 0x4006, 0x4007, 0x400D, 0x400E, 0x400B, 0x400A, 0x400C, 0x0000, 0x0000, 0x8003, 0x8004, 0x4008, 0x4009}, 0},
    {{0xC001, 0xC004, 0xC008, 0xC002, 0x4001, 0x4002, 0x0000, 0x0000, 0x4004, 0x4005, 0x0000, 0x0000, 0x4009, 0x0000, 0x0000, 0x8000, 0x8001, 0x8002, 0x8005, 0x4006, 0x0000}, 0},
    {{0xC001, 0xC004, 0xC008, 0xC002, 0x4002, 0x4001, 0x0000, 0x0000, 0x4004, 0x4005, 0x0000, 0x0000, 0x4009, 0x0000, 0x0000, 0x8000, 0x8001, 0x8002, 0x8005, 0x4006, 0x0000}, 0},
    {{0xC001, 0xC004, 0xC008, 0xC002, 0x4000, 0x4001, 0x4002, 0x4003, 0x4004, 0x4005, 0x4008, 0x4009, 0x4006, 0x4007, 0x0000, 0x8000, 0x8001, 0x8002, 0x8003, 0x4004, 0x4005}, 0},
    {{0xC001, 0xC004, 0xC008, 0xC002, 0x4000, 0x4001, 0x0000, 0x0000, 0x0000, 0x0000, 0x0000, 0x0000, 0x4003, 0x4004, 0x4002, 0x0000, 0x0000, 0x0000, 0x0000, 0x0000, 0x0000}, 0},
    {{0xC001, 0xC004, 0xC008, 0xC002, 0x4000, 0x4001, 0x4002, 0x4003, 0x4004, 0x4005, 0x4006, 0x4007, 0x4009, 0x400A, 0x4008, 0x8000, 0x8001, 0x8003, 0x8004, 0x0000, 0x0000}, 0},
    {{0xC001, 0xC004, 0xC008, 0xC002, 0x4004, 0x4005, 0x4007, 0x4008, 0x400A, 0x400B, 0x4011, 0x4012, 0x400F, 0x400E, 0x4010, 0x8000, 0x8001, 0x8003, 0x8004, 0x400C, 0x400D}, 0},
    {{0x400D, 0x400F, 0x400E, 0x4010, 0x4004, 0x4005, 0x4001, 0x4002, 0x400A, 0x4008, 0x4000, 0x4009, 0x4003, 0x4006, 0x0000, 0x8000, 0x8001, 0x0000, 0x0000, 0x8204, 0x8104}, 11},
    {{0xC001, 0xC004, 0xC008, 0xC002, 0x4000, 0x0000, 0x4001, 0x0000, 0x4003, 0x4004, 0x0000, 0x0000, 0x4009, 0x0000, 0x0000, 0x8000, 0x8001, 0x0000, 0x0000, 0x4002, 0x0000}, 12},
    {{0xC001, 0xC004, 0xC008, 0xC002, 0x4000, 0x4001, 0x4003, 0x4004, 0x4002, 0x4005, 0x4009, 0x400A, 0x4013, 0x4010, 0x4006, 0x8000, 0x8001, 0x8002, 0x8005, 0x8003, 0x8004}, 0},
    {{0x400C, 0x400E, 0x400F, 0x400D, 0x4002, 0x4001, 0x4003, 0x4000, 0x4006, 0x4007, 0x4009, 0x400A, 0x400B, 0x4008, 0x0000, 0x8000, 0x8001, 0x8002, 0x8003, 0x4004, 0x4005}, 0},
    {{0x0000, 0x0000, 0x0000, 0x0000, 0x4004, 0x4005, 0x4000, 0x4001, 0x4002, 0x4006, 0x0000, 0x0000, 0x4009, 0x4008, 0x0000, 0x8000, 0x8001, 0x0000, 0x0000, 0x4003, 0x4007}, 0},
    {{0xC001, 0xC004, 0xC008, 0xC002, 0x4002, 0x4001, 0x4003, 0x4000, 0x4004, 0x4005, 0x4009, 0x400A, 0x400B, 0x4008, 0x400C, 0x8000, 0x8001, 0x8003, 0x8004, 0x4006, 0x4007}, 0},
    {{0x4004, 0x4006, 0x4007, 0x4005, 0x400E, 0x400D, 0x400F, 0x400C, 0x400A, 0x400B, 0x4001, 0x4002, 0x4003, 0x4000, 0x4010, 0x8000, 0x8001, 0x8002, 0x8003, 0x4008, 0x4009}, 0},
    {{0xC001, 0xC004, 0xC008, 0xC002, 0x4001, 0x4002, 0x4000, 0x4003, 0x4006, 0x4007, 0x400A, 0x400B, 0x4009, 0x4008, 0x400C, 0x8000, 0x8001, 0x8002, 0x8003, 0x4004, 0x4005}, 0},
    {{0x8201, 0x8101, 0x8200, 0x8100, 0x4001, 0x4005, 0x4000, 0x4004, 0x4006, 0x4007, 0x0000, 0x0000, 0x4003, 0x4002, 0x0000, 0x0000, 0x0000, 0x0000, 0x0000, 0x0000, 0x0000}, 0},
    {{0x8201, 0x8101, 0x8200, 0x8100, 0x4001, 0x4002, 0x4005, 0x4006, 0x0000, 0x4007, 0x0000, 0x0000, 0x4000, 0x0000, 0x0000, 0x0000, 0x0000, 0x0000, 0x0000, 0x0000, 0x4003}, 0},
    {{0x4008, 0x400B, 0x4009, 0x400A, 0x0000, 0x0000, 0x0000, 0x0000, 0x4005, 0x0000, 0x0000, 0x0000, 0x0000, 0x4000, 0x0000, 0x8000, 0x8001, 0x0000, 0x0000, 0x4007, 0x0000}, 0},
    {{0xC001, 0xC004, 0xC008, 0xC002, 0x4003, 0x4002, 0x4001, 0x4000, 0x400B, 0x400A, 0x4007, 0x4006, 0x4008, 0x4009, 0x0000, 0x8000, 0x8001, 0x8003, 0x8004, 0x4005, 0x4004}, 0},
};

static const mwinPadSource s_halves[][MWIN_PAD_HALVES] = {
    {0xC008, 0xC002, 0xC001, 0xC004, 0x0000, 0x0000, 0x0000, 0x0000},
    {0x0000, 0x0000, 0x0000, 0x0000, 0x4003, 0x4008, 0x4007, 0x4002},
    {0x0000, 0x0000, 0x0000, 0x0000, 0x4004, 0x4002, 0x4005, 0x4001},
    {0x0000, 0x0000, 0x0000, 0x0000, 0x4009, 0x4008, 0x400B, 0x400A},
    {0x0000, 0x0000, 0x8201, 0x8102, 0x0000, 0x0000, 0x0000, 0x0000},
    {0x0000, 0x0000, 0x0000, 0x0000, 0x0000, 0x0000, 0x8204, 0x8105},
    {0x0000, 0x0000, 0x8201, 0x8102, 0x0000, 0x0000, 0x8204, 0x8105},
    {0x0000, 0x0000, 0x0000, 0x0000, 0x4008, 0x4009, 0x4006, 0x4007},
    {0x0000, 0x0000, 0x0000, 0x0000, 0x4004, 0x4009, 0x4008, 0x4003},
    {0x0000, 0x0000, 0x0000, 0x0000, 0x4008, 0x400B, 0x400C, 0x400D},
    {0x0000, 0x0000, 0x0000, 0x0000, 0xC008, 0xC002, 0xC001, 0xC004},
    {0x0000, 0x0000, 0x0000, 0x0000, 0x4007, 0x4008, 0x4005, 0x4006},
};

static const mwinPadEntry s_entries[] = {
    {0x0003, 0x0010, 0x0082, 0x0000, 0},
    {0x0003, 0x0012, 0x00E5, 0x0000, 1},
    {0x0003, 0x0012, 0x5010, 0x0000, 2},
    {0x0003, 0x0079, 0x0002, 0x0000, 3},
    {0x0003, 0x0079, 0x0007, 0x0000, 3},
    {0x0003, 0x0079, 0x000A, 0x0000, 3},
    {0x0003, 0x0079, 0x0011, 0x0000, 4},
    {0x0003, 0x0079, 0x0016, 0x0000, 5},
    {0x0003, 0x0079, 0x0122, 0x0000, 6},
    {0x0003, 0x0079, 0x0126, 0x0000, 7},
    {0x0003, 0x0079, 0x1800, 0x0000, 8},
    {0x0003, 0x0079, 0x1803, 0x0000, 9},
    {0x0003, 0x0079, 0x1804, 0x0000, 10},
    {0x0003, 0x0079, 0x181A, 0x0000, 11},
    {0x0003, 0x0079, 0x181B, 0x0000, 12},
    {0x0003, 0x0079, 0x181C, 0x0000, 13},
    {0x0003, 0x0079, 0x1824, 0x0000, 14},
    {0x0003, 0x0079, 0x1830, 0x0000, 15},
    {0x0003, 0x0079, 0x1843, 0x0000, 16},
    {0x0003, 0x0079, 0x1844, 0x0000, 17},
    {0x0003, 0x0079, 0x1845, 0x0000, 18},
    {0x0003, 0x0079, 0x1846, 0x0000, 18},
    {0x0003, 0x0079, 0x1847, 0x0000, 19},
    {0x0003, 0x0079, 0x184F, 0x0000, 20},
    {0x0003, 0x0079, 0x1879, 0x0000, 21},
    {0x0003, 0x0079, 0x188F, 0x0000, 22},
    {0x0003, 0x0079, 0x18AE, 0x0000, 23},
    {0x0003, 0x0079, 0x18D2, 0x0000, 24},
    {0x0003, 0x0079, 0x18D4, 0x0000, 25},
    {0x0003, 0x0079, 0x954E, 0x0000, 26},
    {0x0003, 0x009F, 0xBBAD, 0x0000, 27},
    {0x0003, 0x00FF, 0x01CB, 0x0000, 28},
    {0x0003, 0x0111, 0x1419, 0x0000, 29},
    {0x0003, 0x0111, 0x1431, 0x0000, 30},
    {0x0003, 0x0171, 0x0419, 0x0000, 31},
    {0x0003, 0x018B, 0x0123, 0x0000, 32},
    {0x0003, 0x0314, 0x1809, 0x0000, 33},
    {0x0003, 0x03EB, 0x0000, 0x0000, 34},
    {0x0003, 0x03F0, 0x048D, 0x0000, 35},
    {0x0003, 0x0403, 0x97C1, 0x0000, 36},
    {0x0003, 0x040B, 0x6530, 0x0000, 7},
    {0x0003, 0x040B, 0x6533, 0x0000, 37},
    {0x0003, 0x0411, 0x00C6, 0x0000, 38},
    {0x0003, 0x0428, 0x4001, 0x0000, 39},
    {0x0003, 0x044F, 0x0F07, 0x0000, 40},
    {0x0003, 0x044F, 0xB10A, 0x0000, 41},
    {0x0003, 0x044F, 0xB300, 0x0000, 42},
    {0x0003, 0x044F, 0xB304, 0x0000, 43},
    {0x0003, 0x044F, 0xB312, 0x0000, 43},
    {0x0003, 0x044F, 0xB315, 0x0000, 43},
    {0x0003, 0x044F, 0xB320, 0x0000, 43},
    {0x0003, 0x044F, 0xB323, 0x0000, 44},
    {0x0003, 0x044F, 0xB326, 0x0000, 25},
    {0x0003, 0x044F, 0xB328, 0x0000, 44},
    {0x0003, 0x044F, 0xB687, 0x0000, 45},
    {0x0003, 0x044F, 0xD001, 0x0000, 43},
    {0x0003, 0x044F, 0xD003, 0x0000, 46},
    {0x0003, 0x044F, 0xD007, 0x0000, 11},
    {0x0003, 0x044F, 0xD008, 0x0000, 47},
    {0x0003, 0x044F, 0xD009, 0x0000, 8},
    {0x0003, 0x044F, 0xD00E, 0x0000, 48},
    {0x0003, 0x0458, 0x100A, 0x0000, 49},
    {0x0003, 0x045E, 0x0003, 0x0000, 50},
    {0x0003, 0x045E, 0x0007, 0x0000, 51},
    {0x0003, 0x045E, 0x000E, 0x0000, 52},
    {0x0003, 0x045E, 0x0027, 0x0000, 53},
    {0x0003, 0x045E, 0x0028, 0x0000, 54},
    {0x0003, 0x045E, 0x0202, 0x0000, 55},
    {0x0003, 0x045E, 0x0285, 0x0000, 56},
    {0x0003, 0x045E, 0x0287, 0x0000, 57},
    {0x0003, 0x045E, 0x0289, 0x0000, 58},
    {0x0003, 0x045E, 0x028E, 0x0000, 59},
    {0x0003, 0x045E, 0x0291, 0x0000, 25},
    {0x0003, 0x045E, 0x02A1, 0x0000, 59},
    {0x0003, 0x045E, 0x02D1, 0x0000, 25},
    {0x0003, 0x045E, 0x02DD, 0x0000, 25},
    {0x0003, 0x045E, 0x02E0, 0x0000, 25},
    {0x0003, 0x045E, 0x02E3, 0x0000, 25},
    {0x0003, 0x045E, 0x02EA, 0x0000, 59},
    {0x0003, 0x045E, 0x02FD, 0x0000, 25},
    {0x0003, 0x045E, 0x02FF, 0x0000, 60},
    {0x0003, 0x045E, 0x0719, 0x0000, 25},
    {0x0003, 0x045E, 0x0B0A, 0x0000, 59},
    {0x0003, 0x045E, 0x0B0C, 0x0000, 25},
    {0x0003, 0x045E, 0x0B13, 0x0000, 60},
    {0x0003, 0x046D, 0xC209, 0x0000, 61},
    {0x0003, 0x046D, 0xC20A, 0x0000, 62},
    {0x0003, 0x046D, 0xC20B, 0x0000, 63},
    {0x0003, 0x046D, 0xC211, 0x0000, 64},
    {0x0003, 0x046D, 0xC216, 0x0000, 8},
    {0x0003, 0x046D, 0xC218, 0x0000, 8},
    {0x0003, 0x046D, 0xC219, 0x0000, 8},
    {0x0003, 0x046D, 0xC21A, 0x0000, 5},
    {0x0003, 0x046D, 0xC21D, 0x0000, 25},
    {0x0003, 0x046D, 0xC21E, 0x0000, 56},
    {0x0003, 0x046D, 0xC21F, 0x0000, 56},
    {0x0003, 0x046D, 0xC242, 0x0000, 56},
    {0x0003, 0x046D, 0xCA84, 0x0000, 55},
    {0x0003, 0x046D, 0xCA88, 0x0000, 55},
    {0x0003, 0x046D, 0xCAD1, 0x0000, 8},
    {0x0003, 0x046D, 0xCAD2, 0x0000, 11},
    {0x0003, 0x047D, 0x4003, 0x0000, 65},
    {0x0003, 0x047D, 0x4005, 0x0000, 5},
    {0x0003, 0x047D, 0x4006, 0x0000, 66},
    {0x0003, 0x047D, 0x4008, 0x0000, 67},
    {0x0003, 0x04B4, 0x010A, 0x0000, 68},
    {0x0003, 0x04B4, 0x2410, 0x0000, 69},
    {0x0003, 0x04B4, 0x2411, 0x0000, 70},
    {0x0003, 0x04B4, 0x2412, 0x0000, 71},
    {0x0003, 0x04B4, 0xC681, 0x0000, 7},
    {0x0003, 0x04D8, 0xE686, 0x0000, 72},
    {0x0003, 0x04D9, 0x0002, 0x0000, 73},
    {0x0003, 0x04D9, 0x0F16, 0x0000, 73},
    {0x0003, 0x04E8, 0xA000, 0x0000, 74},
    {0x0003, 0x04FC, 0x5002, 0x0000, 51},
    {0x0003, 0x0500, 0x9B28, 0x0000, 75},
    {0x0003, 0x0502, 0x1309, 0x0000, 76},
    {0x0003, 0x050D, 0x0802, 0x0000, 77},
    {0x0003, 0x050D, 0x0803, 0x0000, 78},
    {0x0003, 0x054C, 0x0268, 0x0000, 79},
    {0x0003, 0x054C, 0x05C4, 0x0000, 48},
    {0x0003, 0x054C, 0x05C5, 0x0000, 80},
    {0x0003, 0x054C, 0x09CC, 0x0000, 48},
    {0x0003, 0x054C, 0x0BA0, 0x0000, 48},
    {0x0003, 0x054C, 0x0CDA, 0x0000, 81},
    {0x0003, 0x054C, 0x0CE6, 0x0000, 48},
    {0x0003, 0x054C, 0x0DF2, 0x0000, 48},
    {0x0003, 0x054C, 0x0E5F, 0x0000, 48},
    {0x0003, 0x054C, 0x1337, 0x0000, 82},
    {0x0003, 0x056E, 0x2003, 0x0000, 83},
    {0x0003, 0x056E, 0x2005, 0x0000, 84},
    {0x0003, 0x056E, 0x2007, 0x0000, 85},
    {0x0003, 0x056E, 0x200A, 0x0000, 86},
    {0x0003, 0x056E, 0x200E, 0x0000, 84},
    {0x0003, 0x056E, 0x200F, 0x0000, 84},
    {0x0003, 0x056E, 0x2010, 0x0000, 87},
    {0x0003, 0x056E, 0x2013, 0x0000, 11},
    {0x0003, 0x057E, 0x0330, 0x0000, 88},
    {0x0003, 0x057E, 0x2006, 0x0000, 89},
    {0x0003, 0x057E, 0x2007, 0x0000, 90},
    {0x0003, 0x057E, 0x2009, 0x0000, 91},
    {0x0003, 0x057E, 0x2017, 0x0000, 92},
    {0x0003, 0x057E, 0x2019, 0x0000, 93},
    {0x0003, 0x057E, 0x2069, 0x0000, 94},
    {0x0003, 0x057E, 0x2073, 0x0000, 95},
    {0x0003, 0x0583, 0x2050, 0x0000, 96},
    {0x0003, 0x0583, 0x2060, 0x0000, 97},
    {0x0003, 0x0583, 0x2061, 0x0000, 98},
    {0x0003, 0x0583, 0x3051, 0x0000, 99},
    {0x0003, 0x0583, 0x3070, 0x0000, 100},
    {0x0003, 0x0583, 0x5200, 0x0000, 101},
    {0x0003, 0x0583, 0x6001, 0x0000, 102},
    {0x0003, 0x0583, 0x6009, 0x0000, 103},
    {0x0003, 0x0583, 0xA000, 0x0000, 104},
    {0x0003, 0x0583, 0xA009, 0x0000, 105},
    {0x0003, 0x0583, 0xB031, 0x0000, 105},
    {0x0003, 0x05A0, 0x3232, 0x0000, 106},
    {0x0003, 0x05AC, 0x022C, 0x0000, 107},
    {0x0003, 0x05AC, 0x022D, 0x0000, 69},
    {0x0003, 0x05AC, 0x033D, 0x0000, 30},
    {0x0003, 0x05AC, 0x044D, 0x0000, 30},
    {0x0003, 0x05AC, 0x055B, 0x0000, 24},
    {0x0003, 0x05AC, 0x056B, 0x0000, 69},
    {0x0003, 0x05AC, 0x057A, 0x0000, 108},
    {0x0003, 0x05AC, 0x061A, 0x0000, 13},
    {0x0003, 0x05B8, 0x1002, 0x0000, 24},
    {0x0003, 0x05B8, 0x1004, 0x0000, 109},
    {0x0003, 0x05B8, 0x1006, 0x0000, 109},
    {0x0003, 0x05E3, 0x0596, 0x0000, 110},
    {0x0003, 0x05EF, 0x0003, 0x0000, 87},
    {0x0003, 0x05FD, 0x0239, 0x0000, 111},
    {0x0003, 0x05FD, 0x0253, 0x0000, 112},
    {0x0003, 0x05FD, 0x262A, 0x0000, 113},
    {0x0003, 0x05FD, 0x262F, 0x0000, 114},
    {0x0003, 0x05FD, 0x3000, 0x0000, 115},
    {0x0003, 0x05FD, 0x3002, 0x0000, 116},
    {0x0003, 0x062A, 0x0020, 0x0000, 117},
    {0x0003, 0x062A, 0x2410, 0x0000, 118},
    {0x0003, 0x0662, 0x70D5, 0x0000, 119},
    {0x0003, 0x0663, 0x0102, 0x0000, 120},
    {0x0003, 0x06A3, 0x0107, 0x0000, 121},
    {0x0003, 0x06A3, 0x0109, 0x0000, 122},
    {0x0003, 0x06A3, 0x040B, 0x0000, 123},
    {0x0003, 0x06A3, 0x040C, 0x0000, 124},
    {0x0003, 0x06A3, 0x0621, 0x0000, 125},
    {0x0003, 0x06A3, 0x5F0D, 0x0000, 126},
    {0x0003, 0x06A3, 0xF518, 0x0000, 127},
    {0x0003, 0x06A3, 0xF51A, 0x0000, 127},
    {0x0003, 0x06A3, 0xF620, 0x0000, 125},
    {0x0003, 0x06A3, 0xF622, 0x0000, 128},
    {0x0003, 0x06A3, 0xF623, 0x0000, 125},
    {0x0003, 0x06A3, 0xFF0C, 0x0000, 129},
    {0x0003, 0x06A3, 0xFF0D, 0x0000, 130},
    {0x0003, 0x06D6, 0x002A, 0x0000, 131},
    {0x0003, 0x06F7, 0x0001, 0x0000, 132},
    {0x0003, 0x06F8, 0xA300, 0x0000, 133},
    {0x0003, 0x06F8, 0xA301, 0x0000, 134},
    {0x0003, 0x0738, 0x2217, 0x0000, 135},
    {0x0003, 0x0738, 0x3180, 0x0000, 80},
    {0x0003, 0x0738, 0x3187, 0x0000, 136},
    {0x0003, 0x0738, 0x3250, 0x0000, 11},
    {0x0003, 0x0738, 0x3282, 0x0000, 136},
    {0x0003, 0x0738, 0x3285, 0x0000, 137},
    {0x0003, 0x0738, 0x3384, 0x0000, 11},
    {0x0003, 0x0738, 0x3480, 0x0000, 137},
    {0x0003, 0x0738, 0x3481, 0x0000, 138},
    {0x0003, 0x0738, 0x4426, 0x0000, 139},
    {0x0003, 0x0738, 0x4516, 0x0000, 55},
    {0x0003, 0x0738, 0x4520, 0x0000, 44},
    {0x0003, 0x0738, 0x4526, 0x0000, 140},
    {0x0003, 0x0738, 0x4536, 0x0000, 55},
    {0x0003, 0x0738, 0x4556, 0x0000, 25},
    {0x0003, 0x0738, 0x4586, 0x0000, 25},
    {0x0003, 0x0738, 0x4716, 0x0000, 25},
    {0x0003, 0x0738, 0x4718, 0x0000, 141},
    {0x0003, 0x0738, 0x4726, 0x0000, 140},
    {0x0003, 0x0738, 0x4728, 0x0000, 142},
    {0x0003, 0x0738, 0x4736, 0x0000, 143},
    {0x0003, 0x0738, 0x4738, 0x0000, 144},
    {0x0003, 0x0738, 0x5262, 0x0000, 145},
    {0x0003, 0x0738, 0x5263, 0x0000, 44},
    {0x0003, 0x0738, 0x5266, 0x0000, 145},
    {0x0003, 0x0738, 0x8180, 0x0000, 146},
    {0x0003, 0x0738, 0x8250, 0x0000, 48},
    {0x0003, 0x0738, 0x8263, 0x0000, 11},
    {0x0003, 0x0738, 0x8384, 0x0000, 48},
    {0x0003, 0x0738, 0x8480, 0x0000, 147},
    {0x0003, 0x0738, 0x8481, 0x0000, 148},
    {0x0003, 0x0738, 0x8818, 0x0000, 149},
    {0x0003, 0x0738, 0x8838, 0x0000, 137},
    {0x0003, 0x0738, 0xA856, 0x0000, 11},
    {0x0003, 0x0738, 0xB726, 0x0000, 25},
    {0x0003, 0x0738, 0xB738, 0x0000, 141},
    {0x0003, 0x0738, 0xBEEF, 0x0000, 150},
    {0x0003, 0x0738, 0xCB02, 0x0000, 151},
    {0x0003, 0x073B, 0xA104, 0x0000, 152},
    {0x0003, 0x0773, 0x0104, 0x0000, 153},
    {0x0003, 0x0773, 0x0106, 0x0000, 154},
    {0x0003, 0x07B5, 0x0213, 0x0000, 155},
    {0x0003, 0x07B5, 0x0312, 0x0000, 156},
    {0x0003, 0x07B5, 0x0314, 0x0000, 157},
    {0x0003, 0x07B5, 0x0315, 0x0000, 158},
    {0x0003, 0x07B5, 0x9903, 0x0000, 159},
    {0x0003, 0x0810, 0x0001, 0x0000, 73},
    {0x0003, 0x0810, 0x0003, 0x0000, 160},
    {0x0003, 0x0810, 0xE101, 0x0000, 161},
    {0x0003, 0x0810, 0xE501, 0x0000, 162},
    {0x0003, 0x081F, 0xE401, 0x0000, 163},
    {0x0003, 0x0838, 0x8918, 0x0000, 164},
    {0x0003, 0x0925, 0x0005, 0x0000, 165},
    {0x0003, 0x0925, 0x03E8, 0x0000, 166},
    {0x0003, 0x0925, 0x1700, 0x0000, 167},
    {0x0003, 0x0925, 0x1801, 0x0000, 110},
    {0x0003, 0x0925, 0x1802, 0x0000, 110},
    {0x0003, 0x0925, 0x2801, 0x0000, 168},
    {0x0003, 0x0925, 0x8800, 0x0000, 110},
    {0x0003, 0x0925, 0x8866, 0x0000, 110},
    {0x0003, 0x0925, 0x8868, 0x0000, 169},
    {0x0003, 0x0925, 0x8888, 0x0000, 110},
    {0x0003, 0x0926, 0x2526, 0x0000, 170},
    {0x0003, 0x0926, 0x8888, 0x0000, 171},
    {0x0003, 0x0955, 0x7210, 0x0000, 172},
    {0x0003, 0x0955, 0x7214, 0x0000, 173},
    {0x0003, 0x0955, 0xB400, 0x0000, 59},
    {0x0003, 0x0A12, 0x0001, 0x0000, 69},
    {0x0003, 0x0A5C, 0x8502, 0x0000, 174},
    {0x0003, 0x0AE4, 0x0702, 0x0000, 175},
    {0x0003, 0x0AE4, 0x0703, 0x0000, 176},
    {0x0003, 0x0B05, 0x18E3, 0x0000, 177},
    {0x0003, 0x0B05, 0x18E5, 0x0000, 177},
    {0x0003, 0x0B05, 0x1958, 0x0000, 177},
    {0x0003, 0x0B05, 0x1A18, 0x0000, 177},
    {0x0003, 0x0B05, 0x1A1A, 0x0000, 177},
    {0x0003, 0x0B05, 0x1A1C, 0x0000, 177},
    {0x0003, 0x0B05, 0x4500, 0x0000, 178},
    {0x0003, 0x0B05, 0x7905, 0x0000, 20},
    {0x0003, 0x0B05, 0x7906, 0x0000, 20},
    {0x0003, 0x0B43, 0x0003, 0x0000, 179},
    {0x0003, 0x0B43, 0x0005, 0x0000, 180},
    {0x0003, 0x0B49, 0x0644, 0x0000, 51},
    {0x0003, 0x0C12, 0x0005, 0x0000, 181},
    {0x0003, 0x0C12, 0x0708, 0x0000, 48},
    {0x0003, 0x0C12, 0x0713, 0x0000, 80},
    {0x0003, 0x0C12, 0x0C31, 0x0000, 182},
    {0x0003, 0x0C12, 0x0E10, 0x0000, 80},
    {0x0003, 0x0C12, 0x0E11, 0x0000, 80},
    {0x0003, 0x0C12, 0x0E13, 0x0000, 48},
    {0x0003, 0x0C12, 0x0E15, 0x0000, 48},
    {0x0003, 0x0C12, 0x0E16, 0x0000, 48},
    {0x0003, 0x0C12, 0x0E18, 0x0000, 48},
    {0x0003, 0x0C12, 0x0E1E, 0x0000, 48},
    {0x0003, 0x0C12, 0x0E20, 0x0000, 11},
    {0x0003, 0x0C12, 0x0E21, 0x0000, 11},
    {0x0003, 0x0C12, 0x0EF1, 0x0000, 183},
    {0x0003, 0x0C12, 0x0EF6, 0x0000, 184},
    {0x0003, 0x0C12, 0x0EF7, 0x0000, 48},
    {0x0003, 0x0C12, 0x0EF9, 0x0000, 80},
    {0x0003, 0x0C12, 0x1CF2, 0x0000, 48},
    {0x0003, 0x0C12, 0x1CF3, 0x0000, 48},
    {0x0003, 0x0C12, 0x1CF4, 0x0000, 48},
    {0x0003, 0x0C12, 0x1CF5, 0x0000, 48},
    {0x0003, 0x0C12, 0x1CF6, 0x0000, 48},
    {0x0003, 0x0C12, 0x1E10, 0x0000, 48},
    {0x0003, 0x0C12, 0x1E11, 0x0000, 48},
    {0x0003, 0x0C12, 0x1E12, 0x0000, 48},
    {0x0003, 0x0C12, 0x1E18, 0x0000, 48},
    {0x0003, 0x0C12, 0x1E19, 0x0000, 48},
    {0x0003, 0x0C12, 0x1E1C, 0x0000, 48},
    {0x0003, 0x0C12, 0x57A8, 0x0000, 80},
    {0x0003, 0x0C12, 0x57A9, 0x0000, 48},
    {0x0003, 0x0C12, 0x57AA, 0x0000, 48},
    {0x0003, 0x0C12, 0x57AB, 0x0000, 80},
    {0x0003, 0x0C12, 0x8802, 0x0000, 185},
    {0x0003, 0x0C12, 0x880A, 0x0000, 186},
    {0x0003, 0x0C12, 0x8810, 0x0000, 187},
    {0x0003, 0x0C12, 0xF11C, 0x0000, 80},
    {0x0003, 0x0C45, 0x4320, 0x0000, 105},
    {0x0003, 0x0CA3, 0x0024, 0x0000, 188},
    {0x0003, 0x0CA3, 0x0025, 0x0000, 189},
    {0x0003, 0x0CA3, 0x0027, 0x0000, 190},
    {0x0003, 0x0CA3, 0x0028, 0x0000, 191},
    {0x0003, 0x0D28, 0x0202, 0x0000, 192},
    {0x0003, 0x0D9D, 0x3011, 0x0000, 193},
    {0x0003, 0x0D9D, 0x3013, 0x0000, 193},
    {0x0003, 0x0E12, 0x0C12, 0x0000, 48},
    {0x0003, 0x0E16, 0x0C12, 0x0000, 48},
    {0x0003, 0x0E19, 0x1001, 0x0000, 194},
    {0x0003, 0x0E4C, 0x3510, 0x0000, 185},
    {0x0003, 0x0E6A, 0x4011, 0x0000, 195},
    {0x0003, 0x0E6F, 0x0003, 0x0000, 196},
    {0x0003, 0x0E6F, 0x0109, 0x0000, 0},
    {0x0003, 0x0E6F, 0x0111, 0x0000, 11},
    {0x0003, 0x0E6F, 0x0113, 0x0000, 25},
    {0x0003, 0x0E6F, 0x0114, 0x0000, 11},
    {0x0003, 0x0E6F, 0x0119, 0x0000, 11},
    {0x0003, 0x0E6F, 0x011A, 0x0000, 11},
    {0x0003, 0x0E6F, 0x011E, 0x0000, 11},
    {0x0003, 0x0E6F, 0x011F, 0x0000, 150},
    {0x0003, 0x0E6F, 0x0124, 0x0000, 0},
    {0x0003, 0x0E6F, 0x0128, 0x0000, 11},
    {0x0003, 0x0E6F, 0x012F, 0x0000, 11},
    {0x0003, 0x0E6F, 0x0130, 0x0000, 11},
    {0x0003, 0x0E6F, 0x0132, 0x0000, 11},
    {0x0003, 0x0E6F, 0x0139, 0x0000, 25},
    {0x0003, 0x0E6F, 0x0146, 0x0000, 25},
    {0x0003, 0x0E6F, 0x0164, 0x0000, 197},
    {0x0003, 0x0E6F, 0x0180, 0x0000, 11},
    {0x0003, 0x0E6F, 0x0181, 0x0000, 11},
    {0x0003, 0x0E6F, 0x0184, 0x0000, 11},
    {0x0003, 0x0E6F, 0x0185, 0x0000, 198},
    {0x0003, 0x0E6F, 0x0187, 0x0000, 11},
    {0x0003, 0x0E6F, 0x0188, 0x0000, 11},
    {0x0003, 0x0E6F, 0x0189, 0x0000, 11},
    {0x0003, 0x0E6F, 0x0203, 0x0000, 0},
    {0x0003, 0x0E6F, 0x0207, 0x0000, 199},
    {0x0003, 0x0E6F, 0x0213, 0x0000, 25},
    {0x0003, 0x0E6F, 0x0214, 0x0000, 11},
    {0x0003, 0x0E6F, 0x02A8, 0x0000, 25},
    {0x0003, 0x0E6F, 0x02C8, 0x0000, 200},
    {0x0003, 0x0E6F, 0x0301, 0x0000, 25},
    {0x0003, 0x0E6F, 0x0401, 0x0000, 25},
    {0x0003, 0x0E6F, 0x0413, 0x0000, 25},
    {0x0003, 0x0E6F, 0x1113, 0x0000, 201},
    {0x0003, 0x0E6F, 0x1314, 0x0000, 11},
    {0x0003, 0x0E6F, 0x6302, 0x0000, 11},
    {0x0003, 0x0E8F, 0x0003, 0x0000, 7},
    {0x0003, 0x0E8F, 0x0008, 0x0000, 6},
    {0x0003, 0x0E8F, 0x0012, 0x0000, 202},
    {0x0003, 0x0E8F, 0x0013, 0x0000, 203},
    {0x0003, 0x0E8F, 0x0041, 0x0000, 204},
    {0x0003, 0x0E8F, 0x1006, 0x0000, 205},
    {0x0003, 0x0E8F, 0x1009, 0x0000, 206},
    {0x0003, 0x0E8F, 0x1114, 0x0000, 8},
    {0x0003, 0x0E8F, 0x3010, 0x0000, 207},
    {0x0003, 0x0E8F, 0x3013, 0x0000, 208},
    {0x0003, 0x0E8F, 0x3075, 0x0000, 209},
    {0x0003, 0x0E8F, 0x310D, 0x0000, 11},
    {0x0003, 0x0E8F, 0x310F, 0x0000, 210},
    {0x0003, 0x0E8F, 0x3114, 0x0000, 11},
    {0x0003, 0x0F00, 0x0001, 0x0000, 211},
    {0x0003, 0x0F0D, 0x0009, 0x0000, 11},
    {0x0003, 0x0F0D, 0x000A, 0x0000, 212},
    {0x0003, 0x0F0D, 0x000C, 0x0000, 140},
    {0x0003, 0x0F0D, 0x000D, 0x0000, 185},
    {0x0003, 0x0F0D, 0x0010, 0x0000, 44},
    {0x0003, 0x0F0D, 0x0011, 0x0000, 213},
    {0x0003, 0x0F0D, 0x0013, 0x0000, 44},
    {0x0003, 0x0F0D, 0x001B, 0x0000, 212},
    {0x0003, 0x0F0D, 0x0021, 0x0000, 44},
    {0x0003, 0x0F0D, 0x0022, 0x0000, 137},
    {0x0003, 0x0F0D, 0x0025, 0x0000, 0},
    {0x0003, 0x0F0D, 0x0026, 0x0000, 44},
    {0x0003, 0x0F0D, 0x0027, 0x0000, 0},
    {0x0003, 0x0F0D, 0x002D, 0x0000, 137},
    {0x0003, 0x0F0D, 0x0032, 0x0000, 44},
    {0x0003, 0x0F0D, 0x003D, 0x0000, 214},
    {0x0003, 0x0F0D, 0x0040, 0x0000, 215},
    {0x0003, 0x0F0D, 0x0042, 0x0000, 44},
    {0x0003, 0x0F0D, 0x0049, 0x0000, 11},
    {0x0003, 0x0F0D, 0x004B, 0x0000, 44},
    {0x0003, 0x0F0D, 0x004D, 0x0000, 11},
    {0x0003, 0x0F0D, 0x0051, 0x0000, 44},
    {0x0003, 0x0F0D, 0x0054, 0x0000, 11},
    {0x0003, 0x0F0D, 0x0055, 0x0000, 48},
    {0x0003, 0x0F0D, 0x005B, 0x0000, 12},
    {0x0003, 0x0F0D, 0x005C, 0x0000, 11},
    {0x0003, 0x0F0D, 0x005E, 0x0000, 147},
    {0x0003, 0x0F0D, 0x005F, 0x0000, 137},
    {0x0003, 0x0F0D, 0x0064, 0x0000, 44},
    {0x0003, 0x0F0D, 0x0066, 0x0000, 48},
    {0x0003, 0x0F0D, 0x0067, 0x0000, 200},
    {0x0003, 0x0F0D, 0x006A, 0x0000, 48},
    {0x0003, 0x0F0D, 0x006B, 0x0000, 11},
    {0x0003, 0x0F0D, 0x006E, 0x0000, 11},
    {0x0003, 0x0F0D, 0x006F, 0x0000, 216},
    {0x0003, 0x0F0D, 0x0070, 0x0000, 213},
    {0x0003, 0x0F0D, 0x007B, 0x0000, 44},
    {0x0003, 0x0F0D, 0x0084, 0x0000, 12},
    {0x0003, 0x0F0D, 0x0085, 0x0000, 11},
    {0x0003, 0x0F0D, 0x0086, 0x0000, 25},
    {0x0003, 0x0F0D, 0x0087, 0x0000, 0},
    {0x0003, 0x0F0D, 0x0088, 0x0000, 217},
    {0x0003, 0x0F0D, 0x008A, 0x0000, 48},
    {0x0003, 0x0F0D, 0x008B, 0x0000, 11},
    {0x0003, 0x0F0D, 0x008C, 0x0000, 25},
    {0x0003, 0x0F0D, 0x0092, 0x0000, 218},
    {0x0003, 0x0F0D, 0x009C, 0x0000, 48},
    {0x0003, 0x0F0D, 0x00A0, 0x0000, 219},
    {0x0003, 0x0F0D, 0x00A5, 0x0000, 12},
    {0x0003, 0x0F0D, 0x00A6, 0x0000, 11},
    {0x0003, 0x0F0D, 0x00AA, 0x0000, 44},
    {0x0003, 0x0F0D, 0x00AD, 0x0000, 220},
    {0x0003, 0x0F0D, 0x00AE, 0x0000, 56},
    {0x0003, 0x0F0D, 0x00AF, 0x0000, 221},
    {0x0003, 0x0F0D, 0x00BA, 0x0000, 56},
    {0x0003, 0x0F0D, 0x00C0, 0x0000, 25},
    {0x0003, 0x0F0D, 0x00C1, 0x0000, 11},
    {0x0003, 0x0F0D, 0x00C9, 0x0000, 8},
    {0x0003, 0x0F0D, 0x00D8, 0x0000, 222},
    {0x0003, 0x0F0D, 0x00DC, 0x0000, 25},
    {0x0003, 0x0F0D, 0x00EE, 0x0000, 12},
    {0x0003, 0x0F0D, 0x00F6, 0x0000, 105},
    {0x0003, 0x0F0D, 0x0101, 0x0000, 8},
    {0x0003, 0x0F0D, 0x0104, 0x0000, 56},
    {0x0003, 0x0F0D, 0x0123, 0x0000, 69},
    {0x0003, 0x0F0D, 0x0137, 0x0000, 223},
    {0x0003, 0x0F0D, 0x0138, 0x0000, 224},
    {0x0003, 0x0F0D, 0x0162, 0x0000, 225},
    {0x0003, 0x0F0D, 0x0164, 0x0000, 226},
    {0x0003, 0x0F0D, 0x0196, 0x0000, 20},
    {0x0003, 0x0F0D, 0x0202, 0x0000, 227},
    {0x0003, 0x0F0D, 0x1011, 0x0000, 228},
    {0x0003, 0x0F30, 0x0107, 0x0000, 229},
    {0x0003, 0x0F30, 0x010A, 0x0000, 230},
    {0x0003, 0x0F30, 0x010B, 0x0000, 229},
    {0x0003, 0x0F30, 0x0110, 0x0000, 156},
    {0x0003, 0x0F30, 0x0111, 0x0000, 231},
    {0x0003, 0x0F30, 0x0112, 0x0000, 156},
    {0x0003, 0x0F30, 0x0202, 0x0000, 232},
    {0x0003, 0x0F30, 0x1012, 0x0000, 233},
    {0x0003, 0x0F30, 0x1100, 0x0000, 234},
    {0x0003, 0x0F30, 0x1101, 0x0000, 80},
    {0x0003, 0x0F30, 0x1102, 0x0000, 235},
    {0x0003, 0x0F30, 0x1112, 0x0000, 44},
    {0x0003, 0x0F30, 0x1116, 0x0000, 236},
    {0x0003, 0x1001, 0x0002, 0x0000, 20},
    {0x0003, 0x1002, 0x9000, 0x0000, 237},
    {0x0003, 0x1008, 0x01E5, 0x0000, 238},
    {0x0003, 0x1038, 0x1412, 0x0000, 239},
    {0x0003, 0x1038, 0x1418, 0x0000, 240},
    {0x0003, 0x1038, 0x1430, 0x0000, 60},
    {0x0003, 0x1038, 0x1431, 0x0000, 60},
    {0x0003, 0x1038, 0x1441, 0x0000, 13},
    {0x0003, 0x1080, 0x0009, 0x0000, 241},
    {0x0003, 0x10C4, 0x82C0, 0x0000, 44},
    {0x0003, 0x11C0, 0x4001, 0x0000, 48},
    {0x0003, 0x11C0, 0x5041, 0x0000, 43},
    {0x0003, 0x11C0, 0x5043, 0x0000, 242},
    {0x0003, 0x11C0, 0x5044, 0x0000, 243},
    {0x0003, 0x11C0, 0x5100, 0x0000, 69},
    {0x0003, 0x11C0, 0x5202, 0x0000, 51},
    {0x0003, 0x11C0, 0x5213, 0x0000, 244},
    {0x0003, 0x11C0, 0x5500, 0x0000, 6},
    {0x0003, 0x11C0, 0x5503, 0x0000, 8},
    {0x0003, 0x11C0, 0x5505, 0x0000, 6},
    {0x0003, 0x11C0, 0x5506, 0x0000, 6},
    {0x0003, 0x11C0, 0x9105, 0x0000, 6},
    {0x0003, 0x11C2, 0x9107, 0x0000, 6},
    {0x0003, 0x11C6, 0x0010, 0x0000, 245},
    {0x0003, 0x11C9, 0x55F0, 0x0000, 105},
    {0x0003, 0x11EC, 0xA7E1, 0x0000, 105},
    {0x0003, 0x11FF, 0x3331, 0x0000, 246},
    {0x0003, 0x11FF, 0x3340, 0x0000, 247},
    {0x0003, 0x11FF, 0x3341, 0x0000, 160},
    {0x0003, 0x11FF, 0x3347, 0x0000, 248},
    {0x0003, 0x1209, 0x2F07, 0x0000, 249},
    {0x0003, 0x1209, 0x8844, 0x0000, 250},
    {0x0003, 0x1234, 0x0004, 0x0000, 251},
    {0x0003, 0x1234, 0x0013, 0x0000, 252},
    {0x0003, 0x1234, 0xBEAD, 0x0000, 253},
    {0x0003, 0x1235, 0xAB11, 0x0000, 44},
    {0x0003, 0x1235, 0xAB12, 0x0000, 254},
    {0x0003, 0x1235, 0xAB20, 0x0000, 255},
    {0x0003, 0x1241, 0x5004, 0x0000, 256},
    {0x0003, 0x1241, 0x5044, 0x0000, 84},
    {0x0003, 0x1241, 0x5045, 0x0000, 257},
    {0x0003, 0x124B, 0x4D01, 0x0000, 258},
    {0x0003, 0x1292, 0x4643, 0x0000, 153},
    {0x0003, 0x1292, 0x464B, 0x0000, 259},
    {0x0003, 0x1292, 0x4745, 0x0000, 260},
    {0x0003, 0x1292, 0x4E47, 0x0000, 261},
    {0x0003, 0x1292, 0x5346, 0x0000, 36},
    {0x0003, 0x12AB, 0x0301, 0x0000, 150},
    {0x0003, 0x12BD, 0xC001, 0x0000, 262},
    {0x0003, 0x12BD, 0xC003, 0x0000, 8},
    {0x0003, 0x12BD, 0xD012, 0x0000, 38},
    {0x0003, 0x12BD, 0xD013, 0x0000, 263},
    {0x0003, 0x12BD, 0xD015, 0x0000, 163},
    {0x0003, 0x12BD, 0xD110, 0x0000, 135},
    {0x0003, 0x12BD, 0xE001, 0x0000, 73},
    {0x0003, 0x12BD, 0xE002, 0x0000, 206},
    {0x0003, 0x1345, 0x1000, 0x0000, 105},
    {0x0003, 0x1345, 0x3008, 0x0000, 105},
    {0x0003, 0x145F, 0x012A, 0x0000, 131},
    {0x0003, 0x145F, 0x01C5, 0x0000, 24},
    {0x0003, 0x146B, 0x0301, 0x0000, 264},
    {0x0003, 0x146B, 0x0302, 0x0000, 91},
    {0x0003, 0x146B, 0x0303, 0x0000, 91},
    {0x0003, 0x146B, 0x0611, 0x0000, 12},
    {0x0003, 0x146B, 0x0902, 0x0000, 8},
    {0x0003, 0x146B, 0x0C01, 0x0000, 91},
    {0x0003, 0x146B, 0x0D01, 0x0000, 48},
    {0x0003, 0x146B, 0x0D02, 0x0000, 48},
    {0x0003, 0x146B, 0x0D08, 0x0000, 8},
    {0x0003, 0x146B, 0x0D10, 0x0000, 11},
    {0x0003, 0x146B, 0x0D13, 0x0000, 48},
    {0x0003, 0x146B, 0x5500, 0x0000, 91},
    {0x0003, 0x146B, 0xA101, 0x0000, 265},
    {0x0003, 0x14D8, 0x6208, 0x0000, 215},
    {0x0003, 0x14D8, 0xA001, 0x0000, 8},
    {0x0003, 0x14D8, 0xCD07, 0x0000, 44},
    {0x0003, 0x14D8, 0xFACE, 0x0000, 44},
    {0x0003, 0x14FE, 0x232A, 0x0000, 266},
    {0x0003, 0x1532, 0x02A6, 0x0000, 267},
    {0x0003, 0x1532, 0x0300, 0x0000, 268},
    {0x0003, 0x1532, 0x0401, 0x0000, 48},
    {0x0003, 0x1532, 0x0402, 0x0000, 11},
    {0x0003, 0x1532, 0x0705, 0x0000, 30},
    {0x0003, 0x1532, 0x0707, 0x0000, 30},
    {0x0003, 0x1532, 0x0900, 0x0000, 269},
    {0x0003, 0x1532, 0x0A03, 0x0000, 25},
    {0x0003, 0x1532, 0x0A14, 0x0000, 25},
    {0x0003, 0x1532, 0x1000, 0x0000, 80},
    {0x0003, 0x1532, 0x1004, 0x0000, 80},
    {0x0003, 0x1532, 0x1007, 0x0000, 80},
    {0x0003, 0x1532, 0x1009, 0x0000, 80},
    {0x0003, 0x1532, 0x100A, 0x0000, 8},
    {0x0003, 0x1532, 0x1100, 0x0000, 48},
    {0x0003, 0x15E4, 0x3F10, 0x0000, 140},
    {0x0003, 0x162E, 0xBEEF, 0x0000, 270},
    {0x0003, 0x1689, 0xFD00, 0x0000, 25},
    {0x0003, 0x1689, 0xFD01, 0x0000, 271},
    {0x0003, 0x1689, 0xFE00, 0x0000, 25},
    {0x0003, 0x16C0, 0x05E1, 0x0000, 15},
    {0x0003, 0x16C0, 0x0A99, 0x0000, 272},
    {0x0003, 0x16D0, 0x0A60, 0x0000, 273},
    {0x0003, 0x16D0, 0x0D04, 0x0000, 273},
    {0x0003, 0x16D0, 0x0D05, 0x0000, 273},
    {0x0003, 0x16D0, 0x0D06, 0x0000, 273},
    {0x0003, 0x16D0, 0x0D07, 0x0000, 273},
    {0x0003, 0x1781, 0x0A96, 0x0000, 274},
    {0x0003, 0x1781, 0x0A9D, 0x0000, 275},
    {0x0003, 0x187C, 0x0600, 0x0000, 276},
    {0x0003, 0x18D1, 0x2C40, 0x0000, 277},
    {0x0003, 0x18D1, 0x9400, 0x0000, 278},
    {0x0003, 0x1915, 0x0040, 0x0000, 279},
    {0x0003, 0x1915, 0x7856, 0x0000, 30},
    {0x0003, 0x1949, 0x0402, 0x0000, 30},
    {0x0003, 0x1949, 0x0403, 0x0000, 280},
    {0x0003, 0x1949, 0x0409, 0x0000, 30},
    {0x0003, 0x1949, 0x0419, 0x0000, 281},
    {0x0003, 0x19FA, 0x0607, 0x0000, 6},
    {0x0003, 0x19FA, 0x8D91, 0x0000, 230},
    {0x0003, 0x19FA, 0xFFF0, 0x0000, 6},
    {0x0003, 0x1A15, 0x2262, 0x0000, 282},
    {0x0003, 0x1A34, 0x0203, 0x0000, 11},
    {0x0003, 0x1A34, 0x0401, 0x0000, 283},
    {0x0003, 0x1A34, 0x0801, 0x0000, 284},
    {0x0003, 0x1A34, 0x0802, 0x0000, 285},
    {0x0003, 0x1A34, 0x0806, 0x0000, 91},
    {0x0003, 0x1A34, 0x0809, 0x0000, 105},
    {0x0003, 0x1A34, 0x0823, 0x0000, 91},
    {0x0003, 0x1A34, 0x0836, 0x0000, 11},
    {0x0003, 0x1A34, 0xF705, 0x0000, 286},
    {0x0003, 0x1A5C, 0x3033, 0x0000, 287},
    {0x0003, 0x1BAD, 0x028E, 0x0000, 150},
    {0x0003, 0x1BAD, 0xF016, 0x0000, 25},
    {0x0003, 0x1BAD, 0xF023, 0x0000, 288},
    {0x0003, 0x1BAD, 0xF028, 0x0000, 142},
    {0x0003, 0x1BAD, 0xF02E, 0x0000, 289},
    {0x0003, 0x1BAD, 0xF038, 0x0000, 141},
    {0x0003, 0x1BAD, 0xF03E, 0x0000, 141},
    {0x0003, 0x1BAD, 0xF501, 0x0000, 140},
    {0x0003, 0x1BAD, 0xF502, 0x0000, 290},
    {0x0003, 0x1BAD, 0xF900, 0x0000, 140},
    {0x0003, 0x1BAD, 0xF901, 0x0000, 25},
    {0x0003, 0x1BAD, 0xFD00, 0x0000, 140},
    {0x0003, 0x1BAD, 0xFD01, 0x0000, 291},
    {0x0003, 0x1C10, 0x1C17, 0x0000, 6},
    {0x0003, 0x1C10, 0x1C18, 0x0000, 292},
    {0x0003, 0x1C1A, 0x0100, 0x0000, 293},
    {0x0003, 0x1C59, 0x0024, 0x0000, 294},
    {0x0003, 0x1C59, 0x0026, 0x0000, 295},
    {0x0003, 0x1C5A, 0x0024, 0x0000, 296},
    {0x0003, 0x1C5B, 0x0024, 0x0000, 296},
    {0x0003, 0x1C5B, 0x0025, 0x0000, 296},
    {0x0003, 0x1D51, 0x3002, 0x0000, 297},
    {0x0003, 0x1D57, 0x0020, 0x0000, 298},
    {0x0003, 0x1D57, 0x0021, 0x0000, 299},
    {0x0003, 0x1D79, 0x0009, 0x0000, 228},
    {0x0003, 0x1D79, 0x0301, 0x0000, 300},
    {0x0003, 0x1DD8, 0x000B, 0x0000, 301},
    {0x0003, 0x1DD8, 0x000E, 0x0000, 302},
    {0x0003, 0x1DD8, 0x000F, 0x0000, 303},
    {0x0003, 0x1DD8, 0x0010, 0x0000, 303},
    {0x0003, 0x1E1A, 0x0C12, 0x0000, 48},
    {0x0003, 0x1F4F, 0x0008, 0x0000, 15},
    {0x0003, 0x2002, 0x9000, 0x0000, 304},
    {0x0003, 0x2006, 0x0118, 0x0000, 305},
    {0x0003, 0x2015, 0x8201, 0x0000, 306},
    {0x0003, 0x20BC, 0x1260, 0x0000, 6},
    {0x0003, 0x20BC, 0x1263, 0x0000, 6},
    {0x0003, 0x20BC, 0x1264, 0x0000, 6},
    {0x0003, 0x20BC, 0x2163, 0x0000, 6},
    {0x0003, 0x20BC, 0x5052, 0x0000, 307},
    {0x0003, 0x20BC, 0x5500, 0x0000, 20},
    {0x0003, 0x20BC, 0x6050, 0x0000, 308},
    {0x0003, 0x20BC, 0x9100, 0x0000, 6},
    {0x0003, 0x20D6, 0x0060, 0x0000, 11},
    {0x0003, 0x20D6, 0x0DAD, 0x0000, 56},
    {0x0003, 0x20D6, 0x319F, 0x0000, 11},
    {0x0003, 0x20D6, 0x4026, 0x0000, 20},
    {0x0003, 0x20D6, 0x4033, 0x0000, 20},
    {0x0003, 0x20D6, 0x571D, 0x0000, 11},
    {0x0003, 0x20D6, 0x576D, 0x0000, 11},
    {0x0003, 0x20D6, 0x5795, 0x0000, 11},
    {0x0003, 0x20D6, 0x57C7, 0x0000, 11},
    {0x0003, 0x20D6, 0x57E5, 0x0000, 11},
    {0x0003, 0x20D6, 0x6271, 0x0000, 309},
    {0x0003, 0x20D6, 0x792A, 0x0000, 48},
    {0x0003, 0x20D6, 0x89E5, 0x0000, 309},
    {0x0003, 0x20D6, 0xA710, 0x0000, 11},
    {0x0003, 0x20D6, 0xA711, 0x0000, 11},
    {0x0003, 0x20D6, 0xA712, 0x0000, 11},
    {0x0003, 0x20D6, 0xA713, 0x0000, 11},
    {0x0003, 0x20D6, 0xA714, 0x0000, 11},
    {0x0003, 0x20D6, 0xA720, 0x0000, 11},
    {0x0003, 0x20D6, 0xCA6D, 0x0000, 11},
    {0x0003, 0x20E8, 0x5860, 0x0000, 6},
    {0x0003, 0x2185, 0x0000, 0x0000, 8},
    {0x0003, 0x2185, 0x0102, 0x0000, 8},
    {0x0003, 0x21F8, 0x0019, 0x0000, 310},
    {0x0003, 0x2222, 0x0060, 0x0000, 311},
    {0x0003, 0x22BA, 0x0107, 0x0000, 312},
    {0x0003, 0x22BA, 0x1020, 0x0000, 313},
    {0x0003, 0x2345, 0xE015, 0x0000, 91},
    {0x0003, 0x2378, 0x100A, 0x0000, 314},
    {0x0003, 0x248A, 0x8266, 0x0000, 315},
    {0x0003, 0x24C6, 0x5300, 0x0000, 140},
    {0x0003, 0x24C6, 0x531A, 0x0000, 140},
    {0x0003, 0x24C6, 0x543A, 0x0000, 25},
    {0x0003, 0x24C6, 0x5B02, 0x0000, 25},
    {0x0003, 0x24C6, 0x5D04, 0x0000, 25},
    {0x0003, 0x24C6, 0x891A, 0x0000, 20},
    {0x0003, 0x24C6, 0x891B, 0x0000, 20},
    {0x0003, 0x24C6, 0x892A, 0x0000, 13},
    {0x0003, 0x24C6, 0x892B, 0x0000, 20},
    {0x0003, 0x24C6, 0xFAFD, 0x0000, 56},
    {0x0003, 0x24C6, 0xFAFE, 0x0000, 316},
    {0x0003, 0x2563, 0x0523, 0x0000, 6},
    {0x0003, 0x2563, 0x0526, 0x0000, 20},
    {0x0003, 0x2563, 0x0527, 0x0000, 317},
    {0x0003, 0x2563, 0x0575, 0x0000, 24},
    {0x0003, 0x2563, 0x0578, 0x0000, 318},
    {0x0003, 0x2563, 0x0623, 0x0000, 319},
    {0x0003, 0x2563, 0x0676, 0x0000, 320},
    {0x0003, 0x25B6, 0x0001, 0x0000, 321},
    {0x0003, 0x25F0, 0x83C1, 0x0000, 11},
    {0x0003, 0x25F0, 0x83C2, 0x0000, 24},
    {0x0003, 0x25F0, 0x83C3, 0x0000, 6},
    {0x0003, 0x25F0, 0x83C4, 0x0000, 6},
    {0x0003, 0x25F0, 0xC121, 0x0000, 6},
    {0x0003, 0x25F0, 0xC131, 0x0000, 6},
    {0x0003, 0x2717, 0x3144, 0x0000, 322},
    {0x0003, 0x2717, 0x5033, 0x0000, 323},
    {0x0003, 0x27F8, 0x0BBF, 0x0000, 324},
    {0x0003, 0x2810, 0x0009, 0x0000, 325},
    {0x0003, 0x2836, 0x0001, 0x0000, 326},
    {0x0003, 0x2888, 0x0503, 0x0000, 327},
    {0x0003, 0x288B, 0x0003, 0x0000, 275},
    {0x0003, 0x289B, 0x0002, 0x0000, 328},
    {0x0003, 0x289B, 0x0003, 0x0000, 275},
    {0x0003, 0x289B, 0x0005, 0x0000, 75},
    {0x0003, 0x289B, 0x0008, 0x0000, 329},
    {0x0003, 0x289B, 0x0018, 0x0000, 330},
    {0x0003, 0x289B, 0x001E, 0x0000, 331},
    {0x0003, 0x289B, 0x0023, 0x0000, 332},
    {0x0003, 0x289B, 0x0026, 0x0000, 333},
    {0x0003, 0x289B, 0x002B, 0x0000, 334},
    {0x0003, 0x289B, 0x002C, 0x0000, 334},
    {0x0003, 0x289B, 0x002E, 0x0000, 333},
    {0x0003, 0x289B, 0x002F, 0x0000, 333},
    {0x0003, 0x289B, 0x0032, 0x0000, 335},
    {0x0003, 0x289B, 0x003C, 0x0000, 336},
    {0x0003, 0x289B, 0x0043, 0x0000, 337},
    {0x0003, 0x289B, 0x0044, 0x0000, 338},
    {0x0003, 0x289B, 0x0056, 0x0000, 339},
    {0x0003, 0x289B, 0x0057, 0x0000, 339},
    {0x0003, 0x289B, 0x0060, 0x0000, 335},
    {0x0003, 0x289B, 0x0061, 0x0000, 336},
    {0x0003, 0x289B, 0x0062, 0x0000, 340},
    {0x0003, 0x289B, 0x0063, 0x0000, 336},
    {0x0003, 0x289B, 0x0064, 0x0000, 336},
    {0x0003, 0x289B, 0x0069, 0x0000, 332},
    {0x0003, 0x289B, 0x0080, 0x0000, 334},
    {0x0003, 0x289B, 0x00D0, 0x0000, 341},
    {0x0003, 0x28DE, 0x11FC, 0x0000, 200},
    {0x0003, 0x28DE, 0x11FF, 0x0000, 59},
    {0x0003, 0x2C22, 0x2000, 0x0000, 342},
    {0x0003, 0x2C22, 0x2300, 0x0000, 343},
    {0x0003, 0x2C22, 0x2302, 0x0000, 11},
    {0x0003, 0x2C22, 0x2500, 0x0000, 48},
    {0x0003, 0x2DC8, 0x02E0, 0x0000, 344},
    {0x0003, 0x2DC8, 0x0651, 0x0000, 345},
    {0x0003, 0x2DC8, 0x1003, 0x0000, 346},
    {0x0003, 0x2DC8, 0x1080, 0x0000, 346},
    {0x0003, 0x2DC8, 0x2100, 0x0000, 69},
    {0x0003, 0x2DC8, 0x2101, 0x0000, 20},
    {0x0003, 0x2DC8, 0x2810, 0x0000, 347},
    {0x0003, 0x2DC8, 0x2820, 0x0000, 348},
    {0x0003, 0x2DC8, 0x2830, 0x0000, 325},
    {0x0003, 0x2DC8, 0x2840, 0x0000, 348},
    {0x0003, 0x2DC8, 0x2862, 0x0000, 325},
    {0x0003, 0x2DC8, 0x2865, 0x0000, 349},
    {0x0003, 0x2DC8, 0x2869, 0x0000, 350},
    {0x0003, 0x2DC8, 0x286A, 0x0000, 351},
    {0x0003, 0x2DC8, 0x3000, 0x0000, 325},
    {0x0003, 0x2DC8, 0x3001, 0x0000, 348},
    {0x0003, 0x2DC8, 0x3011, 0x0000, 20},
    {0x0003, 0x2DC8, 0x3012, 0x0000, 20},
    {0x0003, 0x2DC8, 0x3013, 0x0000, 352},
    {0x0003, 0x2DC8, 0x3015, 0x0000, 20},
    {0x0003, 0x2DC8, 0x3016, 0x0000, 20},
    {0x0003, 0x2DC8, 0x3017, 0x0000, 20},
    {0x0003, 0x2DC8, 0x3019, 0x0000, 353},
    {0x0003, 0x2DC8, 0x301B, 0x0000, 20},
    {0x0003, 0x2DC8, 0x301C, 0x0000, 20},
    {0x0003, 0x2DC8, 0x301D, 0x0000, 20},
    {0x0003, 0x2DC8, 0x3100, 0x0000, 354},
    {0x0003, 0x2DC8, 0x3101, 0x0000, 349},
    {0x0003, 0x2DC8, 0x3102, 0x0000, 349},
    {0x0003, 0x2DC8, 0x3103, 0x0000, 349},
    {0x0003, 0x2DC8, 0x3104, 0x0000, 349},
    {0x0003, 0x2DC8, 0x3105, 0x0000, 354},
    {0x0003, 0x2DC8, 0x310A, 0x0000, 20},
    {0x0003, 0x2DC8, 0x3230, 0x0000, 355},
    {0x0003, 0x2DC8, 0x3810, 0x0000, 348},
    {0x0003, 0x2DC8, 0x3820, 0x0000, 349},
    {0x0003, 0x2DC8, 0x3830, 0x0000, 356},
    {0x0003, 0x2DC8, 0x5001, 0x0000, 357},
    {0x0003, 0x2DC8, 0x5006, 0x0000, 358},
    {0x0003, 0x2DC8, 0x5101, 0x0000, 359},
    {0x0003, 0x2DC8, 0x5103, 0x0000, 360},
    {0x0003, 0x2DC8, 0x5104, 0x0000, 361},
    {0x0003, 0x2DC8, 0x5107, 0x0000, 362},
    {0x0003, 0x2DC8, 0x5108, 0x0000, 362},
    {0x0003, 0x2DC8, 0x5109, 0x0000, 361},
    {0x0003, 0x2DC8, 0x5111, 0x0000, 363},
    {0x0003, 0x2DC8, 0x5112, 0x0000, 363},
    {0x0003, 0x2DC8, 0x6000, 0x0000, 364},
    {0x0003, 0x2DC8, 0x6001, 0x0000, 365},
    {0x0003, 0x2DC8, 0x6002, 0x0000, 365},
    {0x0003, 0x2DC8, 0x6003, 0x0000, 363},
    {0x0003, 0x2DC8, 0x6006, 0x0000, 363},
    {0x0003, 0x2DC8, 0x6009, 0x0000, 363},
    {0x0003, 0x2DC8, 0x6012, 0x0000, 20},
    {0x0003, 0x2DC8, 0x6100, 0x0000, 365},
    {0x0003, 0x2DC8, 0x6101, 0x0000, 365},
    {0x0003, 0x2DC8, 0x6102, 0x0000, 365},
    {0x0003, 0x2DC8, 0x6103, 0x0000, 363},
    {0x0003, 0x2DC8, 0x6728, 0x0000, 366},
    {0x0003, 0x2DC8, 0x9000, 0x0000, 349},
    {0x0003, 0x2DC8, 0x9001, 0x0000, 349},
    {0x0003, 0x2DC8, 0x9002, 0x0000, 356},
    {0x0003, 0x2DC8, 0x9012, 0x0000, 325},
    {0x0003, 0x2DC8, 0x9015, 0x0000, 348},
    {0x0003, 0x2DC8, 0x9018, 0x0000, 325},
    {0x0003, 0x2DC8, 0x9020, 0x0000, 367},
    {0x0003, 0x2DC8, 0x9025, 0x0000, 368},
    {0x0003, 0x2DC8, 0xAB11, 0x0000, 349},
    {0x0003, 0x2DC8, 0xAB12, 0x0000, 369},
    {0x0003, 0x2DC8, 0xAB20, 0x0000, 348},
    {0x0003, 0x2DC8, 0xAB21, 0x0000, 325},
    {0x0003, 0x2DFA, 0x0001, 0x0000, 370},
    {0x0003, 0x2E24, 0x0BFF, 0x0000, 371},
    {0x0003, 0x2E24, 0x200A, 0x0000, 372},
    {0x0003, 0x2E24, 0x200B, 0x0000, 373},
    {0x0003, 0x2E24, 0x386A, 0x0000, 374},
    {0x0003, 0x2E24, 0x486A, 0x0000, 375},
    {0x0003, 0x2E8A, 0x10DD, 0x0000, 376},
    {0x0003, 0x2E8A, 0x10DF, 0x0000, 377},
    {0x0003, 0x2E95, 0x7725, 0x0000, 48},
    {0x0003, 0x2F24, 0x002D, 0x0000, 24},
    {0x0003, 0x2F24, 0x0037, 0x0000, 0},
    {0x0003, 0x2F24, 0x0039, 0x0000, 44},
    {0x0003, 0x2F24, 0x006E, 0x0000, 378},
    {0x0003, 0x2F24, 0x0073, 0x0000, 379},
    {0x0003, 0x2F24, 0x008A, 0x0000, 379},
    {0x0003, 0x2F24, 0x00F4, 0x0000, 380},
    {0x0003, 0x2F24, 0x00F5, 0x0000, 381},
    {0x0003, 0x2F24, 0x200A, 0x0000, 372},
    {0x0003, 0x2F24, 0xB700, 0x0000, 382},
    {0x0003, 0x3250, 0x1001, 0x0000, 383},
    {0x0003, 0x3250, 0x1002, 0x0000, 384},
    {0x0003, 0x3285, 0x0D17, 0x0000, 48},
    {0x0003, 0x3285, 0x0D19, 0x0000, 48},
    {0x0003, 0x3507, 0x0004, 0x0000, 213},
    {0x0003, 0x3537, 0x1004, 0x0000, 25},
    {0x0003, 0x3537, 0x1007, 0x0000, 20},
    {0x0003, 0x3537, 0x1022, 0x0000, 30},
    {0x0003, 0x3537, 0x1046, 0x0000, 20},
    {0x0003, 0x3537, 0x1094, 0x0000, 20},
    {0x0003, 0x3537, 0x1116, 0x0000, 20},
    {0x0003, 0x358A, 0x0102, 0x0000, 385},
    {0x0003, 0x358A, 0x0201, 0x0000, 385},
    {0x0003, 0x358A, 0x0203, 0x0000, 385},
    {0x0003, 0x358A, 0x0204, 0x0000, 385},
    {0x0003, 0x362C, 0x0001, 0x0000, 386},
    {0x0003, 0x374E, 0x0111, 0x0000, 387},
    {0x0003, 0x3820, 0x0009, 0x0000, 304},
    {0x0003, 0x38D2, 0x1010, 0x0000, 388},
    {0x0003, 0x38D2, 0x1012, 0x0000, 388},
    {0x0003, 0x5347, 0x6D61, 0x0000, 105},
    {0x0003, 0x62DD, 0xA715, 0x0000, 11},
    {0x0003, 0x62DD, 0xA716, 0x0000, 11},
    {0x0003, 0x6469, 0x6469, 0x0000, 8},
    {0x0003, 0x6666, 0x0667, 0x0000, 389},
    {0x0003, 0x6666, 0x8801, 0x0000, 110},
    {0x0003, 0x6666, 0x8802, 0x0000, 282},
    {0x0003, 0x6666, 0x8804, 0x0000, 282},
    {0x0003, 0x6708, 0x2666, 0x0000, 7},
    {0x0003, 0x7331, 0x0001, 0x0000, 69},
    {0x0003, 0x7545, 0x0104, 0x0000, 12},
    {0x0003, 0x7545, 0x1122, 0x0000, 11},
    {0x0003, 0x8000, 0x1002, 0x0000, 241},
    {0x0003, 0x8282, 0x8001, 0x0000, 390},
    {0x0003, 0x8380, 0x0003, 0x0000, 3},
    {0x0003, 0x8888, 0x0308, 0x0000, 391},
    {0x0003, 0x8888, 0x0408, 0x0000, 392},
    {0x0003, 0x9886, 0x0025, 0x0000, 48},
    {0x0003, 0xACC4, 0x801C, 0x0000, 393},
    {0x0003, 0xF000, 0x0003, 0x0000, 394},
    {0x0003, 0xF000, 0x0008, 0x0000, 395},
    {0x0003, 0xF000, 0x00F1, 0x0000, 394},
    {0x0003, 0xF766, 0x0001, 0x0000, 87},
    {0x0003, 0xFFE0, 0x0102, 0x0000, 396},
    {0x0003, 0xFFFF, 0x0000, 0x0000, 397},
};

const mwinPadDatabase mwinWindowsPadDatabase = {
    s_entries, sizeof(s_entries) / sizeof(s_entries[0]), s_mappings, s_halves,
};
